date,member_id,amount
2025-01-01,1,38.54
2025-01-02,1,31.93
2025-01-03,1,32.19
2025-01-05,1,35.99
2025-01-06,1,37.4
2025-01-08,1,42.75
2025-01-11,1,23.56
2025-01-13,1,24.02
2025-01-15,1,24.89
2025-01-17,1,42.57
2025-01-21,1,23.36
2025-01-23,1,30.73
2025-01-24,1,27.67
2025-01-25,1,36.63
2025-01-28,1,30.84
2025-01-29,1,38.06
2025-01-30,1,27.22
2025-01-31,1,23.72
2025-02-03,1,41.45
2025-02-05,1,34.39
2025-02-06,1,42.13
2025-02-10,1,42.21
2025-02-12,1,28.97
2025-02-13,1,23.41
2025-02-14,1,30.92
2025-02-16,1,27.04
2025-02-24,1,24.99
2025-02-25,1,36.34
2025-02-27,1,28.54
2025-02-28,1,30.68
2025-03-04,1,28.17
2025-03-05,1,37.17
2025-03-06,1,31.8
2025-03-07,1,40.84
2025-03-11,1,35.07
2025-03-12,1,27.12
2025-03-14,1,36.86
2025-03-17,1,25.19
2025-03-18,1,27.43
2025-03-19,1,40.59
2025-03-20,1,25.52
2025-03-21,1,41.06
2025-03-24,1,30.08
2025-03-25,1,26.36
2025-03-26,1,32.7
2025-03-28,1,27.93
2025-03-29,1,27.43
2025-03-31,1,24.38
2025-04-01,1,27.99
2025-04-04,1,42.86
2025-04-07,1,23.75
2025-04-08,1,35.66
2025-04-10,1,31.97
2025-04-11,1,34.84
2025-04-12,1,30.42
2025-04-13,1,39.0
2025-04-14,1,42.57
2025-04-15,1,39.27
2025-04-17,1,33.16
2025-04-21,1,37.18
2025-04-23,1,25.0
2025-04-25,1,33.35
2025-04-29,1,33.82
2025-05-01,1,26.56
2025-05-07,1,40.58
2025-05-08,1,28.62
2025-05-12,1,40.68
2025-05-21,1,29.15
2025-05-22,1,31.98
2025-05-24,1,23.46
2025-05-26,1,30.36
2025-05-29,1,33.84
2025-05-30,1,35.7
2025-06-03,1,41.04
2025-06-04,1,30.03
2025-06-08,1,32.98
2025-06-09,1,38.32
2025-06-10,1,42.79
2025-06-11,1,28.64
2025-06-16,1,34.43
2025-06-18,1,29.15
2025-06-19,1,28.42
2025-06-20,1,30.48
2025-06-24,1,27.24
2025-06-26,1,28.13
2025-06-27,1,29.49
2025-06-29,1,37.14
2025-06-30,1,28.97
2025-07-01,1,28.17
2025-07-03,1,23.2
2025-07-05,1,24.5
2025-07-07,1,40.66
2025-07-08,1,34.56
2025-07-09,1,36.41
2025-07-10,1,26.17
2025-07-14,1,23.87
2025-07-15,1,33.73
2025-07-16,1,39.49
2025-07-17,1,42.21
2025-07-18,1,39.77
2025-07-19,1,31.24
2025-07-21,1,25.73
2025-07-24,1,31.0
2025-07-25,1,37.83
2025-07-27,1,24.7
2025-07-28,1,36.73
2025-07-29,1,41.22
2025-07-30,1,27.85
2025-07-31,1,26.72
2025-08-05,1,37.55
2025-08-06,1,34.31
2025-08-07,1,25.48
2025-08-08,1,24.92
2025-08-09,1,29.27
2025-08-11,1,23.44
2025-08-14,1,32.3
2025-08-16,1,41.89
2025-08-18,1,23.4
2025-08-20,1,33.78
2025-08-29,1,25.64
2025-09-04,1,28.52
2025-09-05,1,30.57
2025-09-06,1,35.34
2025-09-09,1,36.6
2025-09-10,1,28.26
2025-09-11,1,36.82
2025-09-12,1,41.65
2025-09-13,1,31.38
2025-09-15,1,31.48
2025-09-16,1,34.5
2025-09-18,1,28.05
2025-09-19,1,40.27
2025-09-21,1,36.56
2025-09-23,1,30.58
2025-09-24,1,32.93
2025-09-25,1,28.99
2025-09-26,1,24.16
2025-09-29,1,42.04
2025-10-01,1,32.86
2025-10-02,1,24.92
2025-10-05,1,41.83
2025-10-07,1,41.53
2025-10-10,1,37.69
2025-10-19,1,30.95
2025-10-21,1,33.26
2025-10-22,1,34.61
2025-10-25,1,41.07
2025-10-27,1,37.12
2025-10-28,1,30.58
2025-10-30,1,29.64
2025-10-31,1,28.12
2025-11-08,1,31.02
2025-11-10,1,33.56
2025-11-11,1,38.98
2025-11-13,1,29.49
2025-11-14,1,41.41
2025-11-18,1,26.39
2025-11-19,1,28.93
2025-11-26,1,30.91
2025-11-27,1,29.75
2025-11-28,1,35.91
2025-11-30,1,28.37
2025-12-01,1,28.25
2025-12-02,1,23.74
2025-12-03,1,31.24
2025-12-05,1,25.74
2025-12-06,1,41.72
2025-12-08,1,41.3
2025-12-09,1,40.46
2025-12-10,1,26.36
2025-12-11,1,38.5
2025-12-12,1,42.61
2025-12-15,1,39.52
2025-12-16,1,24.36
2025-12-17,1,25.75
2025-12-18,1,24.59
2025-12-23,1,37.48
2025-12-25,1,27.87
2025-12-26,1,28.08
2025-12-28,1,40.49
2025-12-30,1,28.42
2025-12-31,1,32.96
2025-01-01,2,8.48
2025-01-02,2,7.26
2025-01-05,2,5.02
2025-01-09,2,5.47
2025-01-10,2,6.37
2025-01-13,2,8.7
2025-01-14,2,7.06
2025-01-16,2,7.51
2025-01-19,2,8.79
2025-01-20,2,5.98
2025-01-21,2,9.02
2025-01-22,2,6.28
2025-01-24,2,5.22
2025-01-25,2,5.44
2025-01-26,2,5.48
2025-01-28,2,6.35
2025-01-30,2,7.7
2025-01-31,2,5.71
2025-02-01,2,5.61
2025-02-03,2,5.27
2025-02-04,2,6.84
2025-02-05,2,6.43
2025-02-06,2,7.8
2025-02-07,2,8.26
2025-02-09,2,8.57
2025-02-11,2,6.06
2025-02-14,2,5.78
2025-02-18,2,6.84
2025-02-20,2,5.96
2025-02-24,2,5.35
2025-02-25,2,7.14
2025-02-26,2,6.03
2025-02-27,2,4.98
2025-02-28,2,5.79
2025-03-02,2,8.64
2025-03-03,2,7.75
2025-03-05,2,5.27
2025-03-06,2,7.36
2025-03-09,2,6.09
2025-03-10,2,7.61
2025-03-11,2,6.4
2025-03-14,2,5.33
2025-03-15,2,5.93
2025-03-16,2,5.68
2025-03-17,2,5.63
2025-03-19,2,7.1
2025-03-20,2,9.03
2025-03-21,2,6.57
2025-03-25,2,5.62
2025-03-28,2,7.3
2025-03-31,2,6.26
2025-04-01,2,7.03
2025-04-02,2,5.38
2025-04-04,2,7.34
2025-04-05,2,6.92
2025-04-07,2,6.31
2025-04-08,2,5.17
2025-04-10,2,8.3
2025-04-11,2,7.76
2025-04-14,2,6.63
2025-04-15,2,8.8
2025-04-18,2,7.97
2025-04-20,2,5.18
2025-04-22,2,8.44
2025-04-23,2,8.24
2025-04-24,2,5.59
2025-04-25,2,8.32
2025-04-28,2,8.58
2025-04-29,2,8.33
2025-04-30,2,6.48
2025-05-01,2,6.17
2025-05-04,2,8.68
2025-05-05,2,7.18
2025-05-08,2,8.85
2025-05-11,2,8.23
2025-05-13,2,8.65
2025-05-15,2,6.21
2025-05-16,2,8.02
2025-05-17,2,7.29
2025-05-20,2,8.35
2025-05-21,2,8.46
2025-05-22,2,6.57
2025-05-24,2,5.86
2025-05-29,2,5.96
2025-05-30,2,5.66
2025-06-02,2,6.84
2025-06-04,2,7.36
2025-06-05,2,7.47
2025-06-06,2,8.56
2025-06-12,2,7.32
2025-06-18,2,5.38
2025-06-21,2,8.77
2025-06-23,2,7.38
2025-06-24,2,5.13
2025-06-25,2,8.27
2025-06-26,2,6.3
2025-06-27,2,7.16
2025-06-30,2,8.0
2025-07-01,2,5.84
2025-07-02,2,5.49
2025-07-03,2,6.99
2025-07-04,2,8.74
2025-07-08,2,7.69
2025-07-09,2,8.94
2025-07-10,2,6.64
2025-07-11,2,9.09
2025-07-14,2,8.05
2025-07-15,2,8.67
2025-07-16,2,5.7
2025-07-17,2,6.88
2025-07-18,2,5.18
2025-07-21,2,6.75
2025-07-22,2,7.25
2025-07-23,2,5.66
2025-07-29,2,5.01
2025-07-30,2,7.91
2025-08-01,2,5.83
2025-08-02,2,7.72
2025-08-03,2,5.34
2025-08-05,2,7.64
2025-08-06,2,5.32
2025-08-07,2,7.93
2025-08-12,2,6.13
2025-08-14,2,5.26
2025-08-15,2,5.01
2025-08-16,2,7.35
2025-08-20,2,5.99
2025-08-21,2,7.38
2025-08-22,2,7.52
2025-08-25,2,6.14
2025-08-28,2,8.55
2025-08-29,2,8.66
2025-09-01,2,6.03
2025-09-02,2,7.56
2025-09-03,2,5.49
2025-09-07,2,6.04
2025-09-08,2,8.74
2025-09-09,2,7.32
2025-09-10,2,7.23
2025-09-13,2,4.95
2025-09-14,2,8.68
2025-09-16,2,7.42
2025-09-18,2,8.74
2025-09-19,2,6.51
2025-09-21,2,5.6
2025-09-23,2,7.43
2025-09-24,2,6.54
2025-09-25,2,6.39
2025-09-29,2,7.69
2025-10-02,2,5.03
2025-10-03,2,7.4
2025-10-04,2,6.98
2025-10-06,2,8.14
2025-10-07,2,5.22
2025-10-09,2,7.79
2025-10-10,2,5.93
2025-10-14,2,7.38
2025-10-15,2,5.28
2025-10-17,2,8.89
2025-10-19,2,7.18
2025-10-26,2,6.96
2025-10-27,2,9.05
2025-10-29,2,7.86
2025-10-31,2,7.29
2025-11-02,2,7.83
2025-11-03,2,8.78
2025-11-06,2,8.52
2025-11-10,2,7.4
2025-11-11,2,5.41
2025-11-12,2,7.82
2025-11-13,2,7.94
2025-11-14,2,6.22
2025-11-17,2,7.53
2025-11-20,2,5.0
2025-11-22,2,8.57
2025-11-27,2,8.12
2025-11-28,2,6.92
2025-12-03,2,6.67
2025-12-05,2,5.36
2025-12-08,2,5.88
2025-12-09,2,4.98
2025-12-11,2,6.51
2025-12-13,2,8.89
2025-12-15,2,6.65
2025-12-18,2,7.48
2025-12-19,2,9.06
2025-12-20,2,8.86
2025-12-23,2,5.87
2025-12-24,2,5.83
2025-12-25,2,8.17
2025-12-26,2,5.14
2025-12-31,2,6.56
2025-01-02,3,26.17
2025-01-03,3,18.35
2025-01-06,3,16.61
2025-01-08,3,17.11
2025-01-14,3,16.55
2025-01-15,3,20.32
2025-01-16,3,24.95
2025-01-17,3,16.47
2025-01-18,3,24.42
2025-01-19,3,26.64
2025-01-20,3,21.74
2025-01-21,3,26.29
2025-01-22,3,24.35
2025-01-23,3,18.92
2025-02-04,3,27.03
2025-02-06,3,26.3
2025-02-07,3,19.82
2025-02-09,3,26.2
2025-02-11,3,15.48
2025-02-12,3,23.54
2025-02-17,3,25.69
2025-02-18,3,25.45
2025-02-19,3,28.11
2025-02-20,3,23.75
2025-02-22,3,27.77
2025-02-24,3,19.37
2025-02-26,3,23.08
2025-02-27,3,23.6
2025-02-28,3,26.9
2025-03-04,3,25.41
2025-03-05,3,15.69
2025-03-06,3,21.85
2025-03-10,3,28.56
2025-03-11,3,21.36
2025-03-12,3,25.89
2025-03-14,3,16.49
2025-03-17,3,27.95
2025-03-18,3,21.11
2025-03-20,3,23.83
2025-03-21,3,19.02
2025-03-25,3,18.21
2025-03-26,3,24.0
2025-03-27,3,26.81
2025-03-28,3,28.18
2025-03-29,3,26.87
2025-04-04,3,15.83
2025-04-08,3,16.95
2025-04-09,3,24.45
2025-04-10,3,18.05
2025-04-11,3,16.25
2025-04-15,3,21.41
2025-04-16,3,16.36
2025-04-17,3,21.74
2025-04-23,3,21.74
2025-04-24,3,18.59
2025-04-26,3,21.99
2025-04-29,3,15.53
2025-04-30,3,22.23
2025-05-01,3,20.03
2025-05-02,3,16.44
2025-05-04,3,22.89
2025-05-07,3,17.61
2025-05-08,3,23.8
2025-05-10,3,27.76
2025-05-11,3,22.55
2025-05-16,3,26.16
2025-05-17,3,27.21
2025-05-20,3,23.9
2025-05-21,3,25.06
2025-05-22,3,16.2
2025-05-23,3,17.51
2025-05-25,3,28.28
2025-05-26,3,17.8
2025-05-29,3,22.73
2025-05-31,3,28.55
2025-06-03,3,24.38
2025-06-04,3,15.8
2025-06-05,3,21.51
2025-06-09,3,19.97
2025-06-10,3,28.44
2025-06-11,3,26.84
2025-06-12,3,21.19
2025-06-17,3,19.05
2025-06-18,3,27.44
2025-06-19,3,23.62
2025-06-22,3,24.85
2025-06-24,3,18.54
2025-06-26,3,26.68
2025-06-27,3,18.66
2025-06-30,3,20.14
2025-07-01,3,17.56
2025-07-02,3,28.2
2025-07-03,3,24.07
2025-07-04,3,25.61
2025-07-05,3,28.2
2025-07-07,3,16.37
2025-07-08,3,22.26
2025-07-09,3,26.34
2025-07-10,3,18.68
2025-07-13,3,17.61
2025-07-14,3,25.12
2025-07-16,3,26.54
2025-07-18,3,26.86
2025-07-19,3,16.88
2025-07-21,3,22.41
2025-07-23,3,17.01
2025-07-24,3,27.73
2025-07-25,3,22.1
2025-07-26,3,17.36
2025-07-29,3,27.96
2025-08-01,3,22.21
2025-08-04,3,15.8
2025-08-05,3,24.7
2025-08-06,3,24.29
2025-08-08,3,24.28
2025-08-11,3,24.54
2025-08-15,3,23.56
2025-08-18,3,27.69
2025-08-21,3,24.1
2025-08-22,3,24.0
2025-08-23,3,24.08
2025-08-25,3,28.3
2025-08-26,3,26.89
2025-08-28,3,25.15
2025-09-05,3,26.2
2025-09-06,3,22.59
2025-09-07,3,19.68
2025-09-08,3,20.63
2025-09-10,3,21.32
2025-09-11,3,20.33
2025-09-12,3,16.37
2025-09-16,3,20.41
2025-09-18,3,21.73
2025-09-19,3,19.9
2025-09-22,3,22.44
2025-09-28,3,17.98
2025-09-29,3,23.95
2025-10-01,3,27.64
2025-10-02,3,27.73
2025-10-03,3,16.74
2025-10-06,3,19.46
2025-10-08,3,19.51
2025-10-13,3,17.79
2025-10-15,3,22.33
2025-10-17,3,22.89
2025-10-20,3,26.04
2025-10-21,3,15.97
2025-10-27,3,18.2
2025-10-29,3,26.49
2025-10-31,3,18.53
2025-11-04,3,24.21
2025-11-05,3,23.63
2025-11-06,3,23.14
2025-11-07,3,25.13
2025-11-09,3,16.66
2025-11-10,3,23.87
2025-11-12,3,18.46
2025-11-13,3,23.25
2025-11-14,3,28.44
2025-11-15,3,24.58
2025-11-17,3,24.87
2025-11-20,3,16.77
2025-11-24,3,16.53
2025-11-26,3,19.67
2025-11-27,3,20.09
2025-11-28,3,22.25
2025-11-29,3,25.96
2025-11-30,3,22.53
2025-12-03,3,19.68
2025-12-04,3,24.24
2025-12-09,3,16.19
2025-12-10,3,28.04
2025-12-11,3,24.51
2025-12-12,3,22.47
2025-12-13,3,21.34
2025-12-15,3,24.18
2025-12-18,3,20.67
2025-12-19,3,28.5
2025-12-23,3,23.63
2025-12-24,3,25.37
2025-12-25,3,26.3
2025-12-28,3,19.4
2025-12-29,3,20.15
2025-12-30,3,27.77
2025-12-31,3,19.43
2025-01-03,4,31.64
2025-01-06,4,27.02
2025-01-07,4,27.64
2025-01-10,4,30.59
2025-01-11,4,22.33
2025-01-13,4,19.27
2025-01-14,4,22.52
2025-01-16,4,34.01
2025-01-17,4,26.67
2025-01-20,4,33.45
2025-01-22,4,34.34
2025-01-25,4,26.65
2025-01-27,4,20.2
2025-01-29,4,28.53
2025-02-03,4,19.19
2025-02-05,4,25.16
2025-02-06,4,22.01
2025-02-07,4,26.75
2025-02-10,4,25.87
2025-02-11,4,20.11
2025-02-13,4,21.78
2025-02-17,4,22.67
2025-02-18,4,21.71
2025-02-25,4,27.41
2025-02-26,4,21.77
2025-02-27,4,34.51
2025-02-28,4,21.07
2025-03-03,4,29.93
2025-03-04,4,28.93
2025-03-05,4,32.42
2025-03-07,4,19.95
2025-03-08,4,24.92
2025-03-11,4,23.21
2025-03-12,4,20.96
2025-03-14,4,29.46
2025-03-18,4,34.39
2025-03-19,4,20.55
2025-03-23,4,23.43
2025-03-25,4,31.55
2025-03-27,4,25.16
2025-03-28,4,22.58
2025-04-01,4,34.91
2025-04-02,4,19.67
2025-04-03,4,30.99
2025-04-06,4,19.48
2025-04-07,4,25.18
2025-04-08,4,34.96
2025-04-14,4,32.35
2025-04-15,4,25.77
2025-04-16,4,27.24
2025-04-19,4,34.71
2025-04-21,4,23.04
2025-04-22,4,20.02
2025-04-24,4,33.41
2025-04-25,4,20.93
2025-04-27,4,26.77
2025-04-29,4,28.89
2025-04-30,4,19.61
2025-05-01,4,28.6
2025-05-02,4,24.99
2025-05-05,4,23.34
2025-05-08,4,19.11
2025-05-13,4,27.71
2025-05-15,4,34.75
2025-05-18,4,19.77
2025-05-19,4,31.1
2025-05-20,4,27.64
2025-05-22,4,30.0
2025-05-23,4,34.54
2025-05-25,4,24.45
2025-05-26,4,31.18
2025-05-29,4,21.36
2025-05-30,4,28.25
2025-06-02,4,27.94
2025-06-06,4,22.04
2025-06-09,4,30.93
2025-06-13,4,27.63
2025-06-18,4,31.04
2025-06-23,4,27.03
2025-06-24,4,25.14
2025-06-27,4,21.13
2025-06-29,4,21.79
2025-06-30,4,21.6
2025-07-01,4,25.18
2025-07-02,4,33.06
2025-07-03,4,30.62
2025-07-04,4,22.55
2025-07-06,4,26.78
2025-07-07,4,28.65
2025-07-08,4,24.12
2025-07-10,4,30.17
2025-07-13,4,32.27
2025-07-14,4,24.95
2025-07-15,4,30.82
2025-07-16,4,24.92
2025-07-17,4,31.88
2025-07-21,4,29.23
2025-07-22,4,21.79
2025-07-28,4,28.06
2025-07-30,4,30.24
2025-07-31,4,28.4
2025-08-04,4,32.71
2025-08-05,4,25.01
2025-08-06,4,26.69
2025-08-07,4,34.09
2025-08-10,4,33.54
2025-08-13,4,19.83
2025-08-14,4,21.03
2025-08-15,4,33.85
2025-08-17,4,23.48
2025-08-18,4,19.49
2025-08-19,4,23.36
2025-08-22,4,25.85
2025-08-25,4,32.72
2025-08-26,4,28.94
2025-08-27,4,24.5
2025-08-28,4,31.4
2025-08-29,4,22.74
2025-09-01,4,33.19
2025-09-02,4,32.31
2025-09-05,4,34.77
2025-09-06,4,30.65
2025-09-07,4,24.38
2025-09-08,4,34.24
2025-09-10,4,19.26
2025-09-12,4,20.34
2025-09-16,4,25.44
2025-09-17,4,31.73
2025-09-18,4,28.83
2025-09-19,4,32.62
2025-09-21,4,29.66
2025-09-22,4,20.48
2025-09-24,4,31.04
2025-09-25,4,31.65
2025-09-26,4,24.67
2025-09-29,4,24.4
2025-10-01,4,31.19
2025-10-03,4,20.95
2025-10-05,4,23.04
2025-10-07,4,31.06
2025-10-08,4,27.85
2025-10-09,4,24.47
2025-10-10,4,25.23
2025-10-13,4,25.34
2025-10-14,4,26.05
2025-10-15,4,21.92
2025-10-16,4,24.68
2025-10-21,4,33.43
2025-10-22,4,26.15
2025-10-23,4,21.59
2025-10-27,4,27.11
2025-10-28,4,19.44
2025-10-29,4,30.77
2025-10-31,4,31.84
2025-11-03,4,30.88
2025-11-04,4,34.91
2025-11-05,4,20.88
2025-11-07,4,35.05
2025-11-10,4,30.03
2025-11-11,4,19.38
2025-11-13,4,25.04
2025-11-18,4,31.21
2025-11-26,4,22.86
2025-11-27,4,20.31
2025-12-02,4,28.84
2025-12-03,4,28.25
2025-12-08,4,30.88
2025-12-09,4,24.0
2025-12-10,4,29.94
2025-12-11,4,29.52
2025-12-13,4,20.15
2025-12-16,4,24.74
2025-12-17,4,31.26
2025-12-18,4,31.2
2025-12-20,4,31.98
2025-12-21,4,33.46
2025-12-24,4,21.64
2025-12-25,4,25.05
2025-12-26,4,25.08
2025-12-27,4,25.59
2025-12-29,4,19.19
2025-12-30,4,19.34
2025-01-02,5,32.41
2025-01-05,5,33.22
2025-01-07,5,31.14
2025-01-08,5,31.81
2025-01-09,5,29.18
2025-01-10,5,19.71
2025-01-11,5,18.39
2025-01-13,5,27.53
2025-01-14,5,22.88
2025-01-16,5,32.29
2025-01-21,5,19.43
2025-01-22,5,30.6
2025-01-23,5,27.29
2025-01-27,5,31.17
2025-01-28,5,19.99
2025-01-29,5,32.39
2025-02-03,5,24.91
2025-02-04,5,24.98
2025-02-11,5,29.16
2025-02-12,5,26.19
2025-02-13,5,24.2
2025-02-14,5,28.37
2025-02-18,5,28.09
2025-02-19,5,22.17
2025-02-20,5,25.57
2025-02-21,5,20.38
2025-02-24,5,25.72
2025-02-25,5,27.73
2025-02-26,5,21.43
2025-02-27,5,18.29
2025-02-28,5,21.62
2025-03-01,5,19.89
2025-03-04,5,26.2
2025-03-05,5,32.74
2025-03-06,5,19.56
2025-03-08,5,23.59
2025-03-11,5,29.16
2025-03-13,5,22.49
2025-03-14,5,24.78
2025-03-19,5,31.05
2025-03-22,5,28.13
2025-03-23,5,22.22
2025-03-24,5,27.62
2025-03-26,5,24.19
2025-03-27,5,23.96
2025-03-28,5,24.74
2025-03-30,5,19.45
2025-03-31,5,32.89
2025-04-03,5,27.46
2025-04-04,5,28.12
2025-04-09,5,32.28
2025-04-10,5,26.53
2025-04-11,5,18.38
2025-04-14,5,27.2
2025-04-15,5,20.12
2025-04-16,5,23.55
2025-04-21,5,28.7
2025-04-22,5,22.98
2025-04-24,5,30.65
2025-04-28,5,23.17
2025-04-29,5,23.99
2025-05-04,5,24.92
2025-05-05,5,32.09
2025-05-06,5,20.61
2025-05-07,5,28.27
2025-05-09,5,19.32
2025-05-14,5,21.6
2025-05-16,5,28.94
2025-05-17,5,25.78
2025-05-18,5,26.09
2025-05-20,5,18.81
2025-05-21,5,24.25
2025-05-22,5,18.56
2025-05-27,5,33.11
2025-05-28,5,32.06
2025-06-03,5,24.21
2025-06-04,5,26.65
2025-06-05,5,26.84
2025-06-06,5,30.09
2025-06-09,5,22.25
2025-06-10,5,19.1
2025-06-11,5,22.42
2025-06-13,5,23.62
2025-06-15,5,25.13
2025-06-17,5,24.47
2025-06-23,5,24.36
2025-06-24,5,25.62
2025-06-25,5,21.75
2025-07-01,5,30.53
2025-07-02,5,30.59
2025-07-03,5,31.88
2025-07-05,5,25.42
2025-07-07,5,31.67
2025-07-08,5,24.06
2025-07-09,5,21.37
2025-07-11,5,26.18
2025-07-16,5,31.11
2025-07-18,5,33.11
2025-07-19,5,19.9
2025-07-21,5,31.41
2025-07-23,5,31.98
2025-07-24,5,26.16
2025-07-27,5,25.64
2025-07-31,5,22.87
2025-08-01,5,30.75
2025-08-03,5,33.14
2025-08-04,5,33.77
2025-08-07,5,18.42
2025-08-11,5,29.95
2025-08-17,5,25.81
2025-08-18,5,24.56
2025-08-19,5,19.23
2025-08-20,5,19.93
2025-08-23,5,33.1
2025-08-25,5,19.4
2025-08-26,5,30.59
2025-08-28,5,19.34
2025-08-29,5,22.81
2025-08-30,5,22.58
2025-09-02,5,32.34
2025-09-03,5,25.63
2025-09-04,5,28.19
2025-09-09,5,32.06
2025-09-10,5,25.21
2025-09-11,5,27.95
2025-09-12,5,28.85
2025-09-13,5,29.34
2025-09-16,5,26.31
2025-09-17,5,30.3
2025-09-18,5,25.95
2025-09-19,5,20.29
2025-09-21,5,29.88
2025-09-22,5,18.2
2025-09-23,5,18.93
2025-09-24,5,29.23
2025-09-25,5,31.29
2025-09-26,5,22.05
2025-09-29,5,23.82
2025-09-30,5,31.35
2025-10-01,5,30.51
2025-10-03,5,32.4
2025-10-06,5,28.92
2025-10-07,5,24.25
2025-10-10,5,20.8
2025-10-17,5,19.84
2025-10-20,5,23.82
2025-10-22,5,24.95
2025-10-23,5,21.46
2025-10-24,5,23.97
2025-10-25,5,30.17
2025-10-29,5,28.45
2025-10-30,5,31.93
2025-10-31,5,28.77
2025-11-03,5,28.37
2025-11-05,5,28.26
2025-11-06,5,29.33
2025-11-07,5,32.09
2025-11-10,5,19.94
2025-11-11,5,22.37
2025-11-13,5,24.11
2025-11-14,5,18.5
2025-11-15,5,24.65
2025-11-17,5,26.48
2025-11-18,5,18.35
2025-11-19,5,33.23
2025-11-20,5,28.77
2025-11-21,5,30.27
2025-11-25,5,18.46
2025-11-28,5,22.34
2025-11-29,5,22.78
2025-12-01,5,23.63
2025-12-02,5,18.22
2025-12-03,5,28.28
2025-12-06,5,32.22
2025-12-09,5,24.41
2025-12-10,5,19.22
2025-12-11,5,22.05
2025-12-12,5,29.86
2025-12-14,5,33.14
2025-12-18,5,33.22
2025-12-19,5,23.9
2025-12-20,5,21.25
2025-12-21,5,27.91
2025-12-23,5,20.49
2025-12-26,5,28.72
2025-12-30,5,25.53
2025-01-01,6,21.14
2025-01-03,6,23.42
2025-01-06,6,30.01
2025-01-08,6,25.94
2025-01-10,6,30.84
2025-01-12,6,23.98
2025-01-13,6,24.77
2025-01-14,6,36.19
2025-01-18,6,38.29
2025-01-19,6,38.13
2025-01-23,6,25.67
2025-01-24,6,31.68
2025-01-25,6,32.2
2025-01-27,6,35.27
2025-01-31,6,38.59
2025-02-02,6,29.58
2025-02-04,6,32.53
2025-02-06,6,31.17
2025-02-09,6,21.16
2025-02-10,6,37.67
2025-02-11,6,32.42
2025-02-12,6,26.79
2025-02-15,6,28.72
2025-02-16,6,29.66
2025-02-18,6,26.2
2025-02-19,6,37.55
2025-02-21,6,34.7
2025-02-27,6,27.43
2025-03-03,6,32.82
2025-03-04,6,24.45
2025-03-06,6,30.11
2025-03-07,6,21.7
2025-03-08,6,24.15
2025-03-10,6,38.11
2025-03-11,6,28.86
2025-03-12,6,30.3
2025-03-14,6,27.35
2025-03-18,6,35.05
2025-03-19,6,29.96
2025-03-20,6,31.64
2025-03-21,6,26.97
2025-03-23,6,22.28
2025-03-24,6,37.93
2025-03-25,6,28.37
2025-03-28,6,33.49
2025-03-31,6,36.77
2025-04-01,6,26.08
2025-04-02,6,21.68
2025-04-03,6,34.78
2025-04-04,6,28.5
2025-04-06,6,38.52
2025-04-07,6,26.48
2025-04-08,6,25.15
2025-04-09,6,34.13
2025-04-11,6,32.93
2025-04-14,6,26.45
2025-04-15,6,33.83
2025-04-17,6,27.68
2025-04-22,6,31.63
2025-04-24,6,30.8
2025-04-26,6,35.05
2025-04-29,6,25.78
2025-05-01,6,33.86
2025-05-03,6,30.25
2025-05-05,6,37.79
2025-05-09,6,37.58
2025-05-13,6,35.53
2025-05-14,6,27.22
2025-05-15,6,38.61
2025-05-19,6,38.05
2025-05-20,6,27.85
2025-05-21,6,35.15
2025-05-23,6,21.45
2025-05-25,6,33.67
2025-05-27,6,25.23
2025-05-30,6,38.41
2025-05-31,6,30.09
2025-06-03,6,35.4
2025-06-04,6,28.14
2025-06-05,6,36.58
2025-06-06,6,26.58
2025-06-11,6,32.25
2025-06-12,6,35.99
2025-06-14,6,33.13
2025-06-15,6,30.88
2025-06-16,6,26.52
2025-06-17,6,32.18
2025-06-18,6,34.19
2025-06-19,6,22.23
2025-06-24,6,22.02
2025-06-25,6,38.0
2025-06-29,6,28.53
2025-07-01,6,26.0
2025-07-02,6,28.78
2025-07-04,6,30.34
2025-07-05,6,38.47
2025-07-06,6,28.26
2025-07-09,6,27.24
2025-07-10,6,25.76
2025-07-11,6,29.69
2025-07-17,6,22.36
2025-07-20,6,31.78
2025-07-23,6,21.27
2025-07-25,6,33.17
2025-07-28,6,25.88
2025-07-29,6,36.59
2025-07-31,6,23.79
2025-08-04,6,31.58
2025-08-07,6,21.28
2025-08-08,6,25.56
2025-08-11,6,36.12
2025-08-12,6,33.1
2025-08-14,6,21.15
2025-08-15,6,22.67
2025-08-18,6,25.66
2025-08-19,6,34.02
2025-08-20,6,31.61
2025-08-23,6,33.85
2025-08-24,6,24.59
2025-08-27,6,25.47
2025-08-28,6,25.87
2025-08-29,6,22.13
2025-09-03,6,38.13
2025-09-08,6,24.61
2025-09-12,6,22.23
2025-09-15,6,30.69
2025-09-16,6,27.63
2025-09-22,6,33.7
2025-09-23,6,28.97
2025-09-26,6,35.85
2025-09-29,6,26.42
2025-09-30,6,22.01
2025-10-01,6,37.69
2025-10-02,6,34.76
2025-10-03,6,32.79
2025-10-05,6,23.89
2025-10-06,6,24.34
2025-10-11,6,26.21
2025-10-13,6,30.27
2025-10-14,6,27.42
2025-10-15,6,35.91
2025-10-17,6,37.45
2025-10-20,6,30.1
2025-10-23,6,28.07
2025-10-24,6,30.06
2025-10-25,6,36.46
2025-10-30,6,31.99
2025-10-31,6,33.13
2025-11-01,6,33.49
2025-11-02,6,23.12
2025-11-03,6,21.04
2025-11-06,6,23.9
2025-11-07,6,21.34
2025-11-08,6,37.04
2025-11-09,6,27.38
2025-11-10,6,25.0
2025-11-11,6,31.94
2025-11-12,6,22.04
2025-11-13,6,25.22
2025-11-14,6,38.28
2025-11-17,6,28.72
2025-11-18,6,33.54
2025-11-20,6,30.0
2025-11-21,6,36.67
2025-11-24,6,31.9
2025-11-25,6,27.07
2025-11-26,6,33.46
2025-11-27,6,28.05
2025-11-29,6,30.14
2025-12-01,6,35.27
2025-12-02,6,29.54
2025-12-03,6,32.31
2025-12-05,6,21.18
2025-12-11,6,27.01
2025-12-14,6,36.39
2025-12-16,6,22.36
2025-12-17,6,35.46
2025-12-19,6,22.21
2025-12-22,6,38.43
2025-12-23,6,32.67
2025-12-24,6,27.76
2025-12-26,6,38.95
2025-12-29,6,27.31
2025-12-30,6,22.24
2025-12-31,6,29.36
2025-01-03,7,12.46
2025-01-06,7,17.74
2025-01-08,7,11.1
2025-01-10,7,17.54
2025-01-13,7,11.76
2025-01-17,7,12.25
2025-01-22,7,16.39
2025-01-24,7,16.19
2025-01-25,7,14.77
2025-01-27,7,12.32
2025-01-28,7,12.67
2025-01-29,7,14.32
2025-01-31,7,12.19
2025-02-01,7,16.77
2025-02-06,7,16.73
2025-02-07,7,18.95
2025-02-10,7,12.22
2025-02-12,7,15.86
2025-02-13,7,16.46
2025-02-17,7,11.3
2025-02-19,7,14.39
2025-02-20,7,12.84
2025-02-21,7,18.41
2025-02-22,7,15.52
2025-02-23,7,16.5
2025-02-24,7,18.58
2025-02-26,7,18.61
2025-03-02,7,15.69
2025-03-03,7,11.35
2025-03-05,7,17.23
2025-03-09,7,10.86
2025-03-10,7,11.67
2025-03-11,7,13.74
2025-03-13,7,13.32
2025-03-15,7,10.63
2025-03-19,7,18.03
2025-03-21,7,16.12
2025-03-24,7,19.42
2025-03-26,7,16.87
2025-03-27,7,12.56
2025-03-28,7,18.85
2025-03-31,7,12.4
2025-04-07,7,14.59
2025-04-10,7,18.98
2025-04-11,7,15.0
2025-04-15,7,11.91
2025-04-17,7,12.11
2025-04-22,7,10.67
2025-04-29,7,14.9
2025-04-30,7,11.88
2025-05-01,7,12.99
2025-05-05,7,10.97
2025-05-06,7,14.31
2025-05-07,7,15.96
2025-05-11,7,18.27
2025-05-13,7,17.14
2025-05-14,7,17.72
2025-05-16,7,18.58
2025-05-19,7,18.13
2025-05-20,7,13.52
2025-05-21,7,19.28
2025-05-25,7,13.97
2025-05-26,7,12.4
2025-05-27,7,14.72
2025-05-28,7,11.41
2025-05-29,7,11.83
2025-06-02,7,13.01
2025-06-04,7,13.19
2025-06-05,7,11.67
2025-06-06,7,13.7
2025-06-08,7,12.39
2025-06-10,7,13.58
2025-06-12,7,11.24
2025-06-13,7,13.22
2025-06-16,7,15.73
2025-06-17,7,11.8
2025-06-19,7,14.89
2025-06-20,7,14.64
2025-06-23,7,14.27
2025-06-24,7,17.03
2025-06-25,7,16.5
2025-07-03,7,12.26
2025-07-04,7,17.17
2025-07-08,7,18.24
2025-07-09,7,13.45
2025-07-10,7,17.36
2025-07-11,7,12.27
2025-07-13,7,15.61
2025-07-14,7,14.91
2025-07-16,7,15.47
2025-07-17,7,16.46
2025-07-18,7,15.64
2025-07-19,7,13.01
2025-07-20,7,12.15
2025-07-22,7,18.84
2025-07-24,7,11.79
2025-07-25,7,17.68
2025-07-27,7,15.51
2025-07-30,7,16.55
2025-07-31,7,12.46
2025-08-02,7,12.87
2025-08-03,7,18.34
2025-08-07,7,14.62
2025-08-08,7,11.34
2025-08-11,7,13.12
2025-08-12,7,12.64
2025-08-14,7,14.7
2025-08-16,7,14.89
2025-08-18,7,19.5
2025-08-20,7,17.95
2025-08-21,7,10.77
2025-08-22,7,13.56
2025-08-26,7,15.01
2025-08-27,7,10.81
2025-08-28,7,14.44
2025-08-30,7,10.72
2025-09-01,7,10.95
2025-09-03,7,15.97
2025-09-04,7,12.06
2025-09-05,7,17.71
2025-09-08,7,17.45
2025-09-09,7,16.6
2025-09-10,7,18.86
2025-09-11,7,11.1
2025-09-12,7,17.94
2025-09-15,7,13.61
2025-09-16,7,19.15
2025-09-19,7,16.0
2025-09-26,7,13.03
2025-09-28,7,16.94
2025-10-02,7,13.56
2025-10-03,7,14.49
2025-10-08,7,13.85
2025-10-10,7,11.33
2025-10-11,7,15.86
2025-10-12,7,19.21
2025-10-13,7,15.01
2025-10-14,7,14.74
2025-10-22,7,10.56
2025-10-23,7,16.47
2025-10-24,7,14.12
2025-10-28,7,16.72
2025-10-29,7,12.22
2025-10-30,7,13.58
2025-10-31,7,17.98
2025-11-01,7,17.11
2025-11-03,7,14.94
2025-11-04,7,15.86
2025-11-05,7,11.98
2025-11-06,7,15.42
2025-11-13,7,16.41
2025-11-17,7,17.94
2025-11-19,7,15.69
2025-11-20,7,11.57
2025-11-22,7,11.11
2025-11-25,7,16.43
2025-11-26,7,11.43
2025-11-27,7,15.61
2025-11-28,7,18.94
2025-12-01,7,19.23
2025-12-02,7,13.63
2025-12-03,7,10.97
2025-12-05,7,12.54
2025-12-08,7,13.73
2025-12-11,7,13.66
2025-12-12,7,17.75
2025-12-14,7,11.26
2025-12-15,7,14.84
2025-12-17,7,13.93
2025-12-22,7,18.89
2025-12-23,7,18.9
2025-12-25,7,10.79
2025-12-26,7,14.17
2025-12-27,7,16.41
2025-12-29,7,16.93
2025-12-30,7,14.26
2025-12-31,7,16.02
2025-01-01,8,35.6
2025-01-02,8,36.74
2025-01-06,8,33.27
2025-01-07,8,35.6
2025-01-08,8,43.11
2025-01-10,8,36.55
2025-01-11,8,30.97
2025-01-13,8,37.11
2025-01-14,8,47.88
2025-01-15,8,32.71
2025-01-16,8,44.42
2025-01-18,8,48.04
2025-01-23,8,44.91
2025-01-24,8,43.15
2025-01-28,8,46.79
2025-01-29,8,47.07
2025-01-30,8,36.17
2025-02-03,8,39.33
2025-02-04,8,40.71
2025-02-05,8,28.22
2025-02-06,8,27.45
2025-02-11,8,43.0
2025-02-14,8,45.63
2025-02-17,8,41.42
2025-02-20,8,49.26
2025-02-21,8,41.87
2025-02-22,8,34.49
2025-02-24,8,31.05
2025-02-25,8,37.08
2025-02-28,8,36.5
2025-03-01,8,27.69
2025-03-04,8,32.77
2025-03-05,8,46.84
2025-03-07,8,32.72
2025-03-10,8,28.48
2025-03-11,8,40.73
2025-03-12,8,27.97
2025-03-13,8,27.56
2025-03-16,8,41.07
2025-03-17,8,50.09
2025-03-18,8,33.74
2025-03-20,8,48.46
2025-03-21,8,40.17
2025-03-22,8,37.27
2025-03-25,8,32.59
2025-03-28,8,37.83
2025-03-31,8,32.24
2025-04-02,8,38.83
2025-04-03,8,35.12
2025-04-04,8,39.7
2025-04-05,8,40.68
2025-04-08,8,30.79
2025-04-09,8,35.75
2025-04-10,8,43.2
2025-04-11,8,28.11
2025-04-14,8,42.31
2025-04-15,8,48.03
2025-04-17,8,32.68
2025-04-18,8,32.93
2025-04-23,8,30.96
2025-04-25,8,43.01
2025-04-27,8,50.53
2025-04-28,8,50.43
2025-05-02,8,47.57
2025-05-06,8,37.3
2025-05-07,8,40.5
2025-05-09,8,49.17
2025-05-12,8,45.54
2025-05-13,8,46.45
2025-05-14,8,48.12
2025-05-16,8,32.22
2025-05-20,8,30.25
2025-05-26,8,41.41
2025-05-28,8,37.34
2025-05-29,8,45.28
2025-05-30,8,43.5
2025-05-31,8,41.93
2025-06-02,8,28.7
2025-06-03,8,41.48
2025-06-05,8,44.48
2025-06-06,8,38.5
2025-06-09,8,27.62
2025-06-10,8,33.35
2025-06-11,8,42.07
2025-06-12,8,40.13
2025-06-13,8,34.22
2025-06-16,8,48.13
2025-06-17,8,40.5
2025-06-18,8,28.92
2025-06-19,8,41.36
2025-06-20,8,48.76
2025-06-22,8,44.02
2025-06-23,8,39.6
2025-06-30,8,27.33
2025-07-01,8,32.4
2025-07-04,8,27.68
2025-07-08,8,35.32
2025-07-09,8,29.51
2025-07-13,8,36.71
2025-07-16,8,27.3
2025-07-18,8,33.25
2025-07-19,8,39.94
2025-07-22,8,39.34
2025-07-23,8,40.14
2025-07-24,8,41.51
2025-07-25,8,32.92
2025-07-26,8,34.67
2025-07-27,8,31.44
2025-07-29,8,39.75
2025-08-01,8,46.31
2025-08-04,8,43.04
2025-08-06,8,30.42
2025-08-08,8,40.84
2025-08-13,8,44.39
2025-08-15,8,27.9
2025-08-20,8,30.24
2025-08-22,8,38.5
2025-08-25,8,28.63
2025-08-26,8,41.0
2025-08-27,8,32.77
2025-08-30,8,38.96
2025-09-01,8,34.5
2025-09-05,8,44.39
2025-09-08,8,31.74
2025-09-10,8,35.69
2025-09-12,8,34.69
2025-09-13,8,45.24
2025-09-15,8,43.11
2025-09-16,8,45.0
2025-09-17,8,36.95
2025-09-19,8,30.12
2025-09-22,8,28.75
2025-09-23,8,39.14
2025-09-24,8,42.7
2025-09-26,8,35.6
2025-09-28,8,47.97
2025-09-29,8,36.36
2025-10-01,8,42.47
2025-10-02,8,46.34
2025-10-06,8,38.47
2025-10-08,8,36.69
2025-10-09,8,30.27
2025-10-10,8,31.11
2025-10-12,8,28.67
2025-10-13,8,41.23
2025-10-15,8,35.38
2025-10-17,8,29.16
2025-10-20,8,34.23
2025-10-21,8,30.84
2025-10-22,8,41.24
2025-10-23,8,49.29
2025-10-27,8,38.46
2025-10-31,8,49.32
2025-11-01,8,47.78
2025-11-03,8,44.2
2025-11-04,8,36.79
2025-11-05,8,40.89
2025-11-11,8,50.29
2025-11-12,8,46.36
2025-11-13,8,30.39
2025-11-14,8,42.37
2025-11-16,8,41.33
2025-11-18,8,32.36
2025-11-19,8,28.43
2025-11-25,8,46.63
2025-11-28,8,36.99
2025-12-02,8,41.94
2025-12-03,8,31.63
2025-12-04,8,41.44
2025-12-07,8,42.9
2025-12-08,8,37.64
2025-12-09,8,31.62
2025-12-10,8,36.35
2025-12-11,8,36.61
2025-12-12,8,38.61
2025-12-15,8,39.13
2025-12-16,8,28.97
2025-12-17,8,40.54
2025-12-19,8,49.76
2025-12-20,8,29.59
2025-12-21,8,31.64
2025-12-22,8,42.41
2025-12-23,8,49.44
2025-12-25,8,29.11
2025-12-26,8,30.27
2025-12-27,8,39.43
2025-12-28,8,35.68
2025-01-02,9,19.17
2025-01-04,9,16.13
2025-01-07,9,24.02
2025-01-08,9,15.69
2025-01-10,9,28.17
2025-01-13,9,21.87
2025-01-14,9,16.07
2025-01-16,9,23.16
2025-01-17,9,19.78
2025-01-23,9,24.47
2025-01-30,9,17.97
2025-02-03,9,22.29
2025-02-04,9,17.79
2025-02-11,9,16.18
2025-02-15,9,25.04
2025-02-17,9,17.08
2025-02-18,9,20.08
2025-02-19,9,25.05
2025-02-21,9,27.79
2025-02-23,9,24.06
2025-02-24,9,19.56
2025-02-25,9,16.31
2025-02-27,9,21.64
2025-02-28,9,24.63
2025-03-03,9,17.98
2025-03-04,9,17.12
2025-03-05,9,19.59
2025-03-07,9,24.56
2025-03-08,9,19.61
2025-03-11,9,16.61
2025-03-12,9,16.78
2025-03-13,9,22.97
2025-03-14,9,15.81
2025-03-17,9,18.75
2025-03-19,9,21.93
2025-03-20,9,23.16
2025-03-21,9,23.68
2025-03-24,9,18.78
2025-03-25,9,17.57
2025-03-26,9,25.84
2025-03-27,9,21.16
2025-03-28,9,23.18
2025-03-29,9,26.38
2025-03-30,9,24.94
2025-04-02,9,15.59
2025-04-03,9,23.38
2025-04-04,9,26.8
2025-04-07,9,19.79
2025-04-08,9,24.73
2025-04-13,9,25.11
2025-04-14,9,17.15
2025-04-16,9,16.15
2025-04-17,9,15.41
2025-04-19,9,18.16
2025-04-21,9,27.43
2025-04-22,9,22.16
2025-04-27,9,20.49
2025-04-28,9,27.1
2025-04-29,9,17.4
2025-04-30,9,16.12
2025-05-01,9,28.14
2025-05-02,9,23.74
2025-05-05,9,18.13
2025-05-06,9,23.8
2025-05-07,9,15.49
2025-05-08,9,27.56
2025-05-12,9,25.5
2025-05-13,9,24.08
2025-05-15,9,25.8
2025-05-19,9,23.32
2025-05-20,9,22.61
2025-05-26,9,26.66
2025-05-27,9,16.11
2025-05-29,9,18.62
2025-05-30,9,16.24
2025-05-31,9,15.47
2025-06-02,9,24.41
2025-06-03,9,27.86
2025-06-05,9,25.74
2025-06-09,9,23.94
2025-06-12,9,26.75
2025-06-14,9,16.56
2025-06-15,9,26.23
2025-06-18,9,23.03
2025-06-19,9,21.7
2025-06-24,9,21.59
2025-06-27,9,19.42
2025-06-28,9,23.48
2025-06-30,9,16.34
2025-07-01,9,26.78
2025-07-02,9,24.58
2025-07-05,9,28.3
2025-07-09,9,16.14
2025-07-10,9,22.36
2025-07-11,9,17.61
2025-07-13,9,17.01
2025-07-14,9,16.23
2025-07-15,9,21.66
2025-07-16,9,26.87
2025-07-17,9,21.58
2025-07-18,9,26.19
2025-07-22,9,19.05
2025-07-23,9,27.69
2025-07-28,9,15.42
2025-07-29,9,22.93
2025-07-30,9,26.78
2025-07-31,9,22.71
2025-08-01,9,19.11
2025-08-07,9,24.71
2025-08-08,9,18.6
2025-08-09,9,25.22
2025-08-11,9,25.29
2025-08-13,9,18.47
2025-08-15,9,23.65
2025-08-16,9,21.37
2025-08-23,9,22.46
2025-08-24,9,26.07
2025-08-25,9,22.82
2025-08-26,9,25.73
2025-08-28,9,26.79
2025-08-29,9,22.46
2025-09-02,9,15.64
2025-09-04,9,28.49
2025-09-06,9,22.5
2025-09-07,9,21.05
2025-09-08,9,18.36
2025-09-09,9,21.19
2025-09-15,9,24.76
2025-09-17,9,24.3
2025-09-22,9,15.67
2025-09-24,9,26.81
2025-09-25,9,17.67
2025-09-26,9,25.14
2025-09-27,9,21.21
2025-09-29,9,16.93
2025-10-01,9,15.59
2025-10-09,9,23.22
2025-10-11,9,21.3
2025-10-14,9,24.16
2025-10-15,9,20.7
2025-10-17,9,17.85
2025-10-19,9,18.84
2025-10-24,9,24.72
2025-10-27,9,23.59
2025-10-28,9,21.71
2025-11-14,9,18.59
2025-11-18,9,27.72
2025-11-19,9,22.34
2025-11-22,9,21.62
2025-11-24,9,22.23
2025-11-25,9,18.03
2025-11-26,9,16.35
2025-11-27,9,26.67
2025-11-30,9,18.07
2025-12-01,9,18.13
2025-12-02,9,18.46
2025-12-04,9,18.64
2025-12-07,9,22.93
2025-12-08,9,24.83
2025-12-09,9,21.26
2025-12-10,9,16.47
2025-12-15,9,27.15
2025-12-16,9,15.45
2025-12-17,9,23.1
2025-12-18,9,16.12
2025-12-19,9,21.99
2025-12-20,9,26.92
2025-12-21,9,21.83
2025-12-23,9,23.64
2025-12-25,9,27.51
2025-12-26,9,19.35
2025-01-07,10,8.77
2025-01-08,10,13.25
2025-01-09,10,13.79
2025-01-10,10,12.97
2025-01-11,10,13.8
2025-01-13,10,10.5
2025-01-15,10,9.96
2025-01-20,10,14.87
2025-01-21,10,13.49
2025-01-22,10,11.62
2025-01-23,10,9.88
2025-01-24,10,8.68
2025-01-26,10,13.18
2025-01-28,10,9.5
2025-02-03,10,10.86
2025-02-05,10,14.86
2025-02-06,10,10.76
2025-02-10,10,14.55
2025-02-11,10,14.66
2025-02-12,10,13.99
2025-02-14,10,11.5
2025-02-15,10,13.49
2025-02-18,10,9.92
2025-02-19,10,10.72
2025-02-20,10,14.58
2025-02-26,10,10.26
2025-02-27,10,13.63
2025-02-28,10,10.58
2025-03-04,10,11.13
2025-03-10,10,9.78
2025-03-14,10,12.21
2025-03-17,10,14.2
2025-03-18,10,9.01
2025-03-19,10,13.14
2025-03-20,10,10.39
2025-03-21,10,10.9
2025-03-24,10,10.76
2025-03-26,10,11.82
2025-03-27,10,15.03
2025-03-28,10,12.38
2025-03-31,10,15.4
2025-04-01,10,12.82
2025-04-02,10,11.88
2025-04-03,10,8.94
2025-04-04,10,14.43
2025-04-05,10,9.8
2025-04-08,10,12.55
2025-04-09,10,8.66
2025-04-10,10,14.41
2025-04-11,10,8.73
2025-04-14,10,11.44
2025-04-15,10,11.63
2025-04-16,10,12.51
2025-04-17,10,10.67
2025-04-18,10,11.04
2025-04-19,10,13.92
2025-04-25,10,12.94
2025-04-29,10,10.69
2025-05-01,10,11.9
2025-05-05,10,10.87
2025-05-07,10,12.11
2025-05-08,10,8.52
2025-05-12,10,13.32
2025-05-14,10,9.31
2025-05-15,10,13.92
2025-05-16,10,14.73
2025-05-20,10,10.63
2025-05-21,10,14.94
2025-05-25,10,13.85
2025-05-26,10,10.03
2025-05-28,10,10.75
2025-05-29,10,9.47
2025-05-31,10,9.34
2025-06-01,10,13.94
2025-06-02,10,12.47
2025-06-03,10,8.65
2025-06-04,10,14.28
2025-06-06,10,12.28
2025-06-10,10,15.13
2025-06-16,10,10.79
2025-06-20,10,14.15
2025-06-22,10,11.19
2025-06-23,10,10.59
2025-06-30,10,14.66
2025-07-01,10,15.22
2025-07-02,10,10.75
2025-07-04,10,12.78
2025-07-07,10,8.82
2025-07-08,10,11.82
2025-07-09,10,10.95
2025-07-10,10,8.81
2025-07-11,10,14.77
2025-07-12,10,12.7
2025-07-14,10,13.45
2025-07-15,10,12.03
2025-07-16,10,13.38
2025-07-18,10,11.05
2025-07-21,10,14.95
2025-07-23,10,14.14
2025-07-25,10,11.82
2025-07-29,10,14.61
2025-07-30,10,8.9
2025-07-31,10,11.4
2025-08-02,10,14.35
2025-08-04,10,15.4
2025-08-05,10,10.49
2025-08-06,10,14.58
2025-08-07,10,9.79
2025-08-08,10,10.54
2025-08-11,10,9.6
2025-08-12,10,15.17
2025-08-13,10,15.51
2025-08-14,10,9.69
2025-08-19,10,9.1
2025-08-21,10,9.73
2025-08-22,10,8.56
2025-08-24,10,11.77
2025-08-26,10,8.6
2025-08-28,10,13.89
2025-09-01,10,11.2
2025-09-04,10,12.83
2025-09-08,10,10.41
2025-09-10,10,12.57
2025-09-11,10,10.41
2025-09-12,10,15.59
2025-09-13,10,12.57
2025-09-14,10,9.51
2025-09-15,10,12.08
2025-09-16,10,10.68
2025-09-17,10,10.58
2025-09-23,10,14.24
2025-09-25,10,9.56
2025-09-28,10,10.25
2025-09-29,10,13.39
2025-10-02,10,12.28
2025-10-03,10,11.32
2025-10-04,10,15.44
2025-10-06,10,12.74
2025-10-07,10,12.32
2025-10-09,10,15.53
2025-10-13,10,11.17
2025-10-14,10,11.51
2025-10-16,10,14.12
2025-10-17,10,10.86
2025-10-19,10,10.02
2025-10-20,10,10.28
2025-10-21,10,13.07
2025-10-22,10,11.61
2025-10-24,10,14.62
2025-10-25,10,12.5
2025-10-27,10,13.57
2025-10-28,10,9.07
2025-10-29,10,11.24
2025-10-31,10,15.36
2025-11-02,10,10.91
2025-11-05,10,10.71
2025-11-06,10,13.35
2025-11-07,10,13.7
2025-11-08,10,8.75
2025-11-10,10,10.67
2025-11-11,10,10.71
2025-11-12,10,10.63
2025-11-14,10,11.6
2025-11-17,10,13.31
2025-11-20,10,13.27
2025-11-21,10,12.69
2025-11-23,10,14.46
2025-11-24,10,14.48
2025-11-25,10,9.97
2025-11-26,10,15.26
2025-11-27,10,9.83
2025-11-28,10,12.87
2025-11-30,10,10.49
2025-12-01,10,9.94
2025-12-02,10,13.47
2025-12-03,10,11.04
2025-12-04,10,15.43
2025-12-07,10,8.89
2025-12-08,10,10.32
2025-12-09,10,14.0
2025-12-12,10,13.35
2025-12-14,10,13.45
2025-12-15,10,11.35
2025-12-16,10,13.39
2025-12-18,10,14.24
2025-12-19,10,11.61
2025-12-23,10,13.17
2025-12-26,10,13.81
2025-12-29,10,10.8
2025-12-30,10,14.8
2025-12-31,10,12.95
2025-01-01,11,27.22
2025-01-02,11,33.36
2025-01-04,11,41.48
2025-01-05,11,36.77
2025-01-06,11,33.39
2025-01-07,11,30.33
2025-01-08,11,40.76
2025-01-09,11,47.11
2025-01-12,11,37.99
2025-01-14,11,44.99
2025-01-15,11,45.38
2025-01-16,11,46.35
2025-01-17,11,33.36
2025-01-21,11,28.95
2025-01-22,11,37.74
2025-01-23,11,41.81
2025-01-24,11,47.36
2025-01-26,11,43.52
2025-01-28,11,40.77
2025-01-29,11,36.74
2025-01-31,11,35.42
2025-02-03,11,38.16
2025-02-04,11,47.86
2025-02-06,11,36.56
2025-02-07,11,44.59
2025-02-11,11,31.68
2025-02-12,11,34.53
2025-02-13,11,28.69
2025-02-17,11,32.42
2025-02-20,11,31.45
2025-02-21,11,28.06
2025-02-25,11,44.48
2025-02-27,11,35.67
2025-03-09,11,34.42
2025-03-11,11,26.87
2025-03-12,11,42.92
2025-03-18,11,39.66
2025-03-19,11,47.98
2025-03-20,11,36.77
2025-03-25,11,43.03
2025-03-26,11,40.41
2025-03-28,11,39.88
2025-04-02,11,35.75
2025-04-04,11,29.45
2025-04-06,11,31.23
2025-04-08,11,33.08
2025-04-11,11,32.54
2025-04-17,11,42.42
2025-04-18,11,43.91
2025-04-20,11,38.29
2025-04-21,11,34.09
2025-04-23,11,44.31
2025-04-24,11,41.66
2025-04-29,11,27.04
2025-04-30,11,27.35
2025-05-02,11,44.59
2025-05-04,11,40.76
2025-05-05,11,37.63
2025-05-06,11,47.6
2025-05-08,11,31.34
2025-05-12,11,34.6
2025-05-14,11,47.39
2025-05-16,11,26.65
2025-05-19,11,45.59
2025-05-20,11,32.5
2025-05-22,11,48.2
2025-05-23,11,40.59
2025-05-24,11,39.04
2025-05-26,11,38.48
2025-05-27,11,28.22
2025-05-29,11,39.7
2025-05-30,11,38.3
2025-05-31,11,36.26
2025-06-04,11,28.58
2025-06-05,11,30.36
2025-06-06,11,34.94
2025-06-07,11,31.58
2025-06-08,11,27.0
2025-06-09,11,30.53
2025-06-10,11,38.24
2025-06-11,11,36.29
2025-06-12,11,30.78
2025-06-13,11,37.25
2025-06-15,11,29.61
2025-06-17,11,31.7
2025-06-20,11,37.75
2025-06-21,11,28.39
2025-06-23,11,36.84
2025-06-26,11,40.83
2025-06-27,11,46.57
2025-06-29,11,30.31
2025-06-30,11,33.8
2025-07-03,11,37.04
2025-07-04,11,47.08
2025-07-08,11,27.65
2025-07-09,11,47.41
2025-07-10,11,26.76
2025-07-12,11,36.03
2025-07-14,11,28.51
2025-07-18,11,28.01
2025-07-21,11,44.42
2025-07-22,11,32.54
2025-07-23,11,35.71
2025-07-24,11,38.33
2025-07-27,11,27.84
2025-07-28,11,29.87
2025-08-01,11,33.57
2025-08-03,11,40.53
2025-08-05,11,43.76
2025-08-06,11,29.51
2025-08-07,11,33.44
2025-08-08,11,41.08
2025-08-11,11,46.92
2025-08-14,11,47.35
2025-08-15,11,40.89
2025-08-16,11,41.28
2025-08-18,11,34.47
2025-08-19,11,40.78
2025-08-22,11,42.96
2025-08-25,11,42.33
2025-08-28,11,38.57
2025-08-29,11,43.71
2025-08-31,11,46.62
2025-09-01,11,49.0
2025-09-02,11,30.66
2025-09-03,11,36.64
2025-09-04,11,39.78
2025-09-05,11,43.45
2025-09-06,11,38.94
2025-09-07,11,42.59
2025-09-08,11,47.39
2025-09-10,11,36.67
2025-09-11,11,33.23
2025-09-14,11,40.15
2025-09-17,11,31.56
2025-09-18,11,45.56
2025-09-19,11,37.7
2025-09-23,11,30.01
2025-09-25,11,30.74
2025-09-26,11,27.76
2025-10-01,11,35.31
2025-10-02,11,46.1
2025-10-03,11,40.99
2025-10-06,11,48.54
2025-10-08,11,37.54
2025-10-10,11,36.01
2025-10-11,11,38.21
2025-10-12,11,35.88
2025-10-13,11,38.76
2025-10-18,11,31.31
2025-10-20,11,28.96
2025-10-22,11,32.73
2025-10-29,11,29.37
2025-11-02,11,29.24
2025-11-04,11,38.46
2025-11-05,11,28.44
2025-11-09,11,45.15
2025-11-10,11,38.96
2025-11-12,11,48.05
2025-11-13,11,39.54
2025-11-14,11,48.6
2025-11-18,11,38.06
2025-11-19,11,42.59
2025-11-20,11,27.73
2025-11-21,11,34.39
2025-11-27,11,44.05
2025-11-28,11,33.97
2025-12-02,11,40.46
2025-12-03,11,41.26
2025-12-05,11,32.67
2025-12-06,11,29.32
2025-12-09,11,43.36
2025-12-11,11,41.86
2025-12-15,11,48.56
2025-12-18,11,36.8
2025-12-19,11,26.96
2025-12-24,11,32.85
2025-12-25,11,44.0
2025-12-29,11,33.19
2025-12-30,11,29.27
2025-12-31,11,46.05
2025-01-01,12,22.59
2025-01-03,12,24.13
2025-01-07,12,18.68
2025-01-08,12,22.95
2025-01-10,12,17.1
2025-01-13,12,22.35
2025-01-14,12,17.11
2025-01-15,12,16.02
2025-01-17,12,15.22
2025-01-20,12,16.98
2025-01-21,12,19.59
2025-01-22,12,18.4
2025-01-24,12,16.24
2025-01-25,12,18.52
2025-01-27,12,21.39
2025-01-28,12,18.08
2025-01-30,12,19.73
2025-01-31,12,21.76
2025-02-01,12,23.02
2025-02-02,12,23.27
2025-02-03,12,21.54
2025-02-04,12,23.63
2025-02-05,12,15.34
2025-02-06,12,14.23
2025-02-07,12,24.06
2025-02-11,12,16.38
2025-02-17,12,14.6
2025-02-18,12,24.69
2025-02-21,12,16.72
2025-02-22,12,16.55
2025-02-25,12,14.18
2025-02-26,12,14.47
2025-02-27,12,23.94
2025-03-03,12,14.54
2025-03-06,12,19.14
2025-03-07,12,20.43
2025-03-10,12,13.87
2025-03-11,12,15.44
2025-03-12,12,21.77
2025-03-14,12,22.83
2025-03-15,12,16.73
2025-03-16,12,17.54
2025-03-17,12,18.87
2025-03-18,12,24.55
2025-03-19,12,14.92
2025-03-20,12,20.43
2025-03-21,12,22.84
2025-03-24,12,15.25
2025-03-25,12,16.93
2025-03-26,12,15.7
2025-03-27,12,24.36
2025-03-28,12,22.45
2025-03-31,12,14.96
2025-04-06,12,16.08
2025-04-08,12,14.13
2025-04-10,12,23.79
2025-04-12,12,24.11
2025-04-14,12,17.89
2025-04-15,12,18.96
2025-04-16,12,17.87
2025-04-17,12,22.11
2025-04-19,12,17.48
2025-04-21,12,22.4
2025-04-23,12,17.48
2025-04-24,12,20.46
2025-04-25,12,24.54
2025-04-28,12,23.69
2025-04-29,12,15.29
2025-04-30,12,22.91
2025-05-06,12,19.5
2025-05-10,12,22.39
2025-05-12,12,18.59
2025-05-13,12,17.15
2025-05-14,12,17.86
2025-05-15,12,20.36
2025-05-18,12,14.67
2025-05-20,12,24.41
2025-05-22,12,24.49
2025-05-23,12,16.75
2025-05-27,12,19.56
2025-05-28,12,20.74
2025-05-29,12,17.46
2025-05-31,12,22.73
2025-06-04,12,19.78
2025-06-06,12,24.32
2025-06-08,12,17.74
2025-06-10,12,23.2
2025-06-12,12,14.25
2025-06-16,12,18.83
2025-06-18,12,18.35
2025-06-19,12,17.49
2025-06-20,12,22.52
2025-06-24,12,16.46
2025-06-27,12,20.68
2025-06-28,12,20.35
2025-06-30,12,17.4
2025-07-01,12,15.5
2025-07-03,12,18.62
2025-07-04,12,13.73
2025-07-07,12,16.07
2025-07-09,12,15.47
2025-07-10,12,16.56
2025-07-11,12,20.66
2025-07-14,12,14.13
2025-07-15,12,24.47
2025-07-16,12,21.39
2025-07-17,12,19.21
2025-07-18,12,19.79
2025-07-21,12,18.52
2025-07-24,12,18.61
2025-07-25,12,18.66
2025-07-28,12,15.17
2025-07-29,12,22.76
2025-07-31,12,23.96
2025-08-02,12,13.75
2025-08-08,12,13.62
2025-08-09,12,18.54
2025-08-11,12,21.77
2025-08-12,12,19.74
2025-08-13,12,18.02
2025-08-18,12,17.06
2025-08-19,12,23.07
2025-08-22,12,23.26
2025-08-23,12,23.43
2025-08-25,12,19.14
2025-08-27,12,17.32
2025-08-29,12,15.57
2025-09-03,12,24.57
2025-09-04,12,13.96
2025-09-05,12,18.27
2025-09-06,12,24.1
2025-09-08,12,20.04
2025-09-12,12,22.13
2025-09-15,12,14.74
2025-09-16,12,16.37
2025-09-17,12,21.54
2025-09-18,12,20.09
2025-09-19,12,24.34
2025-09-21,12,19.59
2025-09-24,12,16.95
2025-09-26,12,20.32
2025-09-28,12,17.26
2025-09-29,12,21.12
2025-10-01,12,22.55
2025-10-02,12,19.43
2025-10-03,12,23.95
2025-10-12,12,19.32
2025-10-13,12,20.05
2025-10-14,12,20.4
2025-10-15,12,15.52
2025-10-16,12,24.14
2025-10-17,12,18.14
2025-10-20,12,17.98
2025-10-21,12,24.31
2025-10-22,12,17.54
2025-10-23,12,15.83
2025-10-25,12,14.21
2025-10-27,12,14.27
2025-11-02,12,22.22
2025-11-05,12,15.96
2025-11-09,12,15.87
2025-11-10,12,22.33
2025-11-11,12,14.06
2025-11-13,12,22.82
2025-11-14,12,22.89
2025-11-18,12,14.16
2025-11-19,12,20.93
2025-11-21,12,20.22
2025-11-22,12,22.48
2025-11-24,12,18.94
2025-11-25,12,19.67
2025-11-26,12,14.95
2025-11-27,12,17.11
2025-11-28,12,19.98
2025-11-29,12,21.98
2025-12-01,12,13.9
2025-12-04,12,16.99
2025-12-05,12,19.88
2025-12-06,12,17.36
2025-12-08,12,17.71
2025-12-09,12,19.71
2025-12-10,12,14.2
2025-12-12,12,21.36
2025-12-15,12,19.79
2025-12-19,12,20.93
2025-12-22,12,15.48
2025-12-24,12,16.74
2025-12-25,12,23.04
2025-12-28,12,16.17
2025-12-30,12,19.38
2025-12-31,12,17.47
2025-01-01,13,14.77
2025-01-02,13,17.87
2025-01-05,13,11.28
2025-01-07,13,16.56
2025-01-08,13,16.47
2025-01-09,13,14.3
2025-01-10,13,13.25
2025-01-16,13,11.14
2025-01-17,13,17.19
2025-01-20,13,18.87
2025-01-22,13,14.61
2025-01-24,13,14.16
2025-01-26,13,15.92
2025-01-28,13,14.98
2025-01-29,13,17.02
2025-01-30,13,18.53
2025-01-31,13,12.28
2025-02-03,13,15.77
2025-02-04,13,11.85
2025-02-05,13,17.06
2025-02-06,13,13.73
2025-02-10,13,11.16
2025-02-12,13,17.63
2025-02-13,13,16.32
2025-02-15,13,17.98
2025-02-18,13,18.37
2025-02-19,13,12.85
2025-02-22,13,15.15
2025-02-24,13,13.18
2025-02-26,13,17.69
2025-02-28,13,13.05
2025-03-04,13,15.99
2025-03-05,13,13.24
2025-03-06,13,10.54
2025-03-07,13,14.16
2025-03-10,13,12.7
2025-03-11,13,13.55
2025-03-12,13,14.45
2025-03-13,13,11.67
2025-03-14,13,11.89
2025-03-16,13,14.72
2025-03-17,13,18.48
2025-03-20,13,15.68
2025-03-22,13,15.45
2025-03-24,13,10.54
2025-03-25,13,14.25
2025-03-26,13,16.48
2025-03-28,13,18.5
2025-03-30,13,17.38
2025-04-09,13,15.16
2025-04-10,13,12.07
2025-04-12,13,12.1
2025-04-14,13,11.07
2025-04-15,13,15.92
2025-04-16,13,19.25
2025-04-17,13,15.54
2025-04-18,13,16.0
2025-04-21,13,17.76
2025-04-22,13,15.93
2025-04-24,13,10.64
2025-04-25,13,15.79
2025-04-26,13,14.34
2025-04-28,13,12.97
2025-04-29,13,17.51
2025-05-02,13,14.19
2025-05-04,13,11.46
2025-05-06,13,12.79
2025-05-08,13,11.83
2025-05-09,13,15.72
2025-05-12,13,17.6
2025-05-16,13,12.12
2025-05-17,13,10.99
2025-05-20,13,10.99
2025-05-21,13,18.92
2025-05-22,13,17.78
2025-05-27,13,11.04
2025-05-28,13,11.62
2025-05-30,13,18.18
2025-06-03,13,14.01
2025-06-04,13,16.53
2025-06-05,13,15.77
2025-06-06,13,16.97
2025-06-09,13,18.04
2025-06-10,13,15.07
2025-06-11,13,18.2
2025-06-12,13,13.97
2025-06-15,13,15.07
2025-06-19,13,12.54
2025-06-22,13,12.31
2025-06-24,13,13.26
2025-06-25,13,12.88
2025-06-26,13,17.1
2025-06-27,13,13.46
2025-06-30,13,14.87
2025-07-02,13,10.59
2025-07-03,13,15.32
2025-07-05,13,18.93
2025-07-06,13,18.08
2025-07-07,13,16.43
2025-07-08,13,14.79
2025-07-11,13,11.5
2025-07-12,13,17.71
2025-07-14,13,16.63
2025-07-22,13,18.63
2025-07-23,13,11.02
2025-07-29,13,11.39
2025-08-01,13,18.15
2025-08-05,13,13.04
2025-08-10,13,10.98
2025-08-11,13,10.94
2025-08-12,13,13.94
2025-08-14,13,15.84
2025-08-15,13,10.54
2025-08-16,13,13.11
2025-08-18,13,16.9
2025-08-21,13,18.68
2025-08-22,13,14.71
2025-08-25,13,13.14
2025-08-26,13,15.08
2025-08-27,13,19.22
2025-09-03,13,11.51
2025-09-04,13,15.69
2025-09-08,13,13.91
2025-09-09,13,11.69
2025-09-11,13,16.99
2025-09-12,13,13.43
2025-09-15,13,17.74
2025-09-16,13,18.19
2025-09-18,13,16.74
2025-09-19,13,18.57
2025-09-24,13,16.45
2025-09-25,13,13.82
2025-09-30,13,16.58
2025-10-01,13,10.64
2025-10-02,13,15.96
2025-10-04,13,10.83
2025-10-06,13,18.55
2025-10-07,13,17.16
2025-10-08,13,18.23
2025-10-10,13,11.19
2025-10-13,13,10.58
2025-10-15,13,16.23
2025-10-16,13,18.27
2025-10-19,13,18.27
2025-10-20,13,15.82
2025-10-21,13,10.66
2025-10-23,13,16.69
2025-10-26,13,14.53
2025-10-28,13,14.71
2025-10-29,13,14.67
2025-10-31,13,15.5
2025-11-03,13,13.05
2025-11-04,13,16.2
2025-11-05,13,13.54
2025-11-06,13,12.68
2025-11-09,13,10.68
2025-11-11,13,17.75
2025-11-12,13,18.79
2025-11-14,13,10.58
2025-11-17,13,13.18
2025-11-18,13,15.81
2025-11-19,13,13.05
2025-11-20,13,19.45
2025-11-21,13,17.3
2025-11-23,13,13.29
2025-11-24,13,18.05
2025-11-26,13,19.21
2025-11-27,13,19.48
2025-11-29,13,13.31
2025-12-02,13,19.22
2025-12-04,13,11.45
2025-12-06,13,17.59
2025-12-08,13,10.6
2025-12-10,13,17.46
2025-12-11,13,17.56
2025-12-12,13,11.24
2025-12-14,13,14.81
2025-12-15,13,17.27
2025-12-17,13,15.24
2025-12-19,13,18.76
2025-12-20,13,19.36
2025-12-24,13,15.64
2025-12-25,13,16.12
2025-12-29,13,13.26
2025-12-31,13,13.02
2025-01-01,14,45.36
2025-01-02,14,37.13
2025-01-03,14,39.85
2025-01-09,14,46.2
2025-01-10,14,32.58
2025-01-11,14,37.61
2025-01-13,14,43.69
2025-01-14,14,37.45
2025-01-17,14,38.03
2025-01-18,14,35.94
2025-01-21,14,47.63
2025-01-22,14,35.26
2025-01-23,14,40.4
2025-01-24,14,37.69
2025-01-26,14,45.13
2025-01-27,14,29.59
2025-01-31,14,29.69
2025-02-02,14,47.89
2025-02-03,14,32.36
2025-02-04,14,35.34
2025-02-06,14,30.49
2025-02-07,14,38.21
2025-02-08,14,40.55
2025-02-14,14,29.6
2025-02-19,14,48.2
2025-02-20,14,26.81
2025-02-21,14,27.65
2025-02-24,14,40.58
2025-02-27,14,45.28
2025-03-01,14,38.73
2025-03-03,14,41.84
2025-03-05,14,45.12
2025-03-10,14,39.19
2025-03-11,14,27.6
2025-03-13,14,32.44
2025-03-14,14,41.87
2025-03-15,14,44.97
2025-03-16,14,30.97
2025-03-17,14,37.65
2025-03-18,14,33.91
2025-03-21,14,36.41
2025-03-24,14,43.89
2025-03-26,14,27.82
2025-03-27,14,40.79
2025-03-28,14,38.09
2025-04-03,14,29.02
2025-04-04,14,30.26
2025-04-06,14,37.71
2025-04-07,14,41.18
2025-04-08,14,36.41
2025-04-09,14,46.84
2025-04-10,14,47.43
2025-04-14,14,48.64
2025-04-15,14,33.51
2025-04-16,14,28.11
2025-04-18,14,41.53
2025-04-21,14,38.73
2025-04-22,14,42.63
2025-04-23,14,31.02
2025-04-24,14,43.43
2025-04-25,14,39.68
2025-04-26,14,46.25
2025-04-28,14,34.63
2025-04-29,14,27.74
2025-04-30,14,41.52
2025-05-01,14,48.12
2025-05-02,14,42.42
2025-05-05,14,36.97
2025-05-06,14,42.71
2025-05-08,14,27.56
2025-05-09,14,39.01
2025-05-10,14,43.94
2025-05-13,14,46.56
2025-05-15,14,38.93
2025-05-19,14,39.8
2025-05-20,14,47.14
2025-05-23,14,40.38
2025-05-24,14,28.39
2025-05-26,14,40.02
2025-05-27,14,36.43
2025-05-28,14,49.11
2025-05-29,14,42.27
2025-05-30,14,28.76
2025-06-02,14,41.42
2025-06-03,14,45.07
2025-06-04,14,32.94
2025-06-05,14,30.3
2025-06-08,14,28.1
2025-06-10,14,35.82
2025-06-11,14,31.54
2025-06-14,14,40.21
2025-06-16,14,32.39
2025-06-18,14,38.99
2025-06-19,14,30.75
2025-06-20,14,42.88
2025-06-21,14,42.33
2025-06-23,14,37.3
2025-06-24,14,28.89
2025-06-25,14,41.73
2025-06-27,14,37.09
2025-06-28,14,31.4
2025-06-29,14,47.05
2025-06-30,14,31.79
2025-07-01,14,29.5
2025-07-03,14,29.66
2025-07-07,14,32.44
2025-07-09,14,38.83
2025-07-10,14,32.71
2025-07-15,14,31.73
2025-07-16,14,37.53
2025-07-17,14,47.43
2025-07-18,14,35.11
2025-07-23,14,45.25
2025-07-24,14,46.45
2025-07-25,14,35.68
2025-07-28,14,46.47
2025-07-29,14,34.42
2025-07-30,14,36.62
2025-07-31,14,35.8
2025-08-04,14,45.01
2025-08-05,14,35.66
2025-08-06,14,39.58
2025-08-08,14,28.25
2025-08-10,14,41.85
2025-08-11,14,45.59
2025-08-12,14,29.56
2025-08-13,14,48.18
2025-08-14,14,34.05
2025-08-19,14,29.17
2025-08-22,14,32.05
2025-08-24,14,35.02
2025-08-25,14,39.38
2025-08-27,14,40.57
2025-08-28,14,39.09
2025-08-31,14,29.32
2025-09-01,14,38.0
2025-09-05,14,35.83
2025-09-07,14,28.0
2025-09-08,14,49.15
2025-09-09,14,27.66
2025-09-11,14,45.52
2025-09-16,14,40.98
2025-09-17,14,30.9
2025-09-18,14,38.65
2025-09-22,14,43.03
2025-09-23,14,46.99
2025-09-25,14,45.31
2025-09-26,14,34.97
2025-09-28,14,43.62
2025-09-29,14,30.44
2025-09-30,14,42.89
2025-10-05,14,29.34
2025-10-06,14,41.99
2025-10-07,14,43.26
2025-10-08,14,28.29
2025-10-09,14,45.75
2025-10-12,14,49.18
2025-10-13,14,26.87
2025-10-15,14,41.83
2025-10-16,14,39.83
2025-10-20,14,40.85
2025-10-21,14,31.42
2025-10-22,14,30.68
2025-10-24,14,32.19
2025-10-29,14,46.23
2025-10-30,14,30.18
2025-11-04,14,47.15
2025-11-06,14,40.35
2025-11-07,14,49.03
2025-11-09,14,34.05
2025-11-11,14,27.14
2025-11-12,14,34.19
2025-11-13,14,32.59
2025-11-14,14,42.31
2025-11-16,14,33.89
2025-11-17,14,28.25
2025-11-18,14,28.27
2025-11-24,14,41.24
2025-11-25,14,40.77
2025-11-27,14,34.75
2025-11-28,14,41.26
2025-12-01,14,44.15
2025-12-02,14,46.73
2025-12-03,14,38.4
2025-12-04,14,43.68
2025-12-06,14,27.82
2025-12-08,14,40.62
2025-12-09,14,28.74
2025-12-12,14,33.58
2025-12-14,14,46.69
2025-12-15,14,40.12
2025-12-18,14,42.32
2025-12-19,14,32.92
2025-12-23,14,27.72
2025-12-24,14,39.24
2025-12-26,14,45.77
2025-12-27,14,34.96
2025-12-28,14,36.8
2025-12-29,14,48.35
2025-12-30,14,47.63
2025-12-31,14,49.07
2025-01-01,15,17.61
2025-01-02,15,28.91
2025-01-03,15,21.92
2025-01-07,15,29.34
2025-01-08,15,20.81
2025-01-10,15,23.23
2025-01-13,15,25.4
2025-01-14,15,27.22
2025-01-16,15,22.24
2025-01-17,15,16.29
2025-01-19,15,22.25
2025-01-22,15,23.9
2025-01-27,15,17.22
2025-01-28,15,29.02
2025-01-31,15,26.97
2025-02-03,15,22.59
2025-02-05,15,28.85
2025-02-06,15,26.44
2025-02-12,15,24.91
2025-02-13,15,20.15
2025-02-14,15,27.86
2025-02-17,15,19.74
2025-02-21,15,18.13
2025-02-24,15,19.82
2025-02-26,15,25.35
2025-02-27,15,21.36
2025-03-01,15,23.09
2025-03-03,15,21.83
2025-03-05,15,22.44
2025-03-06,15,24.2
2025-03-09,15,24.81
2025-03-11,15,25.97
2025-03-12,15,27.9
2025-03-14,15,22.13
2025-03-17,15,27.33
2025-03-18,15,23.39
2025-03-20,15,28.6
2025-03-24,15,26.17
2025-03-25,15,25.49
2025-03-27,15,28.06
2025-03-28,15,28.7
2025-03-29,15,25.01
2025-04-01,15,17.97
2025-04-02,15,21.73
2025-04-07,15,24.03
2025-04-08,15,21.27
2025-04-09,15,22.03
2025-04-11,15,24.38
2025-04-14,15,24.53
2025-04-16,15,22.11
2025-04-17,15,21.46
2025-04-18,15,26.4
2025-04-19,15,23.17
2025-04-21,15,26.2
2025-04-22,15,29.14
2025-04-23,15,23.98
2025-04-25,15,17.14
2025-04-30,15,21.83
2025-05-01,15,20.58
2025-05-05,15,20.37
2025-05-06,15,27.29
2025-05-07,15,27.22
2025-05-14,15,22.62
2025-05-16,15,22.12
2025-05-18,15,20.46
2025-05-19,15,24.84
2025-05-20,15,24.77
2025-05-21,15,17.41
2025-05-23,15,29.59
2025-05-24,15,22.24
2025-05-25,15,20.95
2025-05-28,15,23.87
2025-05-30,15,18.1
2025-06-05,15,18.47
2025-06-06,15,25.67
2025-06-12,15,26.63
2025-06-13,15,19.71
2025-06-16,15,16.46
2025-06-20,15,17.26
2025-06-22,15,16.6
2025-06-24,15,21.77
2025-06-25,15,19.83
2025-06-30,15,22.76
2025-07-01,15,27.68
2025-07-02,15,25.2
2025-07-03,15,25.58
2025-07-09,15,20.13
2025-07-15,15,21.68
2025-07-16,15,27.43
2025-07-17,15,25.4
2025-07-18,15,25.39
2025-07-21,15,21.64
2025-07-22,15,27.19
2025-07-23,15,26.08
2025-07-24,15,19.55
2025-07-25,15,24.23
2025-07-28,15,16.25
2025-07-31,15,24.53
2025-08-01,15,27.06
2025-08-05,15,27.3
2025-08-06,15,16.83
2025-08-07,15,29.1
2025-08-09,15,26.37
2025-08-11,15,22.61
2025-08-13,15,17.66
2025-08-18,15,18.63
2025-08-20,15,27.97
2025-08-21,15,22.08
2025-08-22,15,29.05
2025-08-23,15,16.24
2025-08-24,15,27.42
2025-08-25,15,19.42
2025-08-26,15,25.97
2025-08-27,15,20.67
2025-08-28,15,23.76
2025-09-02,15,26.83
2025-09-05,15,23.42
2025-09-08,15,19.41
2025-09-09,15,19.28
2025-09-10,15,17.96
2025-09-11,15,28.71
2025-09-12,15,26.43
2025-09-13,15,19.52
2025-09-16,15,29.27
2025-09-19,15,18.83
2025-09-22,15,26.95
2025-09-23,15,22.76
2025-09-24,15,26.32
2025-09-25,15,27.51
2025-09-26,15,27.06
2025-09-30,15,20.77
2025-10-01,15,19.72
2025-10-03,15,23.28
2025-10-06,15,27.01
2025-10-07,15,20.39
2025-10-10,15,28.18
2025-10-13,15,23.71
2025-10-15,15,20.31
2025-10-17,15,19.43
2025-10-19,15,28.46
2025-10-20,15,25.85
2025-10-21,15,28.11
2025-10-22,15,25.45
2025-10-23,15,22.73
2025-10-24,15,26.06
2025-10-26,15,16.37
2025-10-28,15,29.72
2025-10-31,15,19.42
2025-11-04,15,17.95
2025-11-05,15,28.08
2025-11-06,15,16.13
2025-11-07,15,20.8
2025-11-10,15,20.72
2025-11-11,15,16.37
2025-11-12,15,25.69
2025-11-13,15,19.28
2025-11-14,15,26.56
2025-11-17,15,25.53
2025-11-18,15,28.95
2025-11-19,15,21.71
2025-11-21,15,29.17
2025-11-30,15,25.6
2025-12-05,15,19.54
2025-12-07,15,24.13
2025-12-10,15,16.16
2025-12-11,15,23.37
2025-12-12,15,17.63
2025-12-16,15,16.78
2025-12-17,15,20.63
2025-12-22,15,25.32
2025-12-23,15,21.49
2025-12-27,15,19.51
2025-12-29,15,18.59
2025-12-30,15,20.62
2025-12-31,15,22.97
2025-01-01,16,19.04
2025-01-02,16,17.51
2025-01-03,16,17.07
2025-01-06,16,11.87
2025-01-07,16,16.2
2025-01-09,16,15.26
2025-01-10,16,11.45
2025-01-14,16,16.84
2025-01-16,16,11.37
2025-01-17,16,16.1
2025-01-20,16,13.02
2025-01-25,16,19.15
2025-01-27,16,18.0
2025-01-28,16,11.59
2025-01-29,16,12.91
2025-01-30,16,15.22
2025-01-31,16,15.78
2025-02-02,16,17.01
2025-02-03,16,14.07
2025-02-07,16,12.46
2025-02-09,16,15.44
2025-02-10,16,19.12
2025-02-11,16,19.87
2025-02-13,16,18.35
2025-02-18,16,20.23
2025-02-19,16,15.64
2025-02-23,16,15.69
2025-02-27,16,15.69
2025-03-02,16,19.38
2025-03-03,16,13.09
2025-03-04,16,13.91
2025-03-05,16,11.7
2025-03-06,16,19.0
2025-03-07,16,13.44
2025-03-11,16,18.78
2025-03-13,16,12.7
2025-03-14,16,15.01
2025-03-17,16,12.84
2025-03-18,16,16.72
2025-03-19,16,16.14
2025-03-20,16,17.56
2025-03-25,16,16.91
2025-03-26,16,17.02
2025-03-27,16,20.41
2025-03-31,16,15.52
2025-04-03,16,20.14
2025-04-04,16,16.37
2025-04-06,16,11.24
2025-04-07,16,16.09
2025-04-08,16,15.51
2025-04-10,16,15.54
2025-04-11,16,11.66
2025-04-15,16,16.69
2025-04-16,16,13.39
2025-04-17,16,12.45
2025-04-18,16,12.32
2025-04-21,16,13.11
2025-04-22,16,11.81
2025-04-25,16,15.52
2025-04-26,16,17.35
2025-04-28,16,13.19
2025-04-30,16,12.92
2025-05-02,16,19.44
2025-05-03,16,18.74
2025-05-05,16,17.87
2025-05-06,16,20.27
2025-05-07,16,17.37
2025-05-08,16,20.39
2025-05-09,16,20.44
2025-05-14,16,15.39
2025-05-15,16,14.03
2025-05-16,16,13.31
2025-05-19,16,19.58
2025-05-21,16,17.44
2025-05-24,16,13.58
2025-05-29,16,16.13
2025-05-30,16,12.94
2025-06-01,16,15.7
2025-06-03,16,20.59
2025-06-05,16,12.83
2025-06-06,16,15.28
2025-06-10,16,18.24
2025-06-11,16,16.92
2025-06-13,16,12.98
2025-06-17,16,13.62
2025-06-20,16,19.32
2025-06-23,16,15.29
2025-06-24,16,11.42
2025-06-25,16,18.7
2025-06-29,16,16.55
2025-07-01,16,14.31
2025-07-02,16,19.72
2025-07-03,16,19.63
2025-07-04,16,17.67
2025-07-07,16,16.13
2025-07-09,16,14.93
2025-07-10,16,19.98
2025-07-11,16,17.42
2025-07-15,16,16.9
2025-07-18,16,19.82
2025-07-21,16,16.4
2025-07-24,16,13.83
2025-07-25,16,14.92
2025-07-29,16,17.71
2025-07-30,16,14.51
2025-07-31,16,13.79
2025-08-03,16,15.65
2025-08-04,16,19.59
2025-08-06,16,17.64
2025-08-08,16,15.07
2025-08-11,16,16.28
2025-08-12,16,16.2
2025-08-14,16,18.06
2025-08-16,16,15.53
2025-08-19,16,17.35
2025-08-21,16,19.95
2025-08-23,16,13.44
2025-08-26,16,11.34
2025-08-27,16,20.76
2025-08-28,16,16.02
2025-08-30,16,17.0
2025-09-02,16,17.79
2025-09-04,16,11.53
2025-09-05,16,13.98
2025-09-08,16,17.02
2025-09-11,16,13.84
2025-09-12,16,16.35
2025-09-15,16,18.1
2025-09-16,16,13.09
2025-09-17,16,13.39
2025-09-18,16,14.77
2025-09-19,16,16.36
2025-09-20,16,12.7
2025-09-22,16,15.16
2025-09-23,16,15.98
2025-09-24,16,16.56
2025-09-26,16,13.62
2025-09-29,16,15.98
2025-09-30,16,11.78
2025-10-01,16,12.58
2025-10-03,16,12.58
2025-10-04,16,18.96
2025-10-05,16,17.02
2025-10-06,16,16.82
2025-10-07,16,12.03
2025-10-08,16,13.01
2025-10-09,16,17.52
2025-10-10,16,11.32
2025-10-14,16,15.72
2025-10-15,16,20.11
2025-10-17,16,13.48
2025-10-21,16,11.85
2025-10-24,16,17.58
2025-10-28,16,17.84
2025-10-30,16,14.21
2025-11-01,16,14.93
2025-11-04,16,13.26
2025-11-05,16,13.93
2025-11-06,16,18.34
2025-11-07,16,15.56
2025-11-10,16,11.97
2025-11-11,16,16.87
2025-11-12,16,15.22
2025-11-13,16,11.72
2025-11-14,16,16.05
2025-11-15,16,12.2
2025-11-16,16,12.17
2025-11-18,16,13.61
2025-11-19,16,20.4
2025-11-21,16,14.34
2025-11-22,16,15.92
2025-11-23,16,17.65
2025-11-24,16,19.83
2025-11-25,16,18.92
2025-11-27,16,15.03
2025-11-28,16,13.65
2025-12-01,16,20.3
2025-12-02,16,20.55
2025-12-03,16,18.62
2025-12-04,16,12.57
2025-12-08,16,15.73
2025-12-09,16,18.23
2025-12-10,16,17.61
2025-12-12,16,12.55
2025-12-15,16,12.51
2025-12-16,16,12.41
2025-12-17,16,18.53
2025-12-18,16,15.82
2025-12-22,16,18.57
2025-12-23,16,12.38
2025-12-24,16,15.06
2025-12-26,16,17.48
2025-12-29,16,16.74
2025-12-30,16,12.01
2025-01-01,17,34.36
2025-01-02,17,30.52
2025-01-03,17,26.18
2025-01-06,17,31.7
2025-01-07,17,35.45
2025-01-08,17,28.05
2025-01-09,17,35.06
2025-01-10,17,29.23
2025-01-12,17,34.32
2025-01-13,17,31.91
2025-01-16,17,20.35
2025-01-19,17,31.19
2025-01-20,17,21.69
2025-01-21,17,20.68
2025-01-22,17,30.05
2025-01-23,17,33.33
2025-01-26,17,31.28
2025-01-27,17,29.1
2025-01-29,17,35.01
2025-01-30,17,30.88
2025-01-31,17,35.13
2025-02-01,17,21.19
2025-02-03,17,23.2
2025-02-04,17,27.04
2025-02-05,17,24.97
2025-02-10,17,21.27
2025-02-11,17,33.57
2025-02-13,17,19.76
2025-02-14,17,25.01
2025-02-16,17,35.45
2025-02-17,17,34.93
2025-02-24,17,36.17
2025-02-28,17,21.01
2025-03-04,17,29.19
2025-03-05,17,20.24
2025-03-08,17,29.58
2025-03-10,17,21.67
2025-03-12,17,23.42
2025-03-13,17,30.82
2025-03-16,17,34.61
2025-03-17,17,24.86
2025-03-18,17,26.15
2025-03-21,17,34.11
2025-03-24,17,29.29
2025-03-25,17,33.44
2025-03-26,17,29.09
2025-03-27,17,25.02
2025-04-01,17,28.33
2025-04-02,17,19.8
2025-04-03,17,30.71
2025-04-04,17,31.97
2025-04-06,17,21.56
2025-04-07,17,24.22
2025-04-08,17,26.82
2025-04-09,17,25.12
2025-04-16,17,19.79
2025-04-18,17,35.44
2025-04-21,17,23.02
2025-04-22,17,27.61
2025-04-23,17,28.25
2025-04-24,17,36.03
2025-04-25,17,35.26
2025-04-29,17,30.18
2025-04-30,17,24.66
2025-05-01,17,27.97
2025-05-02,17,24.42
2025-05-04,17,20.48
2025-05-05,17,20.85
2025-05-06,17,33.26
2025-05-07,17,30.67
2025-05-08,17,34.24
2025-05-09,17,24.73
2025-05-12,17,21.52
2025-05-14,17,25.45
2025-05-16,17,33.6
2025-05-19,17,33.81
2025-05-21,17,22.04
2025-05-22,17,36.0
2025-05-23,17,27.26
2025-05-24,17,26.27
2025-05-27,17,33.36
2025-05-28,17,20.29
2025-05-29,17,29.27
2025-06-01,17,23.3
2025-06-02,17,35.1
2025-06-05,17,28.07
2025-06-06,17,23.86
2025-06-08,17,21.81
2025-06-11,17,28.29
2025-06-12,17,32.05
2025-06-16,17,25.28
2025-06-17,17,25.16
2025-06-19,17,21.92
2025-06-20,17,36.06
2025-06-21,17,29.88
2025-06-23,17,27.8
2025-06-25,17,34.25
2025-06-26,17,21.05
2025-07-01,17,31.63
2025-07-02,17,24.49
2025-07-03,17,33.23
2025-07-04,17,31.65
2025-07-07,17,27.35
2025-07-08,17,27.59
2025-07-14,17,30.65
2025-07-16,17,35.76
2025-07-17,17,29.7
2025-07-20,17,32.14
2025-07-21,17,24.11
2025-07-23,17,30.7
2025-07-24,17,27.69
2025-07-27,17,35.76
2025-07-28,17,31.93
2025-07-29,17,25.57
2025-07-30,17,26.47
2025-07-31,17,28.73
2025-08-01,17,21.86
2025-08-03,17,21.72
2025-08-07,17,34.87
2025-08-14,17,24.15
2025-08-15,17,24.15
2025-08-17,17,20.88
2025-08-18,17,22.96
2025-08-19,17,33.01
2025-08-20,17,19.7
2025-08-21,17,26.45
2025-08-22,17,30.96
2025-08-26,17,35.63
2025-08-29,17,35.29
2025-09-01,17,32.01
2025-09-04,17,35.49
2025-09-05,17,29.67
2025-09-08,17,28.02
2025-09-11,17,34.87
2025-09-13,17,26.36
2025-09-14,17,25.13
2025-09-15,17,34.9
2025-09-17,17,21.16
2025-09-18,17,28.54
2025-09-19,17,34.71
2025-09-23,17,31.98
2025-09-24,17,21.66
2025-09-26,17,31.94
2025-09-28,17,21.29
2025-09-29,17,31.19
2025-09-30,17,31.28
2025-10-03,17,34.97
2025-10-06,17,24.77
2025-10-07,17,30.24
2025-10-08,17,24.71
2025-10-10,17,23.67
2025-10-11,17,32.62
2025-10-12,17,27.22
2025-10-13,17,31.15
2025-10-16,17,24.58
2025-10-17,17,22.05
2025-10-20,17,30.75
2025-10-21,17,31.69
2025-10-22,17,24.48
2025-10-23,17,20.0
2025-10-24,17,26.62
2025-10-27,17,33.82
2025-10-31,17,23.32
2025-11-03,17,29.09
2025-11-09,17,24.05
2025-11-10,17,33.82
2025-11-11,17,32.17
2025-11-12,17,23.84
2025-11-14,17,25.5
2025-11-18,17,28.93
2025-11-19,17,33.12
2025-11-20,17,30.5
2025-11-22,17,34.46
2025-11-24,17,22.66
2025-11-27,17,25.27
2025-12-01,17,31.64
2025-12-02,17,23.15
2025-12-05,17,27.34
2025-12-10,17,36.37
2025-12-15,17,25.44
2025-12-17,17,20.91
2025-12-20,17,33.95
2025-12-22,17,33.55
2025-12-23,17,22.86
2025-12-24,17,28.09
2025-12-25,17,33.13
2025-12-29,17,20.44
2025-12-31,17,23.74
2025-01-02,18,21.92
2025-01-03,18,32.45
2025-01-08,18,30.3
2025-01-09,18,39.35
2025-01-11,18,35.22
2025-01-13,18,21.87
2025-01-14,18,30.78
2025-01-15,18,34.48
2025-01-16,18,32.11
2025-01-17,18,24.81
2025-01-19,18,31.65
2025-01-20,18,31.16
2025-01-21,18,34.18
2025-01-23,18,30.4
2025-01-24,18,32.83
2025-01-27,18,38.89
2025-01-28,18,32.54
2025-01-29,18,39.35
2025-01-31,18,37.4
2025-02-04,18,34.74
2025-02-05,18,27.23
2025-02-06,18,35.2
2025-02-07,18,21.72
2025-02-09,18,23.64
2025-02-10,18,28.77
2025-02-11,18,22.53
2025-02-14,18,27.63
2025-02-17,18,25.21
2025-02-19,18,28.77
2025-02-24,18,35.38
2025-02-25,18,36.83
2025-03-03,18,34.53
2025-03-05,18,38.78
2025-03-10,18,23.79
2025-03-11,18,33.12
2025-03-15,18,25.17
2025-03-16,18,28.46
2025-03-17,18,22.51
2025-03-18,18,25.03
2025-03-20,18,30.91
2025-03-21,18,39.48
2025-03-22,18,31.31
2025-03-24,18,38.98
2025-03-25,18,30.32
2025-03-26,18,33.03
2025-03-27,18,24.68
2025-03-28,18,31.6
2025-03-29,18,34.69
2025-03-31,18,30.43
2025-04-02,18,29.06
2025-04-03,18,33.05
2025-04-06,18,30.27
2025-04-08,18,40.09
2025-04-10,18,39.06
2025-04-11,18,37.41
2025-04-16,18,32.73
2025-04-17,18,28.13
2025-04-18,18,30.42
2025-04-20,18,24.41
2025-04-21,18,30.45
2025-04-23,18,39.3
2025-04-28,18,31.09
2025-04-30,18,37.19
2025-05-01,18,34.55
2025-05-02,18,28.75
2025-05-06,18,37.04
2025-05-07,18,23.6
2025-05-08,18,22.65
2025-05-09,18,27.97
2025-05-12,18,25.81
2025-05-13,18,31.89
2025-05-14,18,24.19
2025-05-17,18,29.26
2025-05-20,18,24.08
2025-05-22,18,26.59
2025-05-23,18,30.96
2025-05-25,18,29.11
2025-05-26,18,36.07
2025-05-27,18,22.52
2025-06-01,18,35.41
2025-06-03,18,38.5
2025-06-04,18,39.98
2025-06-09,18,29.92
2025-06-10,18,28.95
2025-06-12,18,27.84
2025-06-13,18,37.92
2025-06-14,18,28.87
2025-06-15,18,34.63
2025-06-16,18,34.07
2025-06-17,18,25.4
2025-06-19,18,29.84
2025-06-20,18,30.69
2025-06-23,18,28.7
2025-06-26,18,32.67
2025-06-27,18,27.04
2025-06-28,18,26.34
2025-06-29,18,31.36
2025-06-30,18,39.28
2025-07-01,18,33.64
2025-07-03,18,26.44
2025-07-04,18,22.43
2025-07-07,18,25.78
2025-07-10,18,34.68
2025-07-11,18,24.67
2025-07-15,18,31.14
2025-07-16,18,31.15
2025-07-17,18,27.52
2025-07-21,18,27.24
2025-07-22,18,37.24
2025-07-24,18,29.02
2025-07-28,18,35.53
2025-07-29,18,36.75
2025-07-31,18,35.01
2025-08-03,18,21.75
2025-08-04,18,28.26
2025-08-05,18,25.2
2025-08-07,18,25.91
2025-08-08,18,30.98
2025-08-09,18,26.76
2025-08-10,18,35.06
2025-08-12,18,34.98
2025-08-14,18,39.67
2025-08-16,18,25.16
2025-08-17,18,24.27
2025-08-19,18,36.26
2025-08-23,18,27.5
2025-08-25,18,22.31
2025-08-28,18,34.5
2025-08-31,18,39.05
2025-09-01,18,23.68
2025-09-02,18,35.99
2025-09-03,18,26.71
2025-09-04,18,40.15
2025-09-05,18,32.4
2025-09-07,18,39.76
2025-09-10,18,33.49
2025-09-13,18,35.95
2025-09-15,18,29.54
2025-09-17,18,31.7
2025-09-19,18,33.15
2025-09-24,18,35.99
2025-09-25,18,25.63
2025-09-26,18,22.07
2025-09-29,18,26.62
2025-09-30,18,32.36
2025-10-03,18,39.0
2025-10-05,18,24.13
2025-10-07,18,36.39
2025-10-12,18,37.11
2025-10-13,18,36.16
2025-10-16,18,30.26
2025-10-17,18,28.27
2025-10-21,18,30.89
2025-10-23,18,31.68
2025-10-28,18,40.22
2025-10-29,18,21.98
2025-10-31,18,35.27
2025-11-04,18,34.91
2025-11-05,18,29.27
2025-11-07,18,32.69
2025-11-11,18,32.38
2025-11-13,18,23.16
2025-11-14,18,27.88
2025-11-15,18,37.49
2025-11-20,18,29.66
2025-11-21,18,38.64
2025-11-22,18,27.02
2025-11-24,18,25.6
2025-11-25,18,23.35
2025-11-26,18,28.62
2025-11-28,18,29.57
2025-12-02,18,34.23
2025-12-05,18,27.2
2025-12-07,18,36.8
2025-12-10,18,35.05
2025-12-13,18,22.13
2025-12-15,18,32.09
2025-12-17,18,37.42
2025-12-18,18,24.83
2025-12-19,18,27.8
2025-12-21,18,32.98
2025-12-22,18,39.16
2025-12-23,18,25.64
2025-12-24,18,29.77
2025-12-25,18,37.88
2025-12-29,18,29.98
2025-01-01,19,36.42
2025-01-08,19,41.8
2025-01-10,19,26.17
2025-01-12,19,26.42
2025-01-13,19,27.33
2025-01-15,19,36.45
2025-01-17,19,31.93
2025-01-20,19,39.69
2025-01-27,19,32.11
2025-01-29,19,28.23
2025-01-30,19,31.57
2025-01-31,19,41.96
2025-02-04,19,32.69
2025-02-05,19,37.44
2025-02-06,19,36.67
2025-02-11,19,34.56
2025-02-13,19,26.17
2025-02-14,19,44.41
2025-02-18,19,39.37
2025-02-19,19,29.76
2025-02-22,19,43.7
2025-02-25,19,44.23
2025-02-26,19,25.63
2025-03-03,19,37.62
2025-03-04,19,36.26
2025-03-05,19,44.79
2025-03-10,19,25.22
2025-03-12,19,36.67
2025-03-13,19,30.18
2025-03-14,19,44.99
2025-03-18,19,31.04
2025-03-21,19,45.36
2025-03-22,19,30.79
2025-03-24,19,26.95
2025-03-25,19,25.03
2025-03-31,19,27.38
2025-04-01,19,28.44
2025-04-04,19,39.78
2025-04-05,19,37.28
2025-04-07,19,29.61
2025-04-13,19,26.32
2025-04-14,19,27.21
2025-04-15,19,37.79
2025-04-16,19,29.94
2025-04-18,19,31.81
2025-04-21,19,24.86
2025-04-23,19,26.76
2025-04-25,19,31.81
2025-04-29,19,30.08
2025-04-30,19,30.14
2025-05-01,19,37.24
2025-05-02,19,33.07
2025-05-03,19,34.63
2025-05-05,19,38.68
2025-05-07,19,36.18
2025-05-08,19,25.01
2025-05-15,19,45.3
2025-05-18,19,42.59
2025-05-19,19,42.08
2025-05-20,19,38.07
2025-05-21,19,28.72
2025-05-22,19,33.74
2025-05-23,19,34.72
2025-05-27,19,30.96
2025-05-28,19,43.72
2025-05-30,19,25.99
2025-06-04,19,28.23
2025-06-05,19,34.89
2025-06-06,19,35.81
2025-06-09,19,27.25
2025-06-10,19,41.52
2025-06-12,19,35.39
2025-06-13,19,38.66
2025-06-17,19,24.95
2025-06-18,19,34.49
2025-06-19,19,42.57
2025-06-20,19,38.98
2025-06-23,19,33.13
2025-06-24,19,29.76
2025-06-26,19,27.6
2025-06-27,19,24.78
2025-06-29,19,24.95
2025-06-30,19,38.78
2025-07-01,19,34.18
2025-07-05,19,39.55
2025-07-07,19,42.37
2025-07-08,19,44.7
2025-07-21,19,39.31
2025-07-22,19,30.44
2025-07-23,19,42.88
2025-07-29,19,32.47
2025-07-30,19,36.87
2025-08-01,19,44.84
2025-08-02,19,31.79
2025-08-04,19,32.16
2025-08-05,19,35.13
2025-08-06,19,39.75
2025-08-07,19,27.23
2025-08-09,19,42.12
2025-08-11,19,43.95
2025-08-15,19,43.28
2025-08-16,19,28.97
2025-08-18,19,35.3
2025-08-21,19,44.54
2025-08-23,19,32.07
2025-08-28,19,25.37
2025-08-29,19,25.52
2025-09-01,19,45.44
2025-09-02,19,40.23
2025-09-06,19,44.57
2025-09-08,19,38.31
2025-09-10,19,31.93
2025-09-14,19,29.77
2025-09-17,19,32.23
2025-09-18,19,39.48
2025-09-19,19,25.48
2025-09-20,19,38.05
2025-09-22,19,43.67
2025-09-23,19,32.68
2025-09-25,19,36.15
2025-09-26,19,41.09
2025-09-29,19,33.37
2025-10-02,19,41.56
2025-10-03,19,36.07
2025-10-06,19,31.51
2025-10-07,19,27.59
2025-10-15,19,41.92
2025-10-18,19,24.67
2025-10-20,19,28.73
2025-10-21,19,40.57
2025-10-22,19,31.16
2025-10-26,19,40.07
2025-10-27,19,25.71
2025-10-29,19,31.44
2025-10-30,19,31.77
2025-10-31,19,41.47
2025-11-01,19,44.88
2025-11-03,19,27.26
2025-11-04,19,37.79
2025-11-05,19,29.6
2025-11-07,19,42.46
2025-11-10,19,24.9
2025-11-12,19,31.0
2025-11-13,19,29.67
2025-11-14,19,41.5
2025-11-18,19,32.9
2025-11-19,19,37.65
2025-11-20,19,44.85
2025-11-24,19,41.67
2025-11-25,19,25.38
2025-11-26,19,42.66
2025-11-27,19,44.46
2025-11-28,19,30.7
2025-11-29,19,36.13
2025-12-01,19,38.0
2025-12-02,19,30.27
2025-12-03,19,40.16
2025-12-04,19,30.65
2025-12-05,19,40.18
2025-12-08,19,43.18
2025-12-15,19,27.53
2025-12-19,19,27.73
2025-12-24,19,24.52
2025-12-26,19,42.99
2025-12-29,19,27.54
2025-12-30,19,28.03
2025-12-31,19,34.18
2025-01-01,20,13.16
2025-01-04,20,9.91
2025-01-05,20,12.5
2025-01-09,20,12.7
2025-01-16,20,12.33
2025-01-17,20,13.83
2025-01-18,20,15.62
2025-01-20,20,10.2
2025-01-21,20,15.31
2025-01-24,20,13.07
2025-01-29,20,9.61
2025-01-30,20,9.58
2025-02-04,20,11.07
2025-02-06,20,14.55
2025-02-10,20,15.82
2025-02-11,20,16.44
2025-02-12,20,16.84
2025-02-13,20,10.09
2025-02-19,20,13.58
2025-02-21,20,11.46
2025-02-24,20,16.58
2025-02-25,20,15.49
2025-02-27,20,10.43
2025-02-28,20,11.6
2025-03-03,20,10.75
2025-03-04,20,13.34
2025-03-05,20,10.09
2025-03-07,20,12.05
2025-03-09,20,13.55
2025-03-10,20,9.17
2025-03-11,20,16.44
2025-03-12,20,16.88
2025-03-13,20,13.34
2025-03-14,20,11.52
2025-03-17,20,10.6
2025-03-18,20,11.22
2025-03-19,20,14.19
2025-03-21,20,10.53
2025-03-24,20,14.39
2025-03-25,20,10.36
2025-03-26,20,10.85
2025-03-28,20,13.49
2025-03-31,20,9.24
2025-04-01,20,10.53
2025-04-03,20,13.5
2025-04-04,20,16.5
2025-04-08,20,16.61
2025-04-09,20,11.49
2025-04-14,20,15.35
2025-04-15,20,10.76
2025-04-18,20,9.15
2025-04-19,20,13.57
2025-04-20,20,12.2
2025-04-21,20,14.67
2025-04-22,20,12.91
2025-04-23,20,13.91
2025-04-24,20,11.47
2025-05-01,20,12.37
2025-05-02,20,11.1
2025-05-06,20,12.68
2025-05-08,20,11.93
2025-05-09,20,16.08
2025-05-12,20,13.32
2025-05-13,20,14.8
2025-05-19,20,14.18
2025-05-20,20,9.64
2025-05-21,20,12.7
2025-05-22,20,14.78
2025-05-23,20,10.84
2025-05-27,20,16.52
2025-05-28,20,9.22
2025-05-29,20,10.22
2025-05-31,20,12.12
2025-06-01,20,15.7
2025-06-02,20,16.84
2025-06-03,20,10.1
2025-06-04,20,15.43
2025-06-06,20,9.35
2025-06-08,20,10.14
2025-06-09,20,9.49
2025-06-10,20,9.61
2025-06-11,20,15.6
2025-06-12,20,14.78
2025-06-13,20,14.24
2025-06-16,20,16.1
2025-06-17,20,11.85
2025-06-19,20,11.95
2025-06-22,20,16.88
2025-06-23,20,15.74
2025-06-24,20,14.8
2025-06-25,20,16.75
2025-06-26,20,9.3
2025-06-28,20,15.33
2025-06-30,20,15.21
2025-07-01,20,12.94
2025-07-02,20,13.87
2025-07-03,20,14.97
2025-07-04,20,14.22
2025-07-05,20,15.59
2025-07-06,20,13.12
2025-07-07,20,14.74
2025-07-08,20,14.75
2025-07-09,20,14.97
2025-07-10,20,11.31
2025-07-11,20,9.45
2025-07-12,20,16.39
2025-07-15,20,11.13
2025-07-17,20,16.5
2025-07-18,20,16.9
2025-07-21,20,16.03
2025-07-22,20,14.31
2025-07-24,20,12.55
2025-07-25,20,11.53
2025-07-28,20,14.32
2025-07-30,20,16.1
2025-08-01,20,12.48
2025-08-05,20,14.34
2025-08-06,20,9.24
2025-08-12,20,14.23
2025-08-13,20,10.39
2025-08-14,20,13.31
2025-08-18,20,11.09
2025-08-21,20,14.73
2025-08-24,20,12.28
2025-08-25,20,15.47
2025-08-27,20,11.78
2025-08-28,20,9.93
2025-08-30,20,9.57
2025-09-01,20,15.31
2025-09-02,20,13.52
2025-09-03,20,15.12
2025-09-04,20,12.23
2025-09-08,20,10.13
2025-09-15,20,12.6
2025-09-16,20,9.92
2025-09-18,20,13.44
2025-09-19,20,12.69
2025-09-20,20,14.35
2025-09-23,20,10.7
2025-09-26,20,14.77
2025-10-01,20,15.6
2025-10-02,20,16.6
2025-10-03,20,12.5
2025-10-06,20,13.73
2025-10-09,20,14.81
2025-10-10,20,10.47
2025-10-13,20,13.24
2025-10-14,20,12.96
2025-10-15,20,16.56
2025-10-20,20,11.44
2025-10-21,20,14.15
2025-10-23,20,10.5
2025-10-24,20,15.39
2025-10-28,20,9.57
2025-10-29,20,14.12
2025-10-30,20,16.67
2025-11-01,20,12.85
2025-11-03,20,16.3
2025-11-05,20,11.1
2025-11-06,20,11.41
2025-11-07,20,12.38
2025-11-09,20,13.71
2025-11-11,20,9.12
2025-11-12,20,11.63
2025-11-17,20,16.17
2025-11-19,20,11.13
2025-11-20,20,10.56
2025-11-21,20,16.48
2025-11-23,20,12.28
2025-11-26,20,14.9
2025-11-30,20,16.22
2025-12-01,20,14.73
2025-12-02,20,12.14
2025-12-03,20,10.34
2025-12-05,20,16.07
2025-12-09,20,15.02
2025-12-10,20,11.44
2025-12-11,20,14.48
2025-12-13,20,13.56
2025-12-16,20,14.47
2025-12-17,20,13.75
2025-12-23,20,16.26
2025-12-24,20,13.05
2025-12-25,20,13.35
2025-12-26,20,15.88
2025-12-29,20,10.98
2025-12-31,20,12.74
2025-01-07,21,31.1
2025-01-08,21,24.4
2025-01-09,21,19.74
2025-01-10,21,29.97
2025-01-11,21,21.59
2025-01-12,21,23.74
2025-01-17,21,31.36
2025-01-23,21,28.2
2025-01-24,21,23.3
2025-01-26,21,17.85
2025-01-27,21,27.32
2025-01-30,21,26.49
2025-02-01,21,28.26
2025-02-03,21,30.42
2025-02-05,21,18.87
2025-02-06,21,22.52
2025-02-07,21,25.49
2025-02-10,21,18.18
2025-02-11,21,25.47
2025-02-12,21,21.61
2025-02-13,21,29.79
2025-02-19,21,31.07
2025-02-20,21,24.26
2025-02-24,21,22.48
2025-02-25,21,22.22
2025-03-05,21,28.51
2025-03-06,21,29.34
2025-03-07,21,21.88
2025-03-10,21,17.96
2025-03-11,21,26.04
2025-03-14,21,28.81
2025-03-17,21,23.07
2025-03-19,21,28.34
2025-03-21,21,24.22
2025-03-24,21,22.36
2025-03-26,21,19.93
2025-03-27,21,31.0
2025-04-01,21,29.07
2025-04-02,21,27.56
2025-04-03,21,22.7
2025-04-06,21,26.64
2025-04-07,21,23.73
2025-04-09,21,31.65
2025-04-10,21,27.44
2025-04-16,21,25.51
2025-04-17,21,20.63
2025-04-18,21,18.79
2025-04-24,21,26.5
2025-04-27,21,28.36
2025-04-30,21,27.57
2025-05-02,21,27.51
2025-05-06,21,20.6
2025-05-08,21,21.48
2025-05-13,21,23.34
2025-05-19,21,17.87
2025-05-20,21,19.62
2025-05-23,21,30.05
2025-05-24,21,23.98
2025-05-26,21,24.12
2025-05-27,21,23.52
2025-05-30,21,23.85
2025-06-02,21,24.1
2025-06-05,21,26.92
2025-06-06,21,25.15
2025-06-09,21,21.69
2025-06-10,21,30.61
2025-06-11,21,23.89
2025-06-12,21,29.1
2025-06-13,21,22.77
2025-06-16,21,28.27
2025-06-19,21,31.79
2025-06-20,21,23.15
2025-06-23,21,22.04
2025-06-25,21,28.4
2025-06-28,21,31.49
2025-06-30,21,18.85
2025-07-01,21,19.21
2025-07-02,21,22.0
2025-07-03,21,26.56
2025-07-07,21,31.99
2025-07-08,21,30.7
2025-07-09,21,31.71
2025-07-10,21,24.11
2025-07-14,21,28.46
2025-07-15,21,17.67
2025-07-16,21,19.48
2025-07-18,21,23.99
2025-07-19,21,25.73
2025-07-20,21,17.85
2025-07-21,21,31.81
2025-07-22,21,28.13
2025-07-23,21,19.12
2025-07-24,21,24.47
2025-07-29,21,22.84
2025-08-01,21,20.98
2025-08-02,21,31.68
2025-08-04,21,19.22
2025-08-06,21,30.01
2025-08-07,21,30.8
2025-08-09,21,25.99
2025-08-11,21,30.39
2025-08-12,21,23.48
2025-08-13,21,23.25
2025-08-15,21,31.77
2025-08-17,21,20.16
2025-08-19,21,17.57
2025-08-20,21,26.46
2025-08-22,21,19.16
2025-08-25,21,29.04
2025-08-26,21,28.88
2025-08-27,21,21.16
2025-08-29,21,32.22
2025-09-02,21,29.47
2025-09-03,21,31.26
2025-09-04,21,28.66
2025-09-05,21,20.92
2025-09-06,21,23.88
2025-09-10,21,24.72
2025-09-11,21,29.76
2025-09-14,21,20.05
2025-09-18,21,28.95
2025-09-22,21,24.29
2025-09-24,21,30.09
2025-09-25,21,20.38
2025-09-26,21,25.09
2025-09-28,21,23.75
2025-09-29,21,18.98
2025-09-30,21,22.08
2025-10-02,21,28.87
2025-10-03,21,28.06
2025-10-06,21,29.97
2025-10-07,21,19.0
2025-10-09,21,24.63
2025-10-10,21,26.91
2025-10-14,21,24.94
2025-10-20,21,24.16
2025-10-21,21,29.97
2025-10-23,21,17.77
2025-10-25,21,26.83
2025-10-26,21,23.49
2025-10-28,21,23.86
2025-10-29,21,31.08
2025-10-31,21,18.72
2025-11-04,21,19.5
2025-11-06,21,30.36
2025-11-07,21,20.73
2025-11-11,21,26.65
2025-11-13,21,29.93
2025-11-17,21,19.98
2025-11-18,21,22.65
2025-11-19,21,28.92
2025-11-20,21,31.6
2025-11-21,21,23.74
2025-11-24,21,18.3
2025-11-25,21,21.56
2025-11-27,21,30.77
2025-12-03,21,22.59
2025-12-04,21,18.13
2025-12-05,21,30.32
2025-12-09,21,19.62
2025-12-13,21,20.74
2025-12-14,21,26.06
2025-12-16,21,30.08
2025-12-17,21,27.85
2025-12-19,21,31.02
2025-12-20,21,23.39
2025-12-23,21,26.41
2025-12-26,21,29.65
2025-12-29,21,25.14
2025-12-31,21,31.8
2025-01-07,22,15.72
2025-01-08,22,11.08
2025-01-10,22,15.41
2025-01-12,22,12.96
2025-01-13,22,14.98
2025-01-14,22,12.56
2025-01-15,22,11.34
2025-01-17,22,14.15
2025-01-21,22,11.06
2025-01-27,22,15.22
2025-01-29,22,16.12
2025-01-30,22,11.4
2025-02-03,22,10.78
2025-02-05,22,15.62
2025-02-10,22,10.4
2025-02-11,22,12.11
2025-02-13,22,10.71
2025-02-15,22,15.23
2025-02-17,22,16.26
2025-02-18,22,13.4
2025-02-19,22,9.61
2025-02-20,22,10.0
2025-02-21,22,15.03
2025-02-24,22,16.35
2025-02-28,22,12.07
2025-03-03,22,12.23
2025-03-06,22,14.77
2025-03-07,22,9.88
2025-03-10,22,15.46
2025-03-11,22,13.63
2025-03-12,22,10.46
2025-03-17,22,11.43
2025-03-24,22,15.6
2025-03-26,22,11.73
2025-03-27,22,10.92
2025-03-29,22,10.81
2025-04-01,22,10.8
2025-04-02,22,10.95
2025-04-03,22,11.22
2025-04-06,22,14.79
2025-04-07,22,14.2
2025-04-08,22,13.55
2025-04-11,22,11.71
2025-04-15,22,10.13
2025-04-16,22,9.93
2025-04-17,22,10.26
2025-04-21,22,13.77
2025-04-23,22,14.48
2025-04-24,22,10.71
2025-04-25,22,9.69
2025-04-28,22,10.04
2025-04-30,22,13.56
2025-05-01,22,12.3
2025-05-02,22,14.91
2025-05-03,22,9.91
2025-05-05,22,11.49
2025-05-06,22,12.6
2025-05-12,22,12.52
2025-05-13,22,16.78
2025-05-15,22,9.14
2025-05-16,22,11.0
2025-05-17,22,13.26
2025-05-20,22,12.21
2025-05-21,22,15.42
2025-05-26,22,13.51
2025-05-27,22,12.47
2025-05-29,22,9.51
2025-05-30,22,9.27
2025-05-31,22,9.96
2025-06-01,22,10.83
2025-06-03,22,10.09
2025-06-04,22,15.79
2025-06-06,22,13.48
2025-06-12,22,12.45
2025-06-15,22,16.84
2025-06-16,22,12.77
2025-06-18,22,12.82
2025-06-19,22,12.18
2025-06-20,22,11.94
2025-06-24,22,14.76
2025-06-25,22,9.34
2025-06-26,22,16.63
2025-06-28,22,10.36
2025-06-29,22,13.12
2025-06-30,22,10.83
2025-07-02,22,16.29
2025-07-04,22,15.26
2025-07-07,22,16.4
2025-07-08,22,9.43
2025-07-09,22,15.35
2025-07-13,22,13.69
2025-07-15,22,10.45
2025-07-16,22,13.73
2025-07-20,22,16.14
2025-07-22,22,16.69
2025-07-23,22,16.04
2025-07-27,22,13.25
2025-07-28,22,15.28
2025-07-31,22,15.41
2025-08-03,22,9.73
2025-08-04,22,14.0
2025-08-07,22,11.69
2025-08-12,22,14.05
2025-08-14,22,10.79
2025-08-15,22,9.1
2025-08-17,22,11.0
2025-08-18,22,13.47
2025-08-19,22,14.36
2025-08-20,22,10.07
2025-08-21,22,11.73
2025-08-22,22,9.62
2025-08-25,22,9.61
2025-08-28,22,14.57
2025-09-01,22,9.19
2025-09-04,22,16.27
2025-09-09,22,15.67
2025-09-11,22,9.87
2025-09-15,22,9.26
2025-09-16,22,10.96
2025-09-18,22,9.7
2025-09-19,22,12.13
2025-09-20,22,15.28
2025-09-22,22,12.88
2025-09-23,22,10.11
2025-09-24,22,15.8
2025-09-29,22,14.73
2025-10-01,22,9.48
2025-10-07,22,16.23
2025-10-10,22,10.63
2025-10-14,22,11.11
2025-10-16,22,11.6
2025-10-17,22,13.96
2025-10-18,22,15.81
2025-10-21,22,11.25
2025-10-22,22,9.13
2025-10-23,22,9.94
2025-10-24,22,13.7
2025-10-26,22,15.14
2025-10-28,22,10.31
2025-10-30,22,16.73
2025-10-31,22,15.91
2025-11-03,22,14.2
2025-11-04,22,10.99
2025-11-06,22,16.34
2025-11-07,22,15.88
2025-11-11,22,16.01
2025-11-13,22,13.97
2025-11-14,22,15.63
2025-11-15,22,9.65
2025-11-17,22,15.77
2025-11-19,22,9.57
2025-11-21,22,12.59
2025-11-24,22,15.0
2025-11-25,22,15.94
2025-11-26,22,10.96
2025-11-28,22,10.71
2025-12-02,22,14.77
2025-12-03,22,12.19
2025-12-06,22,11.27
2025-12-11,22,15.42
2025-12-12,22,10.07
2025-12-16,22,14.15
2025-12-18,22,11.68
2025-12-22,22,12.34
2025-12-23,22,16.57
2025-12-24,22,15.93
2025-12-25,22,13.37
2025-12-26,22,15.06
2025-12-29,22,10.75
2025-12-30,22,11.35
2025-01-01,23,21.29
2025-01-08,23,22.6
2025-01-10,23,22.75
2025-01-11,23,17.93
2025-01-12,23,23.97
2025-01-14,23,30.25
2025-01-15,23,32.02
2025-01-21,23,22.68
2025-01-23,23,30.06
2025-01-27,23,22.51
2025-01-28,23,20.9
2025-01-29,23,26.18
2025-01-30,23,29.43
2025-02-02,23,30.68
2025-02-04,23,18.03
2025-02-07,23,26.31
2025-02-10,23,24.3
2025-02-11,23,31.86
2025-02-17,23,29.55
2025-02-18,23,22.36
2025-02-19,23,29.24
2025-02-21,23,23.55
2025-02-23,23,29.55
2025-02-25,23,17.52
2025-02-26,23,21.65
2025-02-27,23,18.63
2025-02-28,23,26.72
2025-03-02,23,23.87
2025-03-03,23,25.2
2025-03-05,23,30.2
2025-03-06,23,26.56
2025-03-07,23,29.85
2025-03-11,23,31.09
2025-03-12,23,21.35
2025-03-13,23,31.98
2025-03-17,23,31.36
2025-03-19,23,20.13
2025-03-28,23,26.82
2025-03-31,23,19.42
2025-04-01,23,27.67
2025-04-02,23,22.46
2025-04-03,23,24.5
2025-04-04,23,22.54
2025-04-07,23,21.36
2025-04-09,23,20.94
2025-04-10,23,22.34
2025-04-11,23,17.99
2025-04-14,23,28.93
2025-04-15,23,31.54
2025-04-16,23,27.61
2025-04-17,23,30.7
2025-04-18,23,18.73
2025-04-20,23,29.14
2025-04-22,23,23.12
2025-04-23,23,27.91
2025-04-24,23,26.07
2025-04-29,23,24.05
2025-05-01,23,18.53
2025-05-02,23,29.37
2025-05-05,23,30.07
2025-05-07,23,18.67
2025-05-13,23,28.43
2025-05-16,23,26.47
2025-05-19,23,30.82
2025-05-20,23,26.87
2025-05-22,23,32.23
2025-05-27,23,22.18
2025-05-28,23,21.84
2025-05-29,23,32.34
2025-06-03,23,29.8
2025-06-06,23,24.43
2025-06-07,23,23.49
2025-06-13,23,27.12
2025-06-14,23,21.59
2025-06-18,23,19.05
2025-06-19,23,18.87
2025-06-20,23,27.83
2025-06-24,23,32.1
2025-06-25,23,30.19
2025-06-28,23,27.25
2025-06-29,23,17.58
2025-06-30,23,31.24
2025-07-02,23,25.71
2025-07-04,23,23.4
2025-07-07,23,29.25
2025-07-08,23,21.28
2025-07-09,23,18.67
2025-07-10,23,19.72
2025-07-17,23,19.98
2025-07-23,23,28.72
2025-07-24,23,21.4
2025-07-25,23,24.28
2025-07-26,23,29.86
2025-07-29,23,31.91
2025-07-30,23,28.57
2025-07-31,23,23.23
2025-08-01,23,28.56
2025-08-02,23,21.41
2025-08-04,23,27.06
2025-08-05,23,25.61
2025-08-06,23,20.3
2025-08-07,23,27.78
2025-08-08,23,19.34
2025-08-11,23,23.51
2025-08-12,23,17.52
2025-08-20,23,26.06
2025-08-21,23,25.85
2025-08-22,23,30.38
2025-08-24,23,18.45
2025-08-25,23,17.73
2025-08-26,23,23.02
2025-08-27,23,32.19
2025-08-28,23,21.48
2025-08-29,23,25.17
2025-08-30,23,26.74
2025-08-31,23,26.15
2025-09-02,23,23.8
2025-09-03,23,29.37
2025-09-04,23,26.01
2025-09-08,23,28.45
2025-09-15,23,26.42
2025-09-16,23,22.4
2025-09-18,23,20.68
2025-09-19,23,30.39
2025-09-22,23,23.96
2025-09-23,23,24.32
2025-09-25,23,23.25
2025-09-26,23,24.37
2025-09-27,23,26.06
2025-09-30,23,22.35
2025-10-01,23,28.0
2025-10-02,23,26.82
2025-10-07,23,28.27
2025-10-08,23,22.09
2025-10-12,23,24.52
2025-10-13,23,18.7
2025-10-14,23,23.11
2025-10-15,23,21.95
2025-10-16,23,32.33
2025-10-18,23,30.59
2025-10-21,23,24.47
2025-10-23,23,31.23
2025-10-27,23,22.46
2025-10-29,23,25.98
2025-10-30,23,23.44
2025-10-31,23,25.56
2025-11-02,23,30.84
2025-11-06,23,23.73
2025-11-10,23,28.5
2025-11-11,23,25.38
2025-11-12,23,32.38
2025-11-13,23,27.02
2025-11-14,23,29.28
2025-11-17,23,23.67
2025-11-24,23,27.39
2025-11-25,23,24.92
2025-11-26,23,25.06
2025-11-27,23,23.04
2025-11-28,23,26.08
2025-11-29,23,19.91
2025-11-30,23,23.22
2025-12-03,23,27.02
2025-12-05,23,27.5
2025-12-06,23,24.84
2025-12-08,23,26.88
2025-12-09,23,21.63
2025-12-10,23,29.13
2025-12-15,23,19.4
2025-12-16,23,25.45
2025-12-17,23,31.54
2025-12-19,23,20.11
2025-12-20,23,28.57
2025-12-23,23,29.9
2025-12-24,23,30.61
2025-12-29,23,18.95
2025-12-30,23,24.69
2025-12-31,23,18.68
2025-01-01,24,16.5
2025-01-02,24,23.52
2025-01-04,24,26.06
2025-01-06,24,26.4
2025-01-07,24,25.46
2025-01-10,24,21.77
2025-01-11,24,18.92
2025-01-14,24,18.58
2025-01-15,24,22.38
2025-01-16,24,19.32
2025-01-18,24,23.54
2025-01-20,24,24.43
2025-01-23,24,20.88
2025-01-27,24,17.09
2025-01-28,24,24.14
2025-01-29,24,20.75
2025-01-31,24,26.63
2025-02-02,24,26.16
2025-02-04,24,19.0
2025-02-05,24,28.82
2025-02-07,24,25.52
2025-02-11,24,27.33
2025-02-14,24,27.64
2025-02-16,24,22.84
2025-02-17,24,26.51
2025-02-19,24,28.2
2025-02-20,24,27.1
2025-02-21,24,20.63
2025-02-22,24,18.41
2025-02-24,24,17.78
2025-02-25,24,17.1
2025-02-28,24,23.83
2025-03-01,24,28.57
2025-03-07,24,20.32
2025-03-08,24,20.62
2025-03-10,24,19.67
2025-03-11,24,19.32
2025-03-12,24,28.84
2025-03-17,24,28.45
2025-03-18,24,17.36
2025-03-20,24,21.23
2025-03-21,24,17.99
2025-03-22,24,16.85
2025-03-25,24,28.17
2025-03-26,24,20.59
2025-03-27,24,24.66
2025-03-28,24,24.56
2025-04-02,24,21.06
2025-04-05,24,21.29
2025-04-07,24,18.56
2025-04-10,24,25.48
2025-04-12,24,19.56
2025-04-15,24,29.68
2025-04-16,24,21.06
2025-04-17,24,18.51
2025-04-23,24,25.4
2025-04-24,24,23.81
2025-04-25,24,25.71
2025-04-26,24,27.38
2025-04-28,24,20.57
2025-04-29,24,24.33
2025-04-30,24,24.28
2025-05-01,24,16.87
2025-05-02,24,17.5
2025-05-05,24,23.18
2025-05-06,24,23.7
2025-05-07,24,24.53
2025-05-09,24,26.65
2025-05-10,24,21.28
2025-05-11,24,20.96
2025-05-12,24,21.25
2025-05-13,24,20.25
2025-05-16,24,18.75
2025-05-19,24,22.38
2025-05-20,24,22.31
2025-05-21,24,29.12
2025-05-23,24,23.23
2025-05-24,24,21.77
2025-05-26,24,20.71
2025-05-27,24,27.14
2025-05-29,24,19.1
2025-05-30,24,29.35
2025-06-02,24,26.85
2025-06-03,24,18.57
2025-06-04,24,25.28
2025-06-08,24,29.33
2025-06-09,24,24.7
2025-06-11,24,18.93
2025-06-16,24,17.26
2025-06-17,24,20.39
2025-06-22,24,29.6
2025-06-23,24,17.58
2025-06-24,24,28.16
2025-06-26,24,28.33
2025-06-27,24,16.64
2025-06-30,24,24.03
2025-07-04,24,29.45
2025-07-06,24,27.82
2025-07-07,24,21.45
2025-07-09,24,23.09
2025-07-11,24,21.98
2025-07-14,24,22.18
2025-07-15,24,24.82
2025-07-17,24,27.38
2025-07-18,24,20.77
2025-07-21,24,16.88
2025-07-22,24,20.04
2025-07-23,24,25.39
2025-07-24,24,26.53
2025-07-25,24,20.38
2025-07-27,24,28.31
2025-07-28,24,22.23
2025-07-31,24,21.91
2025-08-04,24,29.88
2025-08-05,24,16.48
2025-08-07,24,16.94
2025-08-08,24,21.98
2025-08-11,24,23.05
2025-08-14,24,29.66
2025-08-16,24,16.59
2025-08-17,24,26.14
2025-08-18,24,23.16
2025-08-19,24,28.81
2025-08-20,24,28.63
2025-08-22,24,22.51
2025-08-23,24,28.64
2025-08-25,24,17.62
2025-08-26,24,29.08
2025-08-29,24,16.7
2025-08-31,24,29.18
2025-09-01,24,16.24
2025-09-05,24,18.6
2025-09-09,24,29.33
2025-09-12,24,21.82
2025-09-18,24,16.15
2025-09-19,24,18.87
2025-09-20,24,19.62
2025-09-22,24,21.9
2025-09-23,24,16.68
2025-09-25,24,22.23
2025-10-02,24,25.0
2025-10-03,24,23.84
2025-10-07,24,29.88
2025-10-08,24,16.68
2025-10-09,24,19.89
2025-10-10,24,27.43
2025-10-13,24,18.78
2025-10-15,24,24.4
2025-10-17,24,28.72
2025-10-21,24,23.61
2025-10-28,24,18.44
2025-10-29,24,25.79
2025-10-30,24,16.16
2025-10-31,24,29.47
2025-11-03,24,21.01
2025-11-04,24,17.57
2025-11-07,24,16.85
2025-11-10,24,20.26
2025-11-11,24,26.78
2025-11-14,24,28.64
2025-11-16,24,19.18
2025-11-17,24,17.36
2025-11-18,24,24.13
2025-11-19,24,20.67
2025-11-20,24,29.33
2025-11-21,24,25.14
2025-11-22,24,17.02
2025-11-24,24,16.41
2025-11-25,24,23.89
2025-11-27,24,25.32
2025-11-28,24,24.57
2025-12-03,24,28.32
2025-12-04,24,29.25
2025-12-05,24,21.37
2025-12-06,24,17.65
2025-12-12,24,16.72
2025-12-13,24,20.94
2025-12-14,24,16.96
2025-12-15,24,17.82
2025-12-17,24,23.52
2025-12-18,24,23.6
2025-12-19,24,20.5
2025-12-20,24,21.56
2025-12-21,24,23.85
2025-12-23,24,22.09
2025-12-24,24,27.72
2025-12-25,24,26.23
2025-12-29,24,17.39
2025-12-30,24,17.64
2025-12-31,24,23.06
2025-01-01,25,31.45
2025-01-02,25,42.63
2025-01-03,25,29.15
2025-01-07,25,29.37
2025-01-09,25,37.8
2025-01-10,25,34.62
2025-01-11,25,29.17
2025-01-13,25,33.83
2025-01-14,25,35.97
2025-01-16,25,27.39
2025-01-19,25,32.73
2025-01-20,25,27.04
2025-01-24,25,25.45
2025-01-26,25,30.78
2025-01-27,25,34.39
2025-01-28,25,29.26
2025-01-31,25,37.48
2025-02-01,25,31.67
2025-02-03,25,30.71
2025-02-06,25,23.3
2025-02-07,25,30.99
2025-02-11,25,28.5
2025-02-12,25,29.35
2025-02-14,25,40.32
2025-02-17,25,41.87
2025-02-18,25,23.78
2025-02-19,25,26.95
2025-02-20,25,28.8
2025-02-21,25,36.66
2025-02-22,25,33.85
2025-02-24,25,35.81
2025-02-26,25,31.39
2025-03-02,25,40.95
2025-03-03,25,30.09
2025-03-04,25,31.96
2025-03-08,25,34.28
2025-03-10,25,41.81
2025-03-13,25,36.02
2025-03-17,25,34.39
2025-03-21,25,28.29
2025-03-23,25,32.29
2025-03-24,25,25.89
2025-03-27,25,27.61
2025-03-28,25,31.68
2025-03-29,25,31.76
2025-04-01,25,36.44
2025-04-03,25,29.62
2025-04-04,25,27.96
2025-04-07,25,36.55
2025-04-09,25,26.73
2025-04-14,25,28.0
2025-04-15,25,24.2
2025-04-21,25,30.31
2025-04-23,25,41.59
2025-04-25,25,25.7
2025-04-27,25,38.76
2025-04-28,25,27.65
2025-04-29,25,31.14
2025-05-01,25,40.84
2025-05-04,25,35.54
2025-05-05,25,33.74
2025-05-07,25,40.07
2025-05-08,25,39.06
2025-05-09,25,39.2
2025-05-12,25,36.13
2025-05-13,25,32.88
2025-05-14,25,40.37
2025-05-19,25,31.11
2025-05-20,25,41.67
2025-05-22,25,38.35
2025-05-23,25,37.56
2025-05-28,25,34.3
2025-06-06,25,24.51
2025-06-10,25,29.28
2025-06-11,25,37.56
2025-06-12,25,37.25
2025-06-13,25,38.36
2025-06-14,25,27.16
2025-06-16,25,27.14
2025-06-18,25,31.44
2025-06-19,25,30.78
2025-06-20,25,28.95
2025-06-24,25,30.57
2025-06-25,25,38.12
2025-07-01,25,28.12
2025-07-02,25,35.35
2025-07-03,25,37.06
2025-07-04,25,33.51
2025-07-07,25,24.38
2025-07-09,25,29.97
2025-07-10,25,31.92
2025-07-11,25,29.05
2025-07-15,25,30.76
2025-07-16,25,26.87
2025-07-18,25,26.9
2025-07-20,25,42.55
2025-07-22,25,25.3
2025-07-23,25,28.63
2025-07-24,25,32.95
2025-07-30,25,31.11
2025-08-04,25,33.11
2025-08-05,25,35.91
2025-08-06,25,36.3
2025-08-10,25,40.02
2025-08-11,25,26.3
2025-08-12,25,33.18
2025-08-13,25,41.67
2025-08-16,25,41.83
2025-08-21,25,40.41
2025-08-22,25,29.39
2025-08-25,25,42.29
2025-08-27,25,40.22
2025-08-28,25,30.65
2025-08-29,25,23.99
2025-08-31,25,41.4
2025-09-04,25,41.72
2025-09-07,25,37.04
2025-09-10,25,25.91
2025-09-11,25,35.36
2025-09-12,25,30.96
2025-09-15,25,32.68
2025-09-18,25,28.11
2025-09-23,25,36.04
2025-09-25,25,25.07
2025-09-30,25,38.42
2025-10-02,25,31.12
2025-10-04,25,23.67
2025-10-08,25,26.19
2025-10-09,25,36.63
2025-10-12,25,35.77
2025-10-13,25,25.34
2025-10-15,25,37.82
2025-10-17,25,27.99
2025-10-20,25,37.87
2025-10-23,25,39.47
2025-10-27,25,25.89
2025-10-29,25,40.4
2025-11-02,25,40.37
2025-11-03,25,34.18
2025-11-04,25,41.63
2025-11-06,25,34.53
2025-11-09,25,36.45
2025-11-10,25,32.09
2025-11-11,25,30.65
2025-11-12,25,30.14
2025-11-13,25,32.99
2025-11-16,25,40.39
2025-11-17,25,34.81
2025-11-18,25,34.13
2025-11-20,25,29.42
2025-11-22,25,26.67
2025-11-23,25,27.27
2025-11-24,25,33.76
2025-11-25,25,24.53
2025-12-03,25,35.42
2025-12-04,25,40.63
2025-12-05,25,36.91
2025-12-06,25,33.68
2025-12-08,25,30.82
2025-12-09,25,32.34
2025-12-10,25,40.19
2025-12-11,25,30.3
2025-12-15,25,39.12
2025-12-16,25,30.81
2025-12-18,25,40.23
2025-12-19,25,34.61
2025-12-24,25,41.65
2025-12-25,25,40.81
2025-12-26,25,29.27
2025-12-27,25,29.38
2025-12-28,25,41.04
2025-12-30,25,25.93
2025-01-05,26,33.09
2025-01-06,26,35.64
2025-01-10,26,49.83
2025-01-12,26,48.91
2025-01-13,26,29.94
2025-01-16,26,35.65
2025-01-20,26,29.89
2025-01-21,26,33.97
2025-01-22,26,32.63
2025-01-23,26,35.87
2025-01-25,26,39.15
2025-01-26,26,39.56
2025-01-27,26,51.47
2025-01-29,26,30.08
2025-01-30,26,46.21
2025-01-31,26,41.64
2025-02-06,26,41.65
2025-02-10,26,36.52
2025-02-11,26,34.3
2025-02-12,26,45.02
2025-02-13,26,45.8
2025-02-26,26,51.18
2025-02-27,26,47.16
2025-02-28,26,37.5
2025-03-03,26,47.34
2025-03-04,26,35.5
2025-03-05,26,42.14
2025-03-06,26,34.22
2025-03-07,26,43.66
2025-03-08,26,32.21
2025-03-09,26,51.37
2025-03-10,26,42.38
2025-03-11,26,39.77
2025-03-12,26,28.83
2025-03-13,26,37.57
2025-03-14,26,44.5
2025-03-20,26,45.7
2025-03-21,26,40.29
2025-03-23,26,38.23
2025-03-24,26,44.78
2025-03-25,26,40.75
2025-03-26,26,31.35
2025-03-27,26,51.64
2025-03-28,26,34.86
2025-03-30,26,49.02
2025-03-31,26,37.8
2025-04-01,26,35.13
2025-04-02,26,49.24
2025-04-08,26,46.78
2025-04-09,26,43.44
2025-04-11,26,29.6
2025-04-16,26,39.19
2025-04-18,26,34.08
2025-04-21,26,32.91
2025-04-25,26,50.34
2025-04-28,26,30.95
2025-04-30,26,34.12
2025-05-05,26,50.12
2025-05-06,26,48.55
2025-05-07,26,48.37
2025-05-08,26,41.93
2025-05-15,26,32.16
2025-05-16,26,33.92
2025-05-17,26,41.39
2025-05-18,26,28.93
2025-05-19,26,47.96
2025-05-20,26,36.59
2025-05-22,26,51.53
2025-05-24,26,44.3
2025-05-26,26,48.68
2025-05-27,26,34.69
2025-05-28,26,33.06
2025-05-29,26,50.02
2025-05-30,26,38.26
2025-06-08,26,37.65
2025-06-10,26,34.56
2025-06-11,26,50.4
2025-06-12,26,46.46
2025-06-17,26,32.9
2025-06-18,26,46.37
2025-06-21,26,42.39
2025-06-23,26,32.81
2025-06-24,26,48.23
2025-06-25,26,34.83
2025-06-27,26,28.23
2025-06-29,26,30.47
2025-06-30,26,42.24
2025-07-01,26,36.67
2025-07-03,26,49.98
2025-07-04,26,37.57
2025-07-06,26,30.15
2025-07-08,26,46.97
2025-07-10,26,42.31
2025-07-11,26,51.56
2025-07-14,26,46.54
2025-07-15,26,33.01
2025-07-17,26,51.17
2025-07-18,26,47.67
2025-07-21,26,42.05
2025-07-22,26,43.78
2025-07-23,26,29.54
2025-07-24,26,38.06
2025-07-27,26,41.78
2025-07-29,26,37.82
2025-07-30,26,31.24
2025-07-31,26,31.67
2025-08-02,26,32.55
2025-08-04,26,32.6
2025-08-06,26,43.68
2025-08-07,26,44.14
2025-08-08,26,33.36
2025-08-12,26,51.63
2025-08-15,26,39.37
2025-08-19,26,47.17
2025-08-20,26,41.09
2025-08-21,26,36.34
2025-08-23,26,43.18
2025-08-25,26,35.82
2025-08-26,26,32.49
2025-08-29,26,32.49
2025-09-01,26,28.48
2025-09-02,26,50.96
2025-09-03,26,38.08
2025-09-16,26,41.51
2025-09-17,26,47.61
2025-09-18,26,47.91
2025-09-20,26,41.01
2025-09-22,26,36.44
2025-09-23,26,51.66
2025-09-24,26,43.9
2025-09-25,26,43.5
2025-09-26,26,44.17
2025-09-29,26,43.77
2025-09-30,26,28.69
2025-10-01,26,38.41
2025-10-02,26,44.92
2025-10-03,26,35.57
2025-10-04,26,44.48
2025-10-06,26,44.92
2025-10-07,26,39.26
2025-10-08,26,43.27
2025-10-10,26,31.38
2025-10-11,26,43.35
2025-10-13,26,32.07
2025-10-19,26,30.57
2025-10-20,26,45.1
2025-10-21,26,39.91
2025-10-22,26,35.46
2025-10-24,26,36.46
2025-10-26,26,44.15
2025-10-30,26,42.07
2025-10-31,26,34.19
2025-11-01,26,35.56
2025-11-03,26,41.49
2025-11-04,26,39.01
2025-11-06,26,43.06
2025-11-07,26,29.47
2025-11-10,26,29.67
2025-11-11,26,46.35
2025-11-13,26,39.24
2025-11-19,26,48.75
2025-11-21,26,29.24
2025-11-25,26,30.86
2025-11-26,26,31.76
2025-11-27,26,39.72
2025-12-01,26,40.52
2025-12-02,26,40.43
2025-12-03,26,28.04
2025-12-04,26,30.44
2025-12-06,26,49.47
2025-12-10,26,40.23
2025-12-11,26,47.35
2025-12-16,26,28.97
2025-12-18,26,51.89
2025-12-19,26,48.54
2025-12-24,26,50.8
2025-12-25,26,29.97
2025-12-26,26,47.88
2025-12-30,26,50.77
2025-12-31,26,49.56
2025-01-01,27,33.54
2025-01-06,27,36.83
2025-01-08,27,30.2
2025-01-10,27,28.21
2025-01-13,27,32.87
2025-01-17,27,30.3
2025-01-19,27,26.77
2025-01-20,27,36.73
2025-01-23,27,34.44
2025-01-24,27,34.51
2025-02-03,27,40.84
2025-02-04,27,40.11
2025-02-07,27,33.36
2025-02-10,27,43.37
2025-02-12,27,43.47
2025-02-13,27,38.01
2025-02-14,27,39.52
2025-02-20,27,26.01
2025-02-21,27,44.61
2025-02-22,27,46.42
2025-02-26,27,40.77
2025-02-27,27,43.46
2025-03-03,27,26.4
2025-03-05,27,37.77
2025-03-06,27,25.68
2025-03-07,27,43.07
2025-03-11,27,30.77
2025-03-14,27,45.74
2025-03-16,27,28.92
2025-03-18,27,27.26
2025-03-20,27,35.84
2025-03-21,27,39.48
2025-03-23,27,32.55
2025-03-24,27,45.18
2025-03-26,27,41.09
2025-03-30,27,41.65
2025-03-31,27,27.72
2025-04-03,27,39.15
2025-04-04,27,44.61
2025-04-06,27,30.86
2025-04-07,27,27.84
2025-04-08,27,39.89
2025-04-09,27,40.89
2025-04-10,27,38.37
2025-04-11,27,26.45
2025-04-13,27,43.08
2025-04-15,27,28.08
2025-04-16,27,35.85
2025-04-18,27,25.39
2025-04-21,27,35.83
2025-04-22,27,35.03
2025-04-23,27,38.77
2025-04-24,27,28.89
2025-04-25,27,32.9
2025-04-29,27,43.27
2025-04-30,27,31.11
2025-05-04,27,28.31
2025-05-05,27,38.99
2025-05-06,27,43.79
2025-05-07,27,34.08
2025-05-10,27,46.8
2025-05-12,27,43.61
2025-05-18,27,41.76
2025-05-20,27,36.95
2025-05-21,27,40.14
2025-05-22,27,42.59
2025-05-23,27,34.24
2025-05-26,27,26.24
2025-05-31,27,30.37
2025-06-01,27,32.88
2025-06-02,27,30.48
2025-06-04,27,39.83
2025-06-09,27,25.52
2025-06-10,27,31.29
2025-06-14,27,46.59
2025-06-17,27,26.56
2025-06-18,27,43.75
2025-06-19,27,28.53
2025-06-22,27,40.91
2025-06-23,27,33.29
2025-06-24,27,34.42
2025-06-25,27,37.78
2025-06-26,27,40.35
2025-06-29,27,39.04
2025-07-02,27,30.16
2025-07-04,27,45.06
2025-07-07,27,43.49
2025-07-08,27,36.55
2025-07-11,27,37.41
2025-07-16,27,34.76
2025-07-17,27,27.7
2025-07-18,27,35.1
2025-07-22,27,29.24
2025-07-23,27,39.88
2025-07-24,27,34.42
2025-07-25,27,41.74
2025-07-28,27,34.56
2025-07-29,27,28.83
2025-07-30,27,28.02
2025-07-31,27,29.58
2025-08-01,27,39.03
2025-08-04,27,34.34
2025-08-06,27,43.51
2025-08-07,27,45.32
2025-08-11,27,27.72
2025-08-12,27,29.23
2025-08-13,27,31.73
2025-08-15,27,31.52
2025-08-18,27,46.03
2025-08-19,27,36.48
2025-08-20,27,35.69
2025-08-22,27,32.79
2025-08-23,27,46.3
2025-08-24,27,44.6
2025-08-25,27,37.89
2025-08-27,27,34.79
2025-08-28,27,26.42
2025-08-30,27,39.31
2025-09-01,27,39.61
2025-09-02,27,32.01
2025-09-03,27,30.52
2025-09-05,27,30.5
2025-09-07,27,30.99
2025-09-08,27,44.26
2025-09-11,27,39.04
2025-09-12,27,31.65
2025-09-14,27,32.68
2025-09-17,27,25.7
2025-09-18,27,35.66
2025-09-19,27,31.73
2025-09-22,27,33.95
2025-09-23,27,29.58
2025-09-26,27,44.11
2025-09-27,27,38.73
2025-09-28,27,44.22
2025-09-29,27,37.19
2025-10-01,27,33.94
2025-10-02,27,39.95
2025-10-03,27,37.28
2025-10-06,27,39.79
2025-10-09,27,33.67
2025-10-13,27,31.34
2025-10-14,27,45.11
2025-10-15,27,37.57
2025-10-16,27,33.18
2025-10-17,27,39.64
2025-10-20,27,42.65
2025-10-24,27,38.7
2025-10-27,27,45.87
2025-10-29,27,46.42
2025-10-30,27,33.24
2025-11-03,27,27.53
2025-11-04,27,37.2
2025-11-05,27,46.03
2025-11-06,27,28.46
2025-11-07,27,42.49
2025-11-09,27,27.42
2025-11-10,27,32.49
2025-11-13,27,43.67
2025-11-18,27,34.05
2025-11-19,27,44.05
2025-11-20,27,28.64
2025-11-21,27,43.06
2025-11-24,27,39.84
2025-11-25,27,37.47
2025-11-26,27,46.32
2025-11-27,27,37.13
2025-11-30,27,36.81
2025-12-02,27,39.88
2025-12-11,27,28.08
2025-12-12,27,45.57
2025-12-15,27,31.87
2025-12-16,27,40.63
2025-12-17,27,29.26
2025-12-18,27,30.07
2025-12-22,27,29.29
2025-12-25,27,30.16
2025-12-26,27,38.56
2025-12-27,27,32.61
2025-12-29,27,27.95
2025-12-30,27,46.72
2025-12-31,27,44.77
2025-01-02,28,19.98
2025-01-07,28,19.79
2025-01-08,28,24.69
2025-01-09,28,25.18
2025-01-10,28,22.04
2025-01-14,28,25.17
2025-01-16,28,24.64
2025-01-19,28,18.74
2025-01-22,28,16.59
2025-01-23,28,14.81
2025-01-28,28,21.75
2025-01-29,28,19.01
2025-01-31,28,18.69
2025-02-02,28,17.48
2025-02-03,28,25.08
2025-02-05,28,23.16
2025-02-06,28,20.32
2025-02-07,28,15.37
2025-02-09,28,23.87
2025-02-10,28,14.17
2025-02-12,28,18.13
2025-02-13,28,14.88
2025-02-16,28,24.42
2025-02-17,28,16.44
2025-02-18,28,20.77
2025-02-19,28,19.78
2025-02-21,28,17.97
2025-02-25,28,14.83
2025-02-26,28,16.28
2025-02-28,28,17.5
2025-03-03,28,15.38
2025-03-05,28,25.08
2025-03-06,28,23.38
2025-03-07,28,22.04
2025-03-11,28,20.92
2025-03-12,28,16.99
2025-03-13,28,14.22
2025-03-14,28,16.75
2025-03-15,28,20.43
2025-03-18,28,25.12
2025-03-24,28,16.67
2025-04-01,28,19.02
2025-04-02,28,19.21
2025-04-04,28,24.47
2025-04-06,28,23.74
2025-04-08,28,20.44
2025-04-09,28,25.27
2025-04-11,28,20.03
2025-04-15,28,24.66
2025-04-18,28,24.65
2025-04-21,28,15.75
2025-04-22,28,19.46
2025-04-23,28,20.13
2025-04-24,28,24.1
2025-04-25,28,17.79
2025-04-28,28,19.74
2025-04-29,28,16.38
2025-04-30,28,25.97
2025-05-01,28,14.53
2025-05-04,28,24.35
2025-05-05,28,25.05
2025-05-06,28,22.91
2025-05-07,28,17.08
2025-05-13,28,14.75
2025-05-14,28,22.53
2025-05-19,28,16.18
2025-05-21,28,20.52
2025-05-22,28,17.26
2025-05-24,28,25.0
2025-05-30,28,15.03
2025-05-31,28,24.53
2025-06-02,28,22.32
2025-06-03,28,16.26
2025-06-05,28,19.62
2025-06-10,28,14.63
2025-06-12,28,14.38
2025-06-13,28,24.39
2025-06-14,28,14.15
2025-06-15,28,18.36
2025-06-16,28,16.32
2025-06-20,28,18.38
2025-06-23,28,22.19
2025-06-24,28,16.7
2025-06-25,28,16.16
2025-06-27,28,24.6
2025-06-30,28,25.13
2025-07-01,28,20.66
2025-07-02,28,19.37
2025-07-03,28,21.27
2025-07-04,28,14.92
2025-07-07,28,25.23
2025-07-11,28,25.92
2025-07-13,28,23.75
2025-07-14,28,20.31
2025-07-15,28,19.7
2025-07-16,28,19.35
2025-07-17,28,19.82
2025-07-18,28,17.14
2025-07-22,28,17.83
2025-07-23,28,18.9
2025-07-24,28,19.29
2025-07-25,28,16.68
2025-07-28,28,22.54
2025-07-30,28,24.77
2025-08-01,28,21.81
2025-08-04,28,25.2
2025-08-06,28,15.44
2025-08-08,28,22.26
2025-08-09,28,14.42
2025-08-10,28,18.48
2025-08-11,28,21.16
2025-08-13,28,22.91
2025-08-14,28,19.16
2025-08-15,28,19.17
2025-08-18,28,22.81
2025-08-19,28,15.51
2025-08-20,28,23.01
2025-08-21,28,24.43
2025-08-22,28,18.2
2025-08-28,28,17.25
2025-09-01,28,17.37
2025-09-02,28,17.33
2025-09-03,28,15.05
2025-09-04,28,23.23
2025-09-06,28,16.44
2025-09-08,28,23.88
2025-09-11,28,18.22
2025-09-13,28,14.12
2025-09-14,28,18.89
2025-09-15,28,15.89
2025-09-18,28,20.56
2025-09-19,28,25.21
2025-09-22,28,23.67
2025-09-23,28,17.51
2025-09-24,28,17.17
2025-09-29,28,25.64
2025-09-30,28,24.86
2025-10-01,28,20.54
2025-10-02,28,20.3
2025-10-03,28,18.67
2025-10-15,28,14.79
2025-10-19,28,17.92
2025-10-20,28,17.8
2025-10-24,28,25.23
2025-10-26,28,19.99
2025-10-30,28,15.87
2025-10-31,28,22.86
2025-11-03,28,25.45
2025-11-05,28,23.37
2025-11-07,28,18.28
2025-11-08,28,17.54
2025-11-10,28,18.73
2025-11-11,28,15.05
2025-11-13,28,19.76
2025-11-17,28,24.73
2025-11-19,28,22.3
2025-11-20,28,25.56
2025-11-21,28,23.98
2025-11-26,28,20.57
2025-11-27,28,19.21
2025-11-28,28,18.03
2025-11-30,28,20.45
2025-12-01,28,17.47
2025-12-03,28,18.57
2025-12-04,28,19.82
2025-12-07,28,24.62
2025-12-09,28,20.56
2025-12-10,28,17.32
2025-12-11,28,21.67
2025-12-12,28,24.95
2025-12-16,28,19.18
2025-12-17,28,18.06
2025-12-18,28,14.38
2025-12-19,28,15.7
2025-12-21,28,16.0
2025-12-24,28,14.95
2025-12-26,28,22.05
2025-12-29,28,21.5
2025-12-30,28,20.4
2025-12-31,28,22.08
2025-01-02,29,6.08
2025-01-03,29,3.51
2025-01-05,29,5.37
2025-01-07,29,3.62
2025-01-12,29,6.17
2025-01-13,29,3.54
2025-01-17,29,4.26
2025-01-20,29,5.98
2025-01-21,29,5.93
2025-01-23,29,4.6
2025-01-28,29,6.03
2025-01-29,29,6.3
2025-01-30,29,5.7
2025-01-31,29,4.45
2025-02-03,29,6.15
2025-02-04,29,5.58
2025-02-06,29,4.7
2025-02-07,29,4.57
2025-02-10,29,5.63
2025-02-12,29,5.33
2025-02-13,29,6.09
2025-02-14,29,5.35
2025-02-18,29,3.68
2025-02-20,29,5.6
2025-02-21,29,6.09
2025-02-22,29,5.04
2025-02-24,29,4.52
2025-02-25,29,4.43
2025-02-26,29,4.58
2025-02-27,29,4.21
2025-03-02,29,4.93
2025-03-04,29,5.54
2025-03-05,29,4.01
2025-03-07,29,4.38
2025-03-14,29,5.83
2025-03-16,29,5.03
2025-03-17,29,5.71
2025-03-18,29,6.36
2025-03-19,29,5.32
2025-03-20,29,5.34
2025-03-25,29,4.53
2025-03-27,29,4.07
2025-03-28,29,4.72
2025-03-31,29,3.58
2025-04-01,29,6.07
2025-04-04,29,6.32
2025-04-08,29,4.94
2025-04-09,29,4.38
2025-04-14,29,3.67
2025-04-15,29,4.89
2025-04-17,29,6.47
2025-04-18,29,6.04
2025-04-20,29,5.89
2025-04-22,29,5.04
2025-04-23,29,5.47
2025-04-25,29,4.29
2025-04-29,29,5.29
2025-04-30,29,4.4
2025-05-01,29,5.73
2025-05-05,29,3.57
2025-05-07,29,4.42
2025-05-08,29,3.69
2025-05-09,29,5.91
2025-05-14,29,4.16
2025-05-16,29,4.3
2025-05-17,29,5.04
2025-05-19,29,4.86
2025-05-21,29,6.14
2025-05-22,29,4.0
2025-05-23,29,4.89
2025-05-28,29,4.12
2025-05-29,29,3.83
2025-05-30,29,4.12
2025-06-01,29,3.6
2025-06-06,29,4.37
2025-06-07,29,6.03
2025-06-09,29,4.52
2025-06-11,29,5.9
2025-06-12,29,4.13
2025-06-16,29,5.19
2025-06-18,29,4.56
2025-06-20,29,5.14
2025-06-23,29,4.78
2025-06-27,29,4.47
2025-07-01,29,4.79
2025-07-02,29,6.43
2025-07-04,29,3.58
2025-07-06,29,6.0
2025-07-08,29,4.79
2025-07-10,29,4.25
2025-07-14,29,3.93
2025-07-15,29,4.21
2025-07-17,29,5.69
2025-07-18,29,4.69
2025-07-20,29,4.63
2025-07-21,29,3.83
2025-07-22,29,4.64
2025-07-25,29,3.6
2025-07-27,29,5.35
2025-07-29,29,5.96
2025-08-01,29,5.26
2025-08-05,29,3.51
2025-08-10,29,4.2
2025-08-12,29,5.55
2025-08-13,29,3.75
2025-08-14,29,5.06
2025-08-18,29,4.4
2025-08-19,29,4.73
2025-08-20,29,4.13
2025-08-21,29,4.76
2025-08-22,29,5.27
2025-08-24,29,6.33
2025-08-25,29,6.06
2025-08-26,29,6.15
2025-08-27,29,5.77
2025-08-28,29,5.71
2025-08-29,29,3.71
2025-08-31,29,6.27
2025-09-01,29,4.94
2025-09-03,29,4.15
2025-09-08,29,4.59
2025-09-09,29,5.75
2025-09-10,29,4.78
2025-09-11,29,5.64
2025-09-17,29,3.79
2025-09-18,29,4.87
2025-09-25,29,3.85
2025-09-26,29,3.82
2025-09-29,29,3.91
2025-09-30,29,5.4
2025-10-02,29,4.25
2025-10-03,29,3.79
2025-10-04,29,6.19
2025-10-09,29,6.49
2025-10-10,29,5.55
2025-10-14,29,4.25
2025-10-15,29,4.52
2025-10-19,29,5.93
2025-10-20,29,4.13
2025-10-21,29,6.14
2025-10-22,29,3.87
2025-10-23,29,4.33
2025-10-24,29,4.85
2025-10-26,29,3.92
2025-10-29,29,3.84
2025-10-30,29,5.32
2025-11-05,29,4.08
2025-11-06,29,6.1
2025-11-09,29,4.32
2025-11-10,29,5.18
2025-11-11,29,3.72
2025-11-13,29,4.86
2025-11-14,29,5.91
2025-11-17,29,6.32
2025-11-19,29,6.3
2025-11-20,29,4.6
2025-11-21,29,5.27
2025-11-24,29,4.83
2025-11-25,29,5.49
2025-11-26,29,6.21
2025-11-27,29,4.37
2025-11-30,29,4.98
2025-12-01,29,6.46
2025-12-02,29,4.27
2025-12-03,29,3.73
2025-12-08,29,3.61
2025-12-10,29,4.88
2025-12-12,29,3.53
2025-12-13,29,4.17
2025-12-14,29,5.01
2025-12-15,29,4.04
2025-12-17,29,5.56
2025-12-18,29,5.04
2025-12-20,29,5.0
2025-12-22,29,4.33
2025-12-23,29,5.54
2025-12-25,29,3.71
2025-12-26,29,4.2
2025-12-28,29,4.09
2025-12-29,29,6.3
2025-12-30,29,4.11
2025-12-31,29,6.3
2025-01-01,30,21.69
2025-01-02,30,21.53
2025-01-03,30,23.2
2025-01-04,30,25.72
2025-01-06,30,20.99
2025-01-07,30,24.72
2025-01-08,30,20.94
2025-01-10,30,31.04
2025-01-11,30,20.95
2025-01-13,30,18.74
2025-01-14,30,30.82
2025-01-15,30,24.95
2025-01-20,30,20.86
2025-01-21,30,18.76
2025-01-22,30,30.27
2025-01-24,30,19.29
2025-01-25,30,20.85
2025-01-26,30,30.42
2025-01-27,30,19.85
2025-01-28,30,30.92
2025-01-31,30,19.54
2025-02-01,30,23.18
2025-02-03,30,21.28
2025-02-04,30,20.22
2025-02-05,30,22.37
2025-02-06,30,22.6
2025-02-10,30,25.66
2025-02-12,30,20.26
2025-02-17,30,27.11
2025-02-18,30,24.3
2025-02-19,30,24.18
2025-02-22,30,25.89
2025-02-28,30,27.25
2025-03-02,30,19.61
2025-03-03,30,28.26
2025-03-04,30,29.14
2025-03-07,30,23.39
2025-03-09,30,28.79
2025-03-11,30,28.61
2025-03-12,30,22.61
2025-03-13,30,16.91
2025-03-17,30,20.48
2025-03-18,30,30.62
2025-03-19,30,22.97
2025-03-24,30,21.26
2025-03-25,30,18.96
2025-03-26,30,19.07
2025-03-28,30,20.54
2025-04-03,30,29.77
2025-04-04,30,27.24
2025-04-05,30,19.31
2025-04-07,30,28.62
2025-04-08,30,28.9
2025-04-10,30,24.85
2025-04-15,30,19.92
2025-04-16,30,25.74
2025-04-18,30,24.76
2025-04-22,30,18.6
2025-04-23,30,29.63
2025-04-25,30,18.87
2025-05-02,30,21.51
2025-05-05,30,18.99
2025-05-06,30,25.36
2025-05-07,30,18.48
2025-05-08,30,19.23
2025-05-15,30,17.68
2025-05-19,30,30.18
2025-05-20,30,21.36
2025-05-23,30,29.85
2025-05-24,30,26.97
2025-05-26,30,27.14
2025-05-27,30,19.09
2025-05-29,30,30.82
2025-05-30,30,18.41
2025-06-02,30,22.89
2025-06-04,30,21.8
2025-06-05,30,16.97
2025-06-06,30,29.04
2025-06-08,30,24.51
2025-06-10,30,19.48
2025-06-13,30,22.47
2025-06-14,30,23.03
2025-06-16,30,26.12
2025-06-17,30,19.12
2025-06-18,30,28.63
2025-06-20,30,22.83
2025-06-23,30,20.65
2025-06-24,30,28.66
2025-06-25,30,27.01
2025-06-28,30,19.4
2025-06-30,30,28.2
2025-07-03,30,18.57
2025-07-04,30,28.8
2025-07-06,30,20.75
2025-07-11,30,18.94
2025-07-15,30,18.55
2025-07-16,30,19.34
2025-07-18,30,20.13
2025-07-21,30,20.32
2025-07-23,30,17.37
2025-07-25,30,24.07
2025-07-29,30,19.39
2025-07-30,30,21.73
2025-08-01,30,23.59
2025-08-06,30,28.7
2025-08-07,30,19.17
2025-08-13,30,26.37
2025-08-17,30,29.08
2025-08-18,30,25.41
2025-08-19,30,22.59
2025-08-21,30,26.78
2025-08-22,30,21.47
2025-08-25,30,25.92
2025-08-29,30,22.18
2025-08-31,30,29.41
2025-09-02,30,24.96
2025-09-04,30,27.49
2025-09-05,30,24.34
2025-09-12,30,25.92
2025-09-17,30,28.57
2025-09-20,30,29.81
2025-09-21,30,20.45
2025-09-24,30,26.9
2025-09-25,30,16.8
2025-09-26,30,29.51
2025-09-27,30,18.43
2025-09-29,30,28.27
2025-10-02,30,24.08
2025-10-05,30,23.94
2025-10-06,30,30.49
2025-10-08,30,20.94
2025-10-10,30,28.09
2025-10-14,30,21.04
2025-10-15,30,30.14
2025-10-16,30,25.46
2025-10-17,30,29.61
2025-10-20,30,16.97
2025-10-22,30,21.33
2025-10-24,30,27.6
2025-10-25,30,16.99
2025-10-28,30,29.62
2025-10-29,30,21.28
2025-10-31,30,20.68
2025-11-01,30,28.22
2025-11-03,30,21.96
2025-11-06,30,29.36
2025-11-07,30,19.38
2025-11-08,30,21.55
2025-11-11,30,22.3
2025-11-12,30,27.79
2025-11-14,30,22.98
2025-11-15,30,23.38
2025-11-16,30,24.34
2025-11-18,30,20.33
2025-11-19,30,26.0
2025-11-20,30,18.77
2025-11-23,30,18.57
2025-11-25,30,29.88
2025-11-26,30,22.36
2025-11-28,30,21.67
2025-12-01,30,22.05
2025-12-02,30,25.3
2025-12-03,30,20.35
2025-12-04,30,25.55
2025-12-05,30,24.08
2025-12-09,30,27.58
2025-12-11,30,22.71
2025-12-12,30,29.65
2025-12-13,30,17.72
2025-12-16,30,28.08
2025-12-18,30,25.31
2025-12-19,30,30.32
2025-12-22,30,21.27
2025-12-23,30,24.0
2025-12-25,30,18.65
2025-12-26,30,23.24
2025-12-27,30,21.78
2025-12-29,30,25.58
2025-12-30,30,27.15
2025-12-31,30,30.05
2025-01-01,31,21.67
2025-01-02,31,32.75
2025-01-03,31,26.0
2025-01-07,31,28.41
2025-01-10,31,20.99
2025-01-12,31,19.88
2025-01-14,31,34.58
2025-01-15,31,35.16
2025-01-16,31,31.77
2025-01-17,31,19.62
2025-01-20,31,28.08
2025-01-21,31,20.85
2025-01-24,31,29.35
2025-01-28,31,27.88
2025-01-29,31,27.51
2025-01-31,31,20.66
2025-02-04,31,20.77
2025-02-05,31,29.27
2025-02-06,31,27.51
2025-02-07,31,30.06
2025-02-10,31,27.1
2025-02-11,31,20.23
2025-02-12,31,24.21
2025-02-13,31,35.76
2025-02-14,31,28.89
2025-02-18,31,30.26
2025-02-21,31,19.89
2025-02-24,31,26.24
2025-02-25,31,23.67
2025-02-26,31,36.15
2025-02-27,31,28.45
2025-03-03,31,21.52
2025-03-04,31,31.26
2025-03-07,31,26.37
2025-03-08,31,28.19
2025-03-09,31,34.18
2025-03-10,31,19.62
2025-03-11,31,22.21
2025-03-14,31,26.25
2025-03-18,31,23.32
2025-03-19,31,24.68
2025-03-21,31,28.41
2025-03-24,31,23.35
2025-03-26,31,27.43
2025-03-27,31,33.92
2025-04-02,31,29.81
2025-04-03,31,36.19
2025-04-06,31,20.35
2025-04-07,31,23.51
2025-04-08,31,23.21
2025-04-10,31,22.76
2025-04-11,31,34.53
2025-04-14,31,23.92
2025-04-15,31,23.19
2025-04-16,31,31.32
2025-04-18,31,32.7
2025-04-20,31,25.48
2025-04-21,31,21.99
2025-04-24,31,27.16
2025-04-25,31,25.67
2025-04-26,31,35.62
2025-04-29,31,33.25
2025-05-03,31,27.6
2025-05-05,31,34.07
2025-05-06,31,22.55
2025-05-07,31,34.58
2025-05-09,31,28.02
2025-05-12,31,31.13
2025-05-13,31,28.29
2025-05-14,31,32.44
2025-05-20,31,32.9
2025-05-21,31,31.03
2025-05-27,31,35.67
2025-05-29,31,33.54
2025-05-30,31,36.14
2025-06-01,31,26.24
2025-06-02,31,33.7
2025-06-04,31,30.58
2025-06-05,31,21.72
2025-06-06,31,25.33
2025-06-07,31,22.12
2025-06-08,31,34.27
2025-06-09,31,24.48
2025-06-10,31,27.59
2025-06-11,31,23.1
2025-06-16,31,22.89
2025-06-20,31,35.17
2025-06-23,31,31.23
2025-06-25,31,23.51
2025-06-28,31,33.09
2025-07-01,31,25.94
2025-07-04,31,27.34
2025-07-05,31,22.68
2025-07-07,31,32.93
2025-07-08,31,36.32
2025-07-09,31,21.16
2025-07-10,31,33.64
2025-07-11,31,19.65
2025-07-15,31,25.86
2025-07-17,31,22.18
2025-07-18,31,35.94
2025-07-19,31,31.8
2025-07-23,31,25.55
2025-07-25,31,32.83
2025-07-28,31,23.05
2025-07-30,31,35.91
2025-08-01,31,21.35
2025-08-04,31,25.71
2025-08-06,31,25.7
2025-08-07,31,29.71
2025-08-08,31,28.82
2025-08-12,31,27.14
2025-08-13,31,29.67
2025-08-14,31,24.43
2025-08-15,31,24.81
2025-08-18,31,30.54
2025-08-19,31,28.62
2025-08-21,31,22.52
2025-08-22,31,35.48
2025-08-26,31,30.48
2025-08-27,31,28.51
2025-08-28,31,31.51
2025-08-29,31,21.28
2025-09-02,31,20.91
2025-09-03,31,32.59
2025-09-04,31,34.85
2025-09-05,31,34.7
2025-09-08,31,29.61
2025-09-09,31,23.0
2025-09-10,31,32.05
2025-09-11,31,34.77
2025-09-12,31,25.93
2025-09-13,31,32.52
2025-09-14,31,34.46
2025-09-15,31,35.53
2025-09-16,31,27.23
2025-09-19,31,34.59
2025-09-20,31,31.51
2025-09-22,31,26.1
2025-09-25,31,34.49
2025-09-26,31,31.65
2025-09-27,31,28.96
2025-09-28,31,24.11
2025-09-29,31,33.16
2025-09-30,31,35.33
2025-10-02,31,26.13
2025-10-07,31,32.31
2025-10-08,31,24.36
2025-10-16,31,30.0
2025-10-17,31,29.79
2025-10-20,31,25.77
2025-10-21,31,24.36
2025-10-23,31,27.49
2025-10-25,31,33.39
2025-10-27,31,34.77
2025-10-28,31,28.26
2025-10-29,31,20.8
2025-11-01,31,30.02
2025-11-04,31,34.68
2025-11-05,31,31.16
2025-11-07,31,22.43
2025-11-09,31,24.37
2025-11-11,31,25.9
2025-11-12,31,22.87
2025-11-13,31,30.09
2025-11-14,31,35.94
2025-11-17,31,32.49
2025-11-26,31,24.18
2025-11-28,31,30.03
2025-11-29,31,27.96
2025-12-01,31,27.14
2025-12-02,31,24.8
2025-12-04,31,30.05
2025-12-05,31,35.9
2025-12-06,31,21.42
2025-12-08,31,20.27
2025-12-10,31,25.42
2025-12-11,31,34.07
2025-12-12,31,22.3
2025-12-13,31,30.1
2025-12-15,31,22.51
2025-12-16,31,30.0
2025-12-17,31,34.34
2025-12-18,31,20.14
2025-12-19,31,33.81
2025-12-22,31,23.17
2025-12-23,31,28.64
2025-12-24,31,25.44
2025-12-25,31,20.19
2025-12-29,31,33.3
2025-12-30,31,21.22
2025-01-02,32,16.08
2025-01-07,32,12.59
2025-01-08,32,14.86
2025-01-11,32,14.39
2025-01-13,32,16.79
2025-01-15,32,11.81
2025-01-16,32,15.83
2025-01-20,32,16.18
2025-01-21,32,15.64
2025-01-22,32,10.56
2025-01-23,32,12.19
2025-01-25,32,17.61
2025-01-27,32,13.45
2025-01-28,32,9.99
2025-01-30,32,10.1
2025-01-31,32,13.47
2025-02-01,32,17.57
2025-02-02,32,14.65
2025-02-04,32,11.94
2025-02-05,32,10.36
2025-02-06,32,16.71
2025-02-11,32,12.36
2025-02-12,32,10.35
2025-02-18,32,14.21
2025-02-20,32,17.83
2025-02-21,32,12.24
2025-02-24,32,15.22
2025-02-25,32,15.1
2025-02-26,32,10.12
2025-02-27,32,12.2
2025-02-28,32,14.97
2025-03-02,32,10.09
2025-03-03,32,12.77
2025-03-04,32,13.95
2025-03-05,32,14.47
2025-03-07,32,11.12
2025-03-09,32,10.81
2025-03-11,32,18.15
2025-03-12,32,16.43
2025-03-14,32,12.58
2025-03-17,32,10.31
2025-03-18,32,11.54
2025-03-21,32,12.26
2025-03-22,32,16.77
2025-03-24,32,13.5
2025-03-26,32,12.25
2025-03-27,32,10.05
2025-03-28,32,17.8
2025-03-31,32,15.8
2025-04-01,32,11.71
2025-04-02,32,15.92
2025-04-03,32,10.39
2025-04-04,32,10.13
2025-04-07,32,11.25
2025-04-08,32,12.8
2025-04-10,32,13.44
2025-04-18,32,13.83
2025-04-19,32,15.51
2025-04-20,32,9.81
2025-04-22,32,11.45
2025-04-23,32,12.58
2025-04-24,32,10.38
2025-04-25,32,12.26
2025-04-27,32,13.2
2025-04-28,32,10.02
2025-05-01,32,11.17
2025-05-02,32,15.1
2025-05-07,32,10.83
2025-05-08,32,10.95
2025-05-09,32,16.11
2025-05-10,32,9.82
2025-05-12,32,11.81
2025-05-13,32,11.82
2025-05-14,32,16.87
2025-05-15,32,14.52
2025-05-16,32,17.78
2025-05-19,32,16.61
2025-05-22,32,9.94
2025-05-23,32,10.79
2025-05-26,32,11.92
2025-05-27,32,11.54
2025-05-28,32,16.02
2025-05-29,32,15.67
2025-05-30,32,17.24
2025-05-31,32,13.59
2025-06-01,32,12.62
2025-06-02,32,15.96
2025-06-03,32,11.63
2025-06-05,32,13.85
2025-06-12,32,12.67
2025-06-14,32,14.73
2025-06-16,32,12.93
2025-06-17,32,12.84
2025-06-18,32,17.87
2025-06-22,32,12.04
2025-06-23,32,13.89
2025-06-24,32,13.44
2025-06-25,32,18.09
2025-06-26,32,14.97
2025-06-27,32,13.72
2025-06-28,32,14.49
2025-06-30,32,16.65
2025-07-01,32,12.89
2025-07-02,32,13.43
2025-07-04,32,12.28
2025-07-05,32,16.25
2025-07-08,32,15.83
2025-07-11,32,14.57
2025-07-14,32,15.67
2025-07-15,32,9.92
2025-07-17,32,16.27
2025-07-21,32,12.76
2025-07-22,32,11.4
2025-07-23,32,15.83
2025-07-24,32,12.02
2025-07-26,32,11.87
2025-07-27,32,15.85
2025-07-30,32,15.57
2025-07-31,32,12.88
2025-08-01,32,14.57
2025-08-04,32,14.34
2025-08-05,32,13.67
2025-08-06,32,17.2
2025-08-10,32,16.05
2025-08-11,32,12.47
2025-08-12,32,10.43
2025-08-13,32,11.16
2025-08-14,32,15.95
2025-08-15,32,12.9
2025-08-17,32,16.82
2025-08-19,32,10.79
2025-08-20,32,12.62
2025-08-21,32,12.05
2025-08-22,32,14.8
2025-08-23,32,16.16
2025-08-24,32,16.5
2025-08-25,32,15.86
2025-08-26,32,14.7
2025-08-27,32,13.96
2025-08-28,32,13.89
2025-08-29,32,13.47
2025-08-30,32,11.65
2025-09-02,32,15.57
2025-09-03,32,13.99
2025-09-04,32,11.01
2025-09-08,32,12.98
2025-09-09,32,14.47
2025-09-10,32,13.05
2025-09-11,32,18.08
2025-09-12,32,15.21
2025-09-13,32,10.35
2025-09-16,32,14.04
2025-09-17,32,15.74
2025-09-18,32,16.16
2025-09-19,32,12.14
2025-09-22,32,16.57
2025-09-26,32,15.46
2025-09-29,32,12.48
2025-10-02,32,13.32
2025-10-03,32,9.85
2025-10-07,32,17.67
2025-10-08,32,18.12
2025-10-09,32,15.2
2025-10-10,32,12.82
2025-10-11,32,10.93
2025-10-13,32,17.87
2025-10-14,32,18.06
2025-10-15,32,10.66
2025-10-16,32,17.24
2025-10-17,32,10.94
2025-10-18,32,12.41
2025-10-20,32,16.08
2025-10-23,32,12.58
2025-10-28,32,13.05
2025-10-29,32,10.97
2025-10-30,32,9.88
2025-10-31,32,16.6
2025-11-03,32,16.69
2025-11-07,32,14.79
2025-11-10,32,10.55
2025-11-11,32,17.38
2025-11-13,32,12.15
2025-11-17,32,10.97
2025-11-18,32,15.68
2025-11-19,32,12.61
2025-11-22,32,15.94
2025-11-27,32,15.12
2025-12-03,32,11.87
2025-12-05,32,14.69
2025-12-06,32,13.92
2025-12-08,32,11.54
2025-12-09,32,12.9
2025-12-11,32,13.01
2025-12-12,32,9.91
2025-12-14,32,16.77
2025-12-15,32,14.23
2025-12-19,32,11.07
2025-12-21,32,16.58
2025-12-25,32,14.92
2025-12-26,32,10.46
2025-12-28,32,15.91
2025-12-30,32,11.78
2025-01-02,33,17.18
2025-01-07,33,23.54
2025-01-08,33,15.91
2025-01-11,33,15.39
2025-01-14,33,21.9
2025-01-15,33,20.08
2025-01-16,33,18.7
2025-01-17,33,19.7
2025-01-20,33,18.34
2025-01-22,33,22.58
2025-01-23,33,19.08
2025-01-24,33,25.41
2025-01-25,33,14.39
2025-01-29,33,19.62
2025-01-31,33,21.61
2025-02-03,33,19.54
2025-02-05,33,19.49
2025-02-06,33,16.09
2025-02-07,33,23.87
2025-02-10,33,15.26
2025-02-13,33,22.64
2025-02-14,33,25.94
2025-02-16,33,20.81
2025-02-18,33,22.51
2025-02-19,33,25.03
2025-02-20,33,24.97
2025-02-21,33,19.38
2025-02-25,33,20.07
2025-02-26,33,20.17
2025-02-27,33,14.22
2025-03-02,33,20.84
2025-03-03,33,22.19
2025-03-04,33,21.52
2025-03-05,33,20.08
2025-03-08,33,21.09
2025-03-10,33,24.23
2025-03-13,33,17.45
2025-03-16,33,21.21
2025-03-17,33,23.56
2025-03-21,33,18.57
2025-03-26,33,24.56
2025-03-27,33,15.69
2025-03-31,33,18.22
2025-04-01,33,17.92
2025-04-02,33,21.31
2025-04-04,33,16.24
2025-04-08,33,15.73
2025-04-09,33,21.37
2025-04-10,33,21.19
2025-04-11,33,19.76
2025-04-15,33,18.0
2025-04-16,33,18.93
2025-04-17,33,22.02
2025-04-20,33,25.84
2025-04-21,33,15.52
2025-04-22,33,22.86
2025-04-23,33,20.9
2025-04-24,33,15.41
2025-04-25,33,22.7
2025-04-27,33,15.96
2025-04-30,33,21.14
2025-05-01,33,17.74
2025-05-02,33,23.22
2025-05-07,33,16.22
2025-05-11,33,18.25
2025-05-13,33,20.81
2025-05-14,33,14.21
2025-05-15,33,17.42
2025-05-16,33,21.58
2025-05-17,33,17.33
2025-05-19,33,18.71
2025-05-22,33,19.38
2025-05-28,33,16.72
2025-05-30,33,16.5
2025-06-02,33,24.55
2025-06-03,33,14.77
2025-06-04,33,21.28
2025-06-05,33,19.66
2025-06-08,33,23.81
2025-06-09,33,22.12
2025-06-10,33,15.38
2025-06-12,33,16.12
2025-06-13,33,21.84
2025-06-14,33,16.2
2025-06-15,33,19.66
2025-06-16,33,16.81
2025-06-17,33,19.15
2025-06-21,33,25.6
2025-06-24,33,19.66
2025-06-25,33,18.27
2025-06-30,33,15.08
2025-07-02,33,22.41
2025-07-03,33,20.57
2025-07-05,33,17.51
2025-07-06,33,23.51
2025-07-07,33,14.98
2025-07-08,33,20.17
2025-07-09,33,14.54
2025-07-14,33,16.85
2025-07-15,33,19.89
2025-07-16,33,17.49
2025-07-18,33,21.86
2025-07-19,33,20.4
2025-07-21,33,23.37
2025-07-23,33,22.33
2025-07-26,33,22.16
2025-07-27,33,24.47
2025-07-28,33,18.62
2025-07-29,33,18.57
2025-07-31,33,19.7
2025-08-04,33,19.56
2025-08-05,33,14.22
2025-08-08,33,16.53
2025-08-11,33,24.58
2025-08-12,33,25.29
2025-08-13,33,21.91
2025-08-14,33,23.38
2025-08-15,33,14.59
2025-08-19,33,20.87
2025-08-20,33,24.09
2025-08-27,33,21.42
2025-08-28,33,18.73
2025-08-29,33,18.88
2025-09-01,33,23.13
2025-09-02,33,14.81
2025-09-03,33,24.62
2025-09-05,33,25.26
2025-09-06,33,25.53
2025-09-07,33,14.11
2025-09-08,33,18.31
2025-09-09,33,23.56
2025-09-11,33,19.16
2025-09-12,33,14.57
2025-09-14,33,22.81
2025-09-15,33,16.38
2025-09-16,33,16.2
2025-09-17,33,23.59
2025-09-18,33,15.78
2025-09-20,33,22.86
2025-09-22,33,24.22
2025-09-24,33,17.55
2025-09-26,33,20.54
2025-10-08,33,18.1
2025-10-10,33,16.15
2025-10-15,33,24.51
2025-10-16,33,24.67
2025-10-17,33,14.74
2025-10-24,33,23.26
2025-10-27,33,21.51
2025-10-29,33,23.71
2025-10-31,33,22.41
2025-11-03,33,24.58
2025-11-04,33,14.73
2025-11-08,33,14.37
2025-11-10,33,23.72
2025-11-13,33,22.01
2025-11-17,33,14.99
2025-11-21,33,23.01
2025-11-22,33,22.01
2025-11-29,33,24.15
2025-12-01,33,14.68
2025-12-03,33,19.61
2025-12-08,33,16.88
2025-12-09,33,15.33
2025-12-11,33,15.53
2025-12-12,33,20.56
2025-12-14,33,25.41
2025-12-15,33,14.19
2025-12-16,33,20.96
2025-12-17,33,14.5
2025-12-18,33,21.47
2025-12-19,33,17.76
2025-12-21,33,20.07
2025-12-22,33,14.56
2025-12-23,33,16.97
2025-12-24,33,19.09
2025-01-01,34,30.02
2025-01-03,34,30.62
2025-01-06,34,27.07
2025-01-07,34,31.03
2025-01-10,34,33.41
2025-01-14,34,19.76
2025-01-15,34,30.59
2025-01-16,34,29.1
2025-01-20,34,21.6
2025-01-21,34,25.9
2025-01-23,34,24.02
2025-01-30,34,34.83
2025-01-31,34,22.18
2025-02-04,34,20.23
2025-02-07,34,25.01
2025-02-11,34,19.52
2025-02-12,34,23.53
2025-02-13,34,19.96
2025-02-15,34,33.71
2025-02-18,34,22.79
2025-02-19,34,27.98
2025-02-28,34,24.09
2025-03-03,34,31.64
2025-03-04,34,21.88
2025-03-05,34,28.19
2025-03-07,34,28.84
2025-03-08,34,20.51
2025-03-10,34,29.78
2025-03-13,34,26.78
2025-03-17,34,22.02
2025-03-18,34,30.91
2025-03-19,34,20.6
2025-03-21,34,21.6
2025-03-22,34,24.0
2025-03-24,34,19.23
2025-03-25,34,23.61
2025-03-27,34,27.98
2025-03-28,34,22.33
2025-03-29,34,19.99
2025-03-31,34,32.36
2025-04-01,34,21.24
2025-04-02,34,31.31
2025-04-03,34,25.52
2025-04-04,34,20.2
2025-04-09,34,20.35
2025-04-11,34,25.61
2025-04-16,34,24.51
2025-04-17,34,30.56
2025-04-20,34,26.6
2025-04-22,34,19.66
2025-04-25,34,33.83
2025-04-28,34,32.42
2025-04-30,34,34.41
2025-05-01,34,30.98
2025-05-03,34,21.67
2025-05-05,34,29.5
2025-05-06,34,30.68
2025-05-07,34,23.56
2025-05-08,34,32.82
2025-05-09,34,22.36
2025-05-12,34,35.08
2025-05-14,34,22.74
2025-05-17,34,23.06
2025-05-19,34,21.68
2025-05-20,34,29.9
2025-05-22,34,24.79
2025-05-23,34,25.19
2025-05-26,34,25.12
2025-05-27,34,28.83
2025-05-28,34,32.02
2025-05-30,34,32.74
2025-06-03,34,23.24
2025-06-07,34,29.07
2025-06-08,34,27.06
2025-06-09,34,20.97
2025-06-10,34,29.11
2025-06-11,34,20.6
2025-06-12,34,21.64
2025-06-21,34,34.92
2025-06-23,34,29.63
2025-06-25,34,22.43
2025-06-27,34,25.03
2025-06-30,34,30.83
2025-07-02,34,34.4
2025-07-03,34,26.32
2025-07-04,34,28.67
2025-07-08,34,31.83
2025-07-09,34,34.87
2025-07-10,34,19.8
2025-07-11,34,33.21
2025-07-15,34,34.57
2025-07-20,34,32.36
2025-07-23,34,20.28
2025-07-24,34,30.02
2025-07-25,34,25.28
2025-07-28,34,21.06
2025-07-31,34,31.3
2025-08-02,34,24.89
2025-08-04,34,31.5
2025-08-05,34,21.39
2025-08-07,34,30.53
2025-08-08,34,24.23
2025-08-10,34,26.19
2025-08-11,34,27.96
2025-08-13,34,33.01
2025-08-14,34,22.55
2025-08-18,34,31.95
2025-08-20,34,24.96
2025-08-22,34,20.66
2025-08-24,34,27.28
2025-08-26,34,25.92
2025-08-28,34,28.07
2025-08-29,34,28.75
2025-09-04,34,26.39
2025-09-05,34,23.85
2025-09-09,34,27.14
2025-09-11,34,33.31
2025-09-13,34,21.01
2025-09-14,34,29.94
2025-09-15,34,30.78
2025-09-16,34,29.07
2025-09-18,34,27.64
2025-09-19,34,25.55
2025-09-25,34,30.52
2025-09-26,34,22.67
2025-09-28,34,24.27
2025-09-29,34,34.38
2025-09-30,34,33.52
2025-10-01,34,21.99
2025-10-02,34,29.79
2025-10-03,34,22.48
2025-10-07,34,21.5
2025-10-09,34,30.74
2025-10-14,34,29.89
2025-10-15,34,25.99
2025-10-17,34,33.19
2025-10-20,34,24.76
2025-10-22,34,28.46
2025-10-27,34,24.95
2025-10-28,34,33.18
2025-11-02,34,24.24
2025-11-03,34,30.64
2025-11-04,34,30.27
2025-11-06,34,21.09
2025-11-07,34,24.09
2025-11-09,34,32.33
2025-11-11,34,30.55
2025-11-14,34,21.45
2025-11-15,34,24.83
2025-11-19,34,19.09
2025-11-21,34,24.31
2025-11-23,34,29.31
2025-11-24,34,29.15
2025-11-26,34,33.98
2025-11-27,34,33.85
2025-11-28,34,28.69
2025-12-02,34,33.69
2025-12-03,34,22.46
2025-12-10,34,22.34
2025-12-17,34,27.82
2025-12-19,34,32.3
2025-12-23,34,25.08
2025-12-25,34,22.89
2025-12-26,34,21.2
2025-12-29,34,34.4
2025-01-03,35,29.36
2025-01-04,35,29.12
2025-01-06,35,17.79
2025-01-07,35,24.53
2025-01-13,35,27.86
2025-01-14,35,23.08
2025-01-19,35,26.06
2025-01-21,35,17.66
2025-01-22,35,26.1
2025-01-23,35,22.55
2025-01-24,35,23.7
2025-01-27,35,22.51
2025-01-28,35,27.99
2025-01-29,35,19.68
2025-01-31,35,27.79
2025-02-03,35,21.42
2025-02-04,35,27.37
2025-02-06,35,27.48
2025-02-10,35,25.94
2025-02-11,35,16.33
2025-02-12,35,28.82
2025-02-17,35,20.07
2025-02-18,35,17.4
2025-02-19,35,23.05
2025-02-24,35,28.37
2025-02-25,35,19.93
2025-02-27,35,23.05
2025-02-28,35,25.25
2025-03-02,35,28.52
2025-03-03,35,21.13
2025-03-04,35,26.55
2025-03-05,35,23.74
2025-03-06,35,17.94
2025-03-08,35,19.19
2025-03-10,35,25.2
2025-03-11,35,19.44
2025-03-12,35,20.68
2025-03-19,35,26.93
2025-03-21,35,20.41
2025-03-23,35,26.86
2025-03-26,35,18.76
2025-03-27,35,26.36
2025-03-30,35,29.0
2025-04-01,35,24.31
2025-04-05,35,24.11
2025-04-10,35,27.56
2025-04-11,35,21.93
2025-04-15,35,16.87
2025-04-20,35,22.9
2025-04-21,35,19.71
2025-04-22,35,19.19
2025-04-23,35,29.26
2025-04-24,35,22.23
2025-05-06,35,28.6
2025-05-07,35,21.59
2025-05-09,35,29.09
2025-05-12,35,25.03
2025-05-19,35,18.02
2025-05-20,35,21.41
2025-05-22,35,29.57
2025-05-23,35,22.02
2025-05-26,35,18.17
2025-05-28,35,19.35
2025-05-30,35,22.14
2025-05-31,35,20.89
2025-06-02,35,28.36
2025-06-04,35,29.77
2025-06-05,35,17.26
2025-06-06,35,21.74
2025-06-11,35,26.23
2025-06-13,35,20.32
2025-06-16,35,20.25
2025-06-19,35,17.67
2025-06-20,35,21.02
2025-06-23,35,16.29
2025-06-24,35,27.42
2025-06-26,35,19.55
2025-06-27,35,23.88
2025-07-01,35,20.99
2025-07-03,35,29.83
2025-07-04,35,17.04
2025-07-06,35,19.56
2025-07-07,35,26.3
2025-07-08,35,16.5
2025-07-10,35,28.82
2025-07-11,35,25.88
2025-07-12,35,26.6
2025-07-15,35,22.28
2025-07-17,35,21.77
2025-07-21,35,26.01
2025-07-22,35,23.01
2025-07-24,35,28.46
2025-07-28,35,27.34
2025-07-29,35,27.84
2025-07-31,35,25.07
2025-08-01,35,21.78
2025-08-02,35,16.4
2025-08-03,35,23.5
2025-08-04,35,23.02
2025-08-05,35,25.56
2025-08-07,35,28.26
2025-08-11,35,28.04
2025-08-13,35,21.26
2025-08-17,35,22.03
2025-08-18,35,21.48
2025-08-19,35,28.5
2025-08-20,35,27.83
2025-08-21,35,19.24
2025-08-22,35,21.44
2025-08-25,35,17.0
2025-08-26,35,26.59
2025-08-27,35,26.12
2025-08-29,35,18.07
2025-09-01,35,17.17
2025-09-02,35,20.08
2025-09-03,35,19.28
2025-09-04,35,17.78
2025-09-05,35,28.47
2025-09-08,35,25.44
2025-09-09,35,24.63
2025-09-10,35,16.13
2025-09-12,35,28.89
2025-09-15,35,25.84
2025-09-16,35,28.87
2025-09-17,35,25.87
2025-09-18,35,18.59
2025-09-19,35,23.07
2025-09-20,35,18.89
2025-09-22,35,20.48
2025-09-23,35,16.16
2025-09-26,35,29.83
2025-09-28,35,17.72
2025-10-03,35,16.77
2025-10-04,35,17.02
2025-10-05,35,21.77
2025-10-06,35,18.4
2025-10-07,35,20.79
2025-10-08,35,22.02
2025-10-11,35,17.47
2025-10-13,35,26.68
2025-10-14,35,27.54
2025-10-17,35,28.46
2025-10-20,35,27.13
2025-10-21,35,19.17
2025-10-22,35,19.76
2025-10-25,35,25.15
2025-10-27,35,24.34
2025-10-28,35,22.44
2025-10-29,35,20.99
2025-10-30,35,29.65
2025-11-03,35,21.35
2025-11-04,35,22.5
2025-11-05,35,18.58
2025-11-06,35,27.73
2025-11-07,35,16.55
2025-11-08,35,29.62
2025-11-10,35,28.92
2025-11-11,35,29.67
2025-11-12,35,19.42
2025-11-14,35,24.74
2025-11-17,35,16.8
2025-11-24,35,18.71
2025-11-25,35,28.38
2025-11-26,35,28.84
2025-11-27,35,25.97
2025-11-28,35,19.81
2025-12-01,35,18.83
2025-12-02,35,19.32
2025-12-04,35,23.74
2025-12-05,35,27.17
2025-12-07,35,21.39
2025-12-08,35,27.03
2025-12-11,35,22.4
2025-12-12,35,21.22
2025-12-14,35,25.97
2025-12-15,35,27.54
2025-12-16,35,28.57
2025-12-22,35,25.44
2025-12-25,35,19.84
2025-12-28,35,20.6
2025-12-29,35,18.45
2025-12-30,35,20.75
2025-01-01,36,11.57
2025-01-06,36,11.48
2025-01-08,36,10.04
2025-01-09,36,12.23
2025-01-10,36,10.76
2025-01-11,36,8.24
2025-01-15,36,7.99
2025-01-16,36,9.97
2025-01-17,36,11.4
2025-01-19,36,8.99
2025-01-20,36,11.36
2025-01-21,36,10.15
2025-01-22,36,12.49
2025-01-25,36,10.22
2025-01-30,36,12.72
2025-02-03,36,9.78
2025-02-04,36,9.14
2025-02-06,36,7.91
2025-02-07,36,9.42
2025-02-09,36,7.87
2025-02-12,36,11.51
2025-02-17,36,8.41
2025-02-18,36,9.7
2025-02-20,36,7.27
2025-02-21,36,9.5
2025-02-28,36,12.24
2025-03-07,36,9.99
2025-03-14,36,11.41
2025-03-17,36,12.38
2025-03-18,36,11.95
2025-03-19,36,8.32
2025-03-20,36,9.29
2025-03-22,36,12.91
2025-03-25,36,12.78
2025-03-26,36,7.16
2025-03-27,36,12.67
2025-03-28,36,10.28
2025-03-29,36,8.72
2025-03-30,36,12.16
2025-03-31,36,12.41
2025-04-03,36,10.83
2025-04-04,36,9.91
2025-04-09,36,10.9
2025-04-10,36,10.5
2025-04-13,36,7.55
2025-04-14,36,9.39
2025-04-20,36,7.35
2025-04-24,36,9.28
2025-04-26,36,11.64
2025-04-28,36,11.46
2025-04-29,36,11.33
2025-05-01,36,11.66
2025-05-02,36,8.72
2025-05-05,36,12.41
2025-05-06,36,12.21
2025-05-08,36,10.05
2025-05-09,36,9.7
2025-05-12,36,10.66
2025-05-14,36,11.72
2025-05-16,36,9.23
2025-05-19,36,11.28
2025-05-21,36,7.88
2025-05-22,36,10.05
2025-05-23,36,10.41
2025-05-24,36,10.06
2025-05-26,36,9.54
2025-05-27,36,12.42
2025-05-28,36,11.09
2025-05-30,36,12.26
2025-05-31,36,9.96
2025-06-02,36,9.66
2025-06-03,36,11.02
2025-06-05,36,8.96
2025-06-06,36,9.73
2025-06-09,36,11.26
2025-06-11,36,10.49
2025-06-12,36,8.32
2025-06-13,36,9.58
2025-06-16,36,8.6
2025-06-17,36,10.74
2025-06-18,36,9.35
2025-06-19,36,8.45
2025-06-20,36,7.15
2025-06-22,36,9.02
2025-06-27,36,12.31
2025-06-30,36,7.59
2025-07-02,36,9.05
2025-07-03,36,7.45
2025-07-04,36,7.27
2025-07-07,36,7.74
2025-07-10,36,8.68
2025-07-12,36,10.07
2025-07-13,36,12.59
2025-07-16,36,9.42
2025-07-17,36,12.34
2025-07-21,36,9.61
2025-07-23,36,9.15
2025-07-24,36,11.83
2025-07-28,36,8.62
2025-07-30,36,11.09
2025-08-02,36,8.32
2025-08-06,36,9.17
2025-08-12,36,11.74
2025-08-13,36,9.06
2025-08-15,36,10.07
2025-08-18,36,8.31
2025-08-20,36,7.63
2025-08-21,36,12.99
2025-08-22,36,10.66
2025-08-26,36,7.06
2025-08-28,36,12.59
2025-08-29,36,11.17
2025-08-30,36,11.47
2025-09-01,36,7.71
2025-09-02,36,8.11
2025-09-03,36,12.35
2025-09-04,36,11.35
2025-09-05,36,10.55
2025-09-09,36,11.65
2025-09-10,36,10.37
2025-09-11,36,9.09
2025-09-12,36,11.31
2025-09-15,36,7.52
2025-09-19,36,11.52
2025-09-21,36,7.99
2025-09-22,36,8.92
2025-09-23,36,12.99
2025-09-24,36,11.36
2025-09-26,36,7.35
2025-09-30,36,12.38
2025-10-01,36,11.14
2025-10-02,36,7.32
2025-10-03,36,7.12
2025-10-06,36,10.64
2025-10-07,36,11.78
2025-10-10,36,8.71
2025-10-12,36,8.74
2025-10-13,36,11.05
2025-10-16,36,7.6
2025-10-20,36,8.16
2025-10-21,36,9.43
2025-10-22,36,8.47
2025-10-24,36,9.9
2025-10-27,36,12.0
2025-10-28,36,7.88
2025-10-29,36,9.89
2025-10-31,36,10.21
2025-11-05,36,12.84
2025-11-06,36,7.02
2025-11-07,36,10.61
2025-11-10,36,8.02
2025-11-16,36,9.57
2025-11-18,36,7.11
2025-11-21,36,10.7
2025-11-23,36,10.02
2025-11-24,36,9.46
2025-11-26,36,7.38
2025-11-27,36,7.26
2025-11-28,36,11.31
2025-11-29,36,10.88
2025-12-01,36,10.6
2025-12-03,36,9.02
2025-12-08,36,7.46
2025-12-09,36,8.97
2025-12-10,36,9.8
2025-12-11,36,9.41
2025-12-12,36,7.15
2025-12-15,36,10.24
2025-12-16,36,9.96
2025-12-17,36,8.61
2025-12-19,36,7.32
2025-12-22,36,9.81
2025-12-23,36,9.62
2025-12-24,36,10.0
2025-12-25,36,11.15
2025-12-29,36,10.22
2025-12-30,36,12.34
2025-01-01,37,32.64
2025-01-02,37,34.83
2025-01-03,37,24.23
2025-01-04,37,28.39
2025-01-06,37,23.94
2025-01-07,37,24.09
2025-01-08,37,24.44
2025-01-10,37,24.58
2025-01-12,37,26.87
2025-01-13,37,19.81
2025-01-15,37,25.8
2025-01-17,37,32.68
2025-01-18,37,28.44
2025-01-22,37,28.17
2025-01-23,37,30.06
2025-01-24,37,27.93
2025-01-27,37,31.46
2025-01-28,37,21.43
2025-01-29,37,28.56
2025-02-03,37,22.45
2025-02-04,37,31.0
2025-02-05,37,22.76
2025-02-06,37,24.64
2025-02-09,37,34.86
2025-02-10,37,30.17
2025-02-11,37,22.94
2025-02-13,37,32.8
2025-02-14,37,24.76
2025-02-16,37,26.56
2025-02-19,37,29.6
2025-02-21,37,27.52
2025-02-22,37,32.74
2025-02-26,37,19.69
2025-02-27,37,25.37
2025-03-03,37,31.62
2025-03-04,37,22.42
2025-03-05,37,25.96
2025-03-07,37,31.2
2025-03-09,37,20.27
2025-03-10,37,21.22
2025-03-11,37,28.28
2025-03-13,37,20.81
2025-03-20,37,20.27
2025-03-26,37,22.32
2025-03-27,37,30.41
2025-03-28,37,34.29
2025-03-30,37,21.52
2025-03-31,37,33.88
2025-04-01,37,32.27
2025-04-02,37,23.27
2025-04-04,37,29.6
2025-04-05,37,31.87
2025-04-08,37,20.92
2025-04-09,37,23.3
2025-04-11,37,21.25
2025-04-15,37,24.37
2025-04-16,37,21.83
2025-04-17,37,34.81
2025-04-18,37,23.1
2025-04-19,37,23.33
2025-04-20,37,27.13
2025-04-21,37,21.72
2025-04-22,37,29.04
2025-04-23,37,19.81
2025-04-25,37,28.47
2025-04-30,37,33.36
2025-05-01,37,23.36
2025-05-05,37,27.37
2025-05-06,37,23.47
2025-05-08,37,22.31
2025-05-09,37,25.03
2025-05-11,37,31.37
2025-05-12,37,26.04
2025-05-14,37,28.59
2025-05-16,37,27.19
2025-05-19,37,30.1
2025-05-20,37,19.59
2025-05-21,37,34.63
2025-05-22,37,23.25
2025-05-23,37,33.81
2025-05-28,37,25.73
2025-05-31,37,23.25
2025-06-01,37,27.55
2025-06-03,37,31.18
2025-06-11,37,32.62
2025-06-12,37,19.0
2025-06-13,37,34.75
2025-06-15,37,35.05
2025-06-18,37,20.61
2025-06-19,37,31.41
2025-06-23,37,29.62
2025-06-24,37,20.03
2025-06-25,37,31.76
2025-06-27,37,21.98
2025-06-28,37,34.25
2025-07-02,37,20.73
2025-07-03,37,19.33
2025-07-04,37,22.68
2025-07-07,37,28.05
2025-07-08,37,31.14
2025-07-10,37,28.72
2025-07-11,37,19.89
2025-07-14,37,27.1
2025-07-16,37,23.12
2025-07-18,37,29.45
2025-07-28,37,30.4
2025-07-29,37,24.05
2025-07-30,37,34.29
2025-07-31,37,30.45
2025-08-01,37,20.64
2025-08-05,37,23.69
2025-08-07,37,22.2
2025-08-08,37,29.74
2025-08-13,37,26.55
2025-08-14,37,19.15
2025-08-15,37,24.88
2025-08-19,37,28.86
2025-08-20,37,29.4
2025-08-21,37,34.23
2025-08-23,37,31.57
2025-08-25,37,28.66
2025-08-29,37,32.26
2025-09-01,37,30.75
2025-09-03,37,25.89
2025-09-04,37,31.48
2025-09-09,37,33.34
2025-09-10,37,27.96
2025-09-11,37,28.88
2025-09-15,37,24.3
2025-09-16,37,33.57
2025-09-17,37,34.73
2025-09-19,37,33.12
2025-09-24,37,29.18
2025-09-25,37,20.78
2025-09-28,37,25.17
2025-10-01,37,34.77
2025-10-02,37,30.17
2025-10-06,37,29.33
2025-10-07,37,27.41
2025-10-08,37,25.32
2025-10-09,37,22.28
2025-10-14,37,28.44
2025-10-15,37,19.49
2025-10-16,37,33.57
2025-10-17,37,25.97
2025-10-20,37,32.82
2025-10-21,37,27.51
2025-10-22,37,32.27
2025-10-24,37,19.32
2025-10-26,37,25.6
2025-10-29,37,34.86
2025-10-31,37,27.49
2025-11-03,37,31.04
2025-11-04,37,33.13
2025-11-05,37,28.68
2025-11-06,37,23.91
2025-11-07,37,25.61
2025-11-10,37,28.34
2025-11-12,37,18.94
2025-11-14,37,33.45
2025-11-17,37,32.25
2025-11-18,37,25.16
2025-11-19,37,32.47
2025-11-21,37,23.88
2025-11-26,37,21.36
2025-11-27,37,29.75
2025-11-28,37,21.43
2025-12-01,37,18.96
2025-12-03,37,22.49
2025-12-09,37,25.08
2025-12-12,37,33.81
2025-12-15,37,24.24
2025-12-16,37,20.3
2025-12-17,37,31.31
2025-12-19,37,26.0
2025-12-20,37,32.76
2025-12-21,37,29.5
2025-12-23,37,23.41
2025-12-24,37,31.96
2025-12-28,37,20.51
2025-01-01,38,18.7
2025-01-02,38,11.91
2025-01-06,38,18.09
2025-01-07,38,16.39
2025-01-08,38,15.99
2025-01-10,38,12.44
2025-01-13,38,12.77
2025-01-14,38,19.04
2025-01-15,38,10.53
2025-01-18,38,19.36
2025-01-20,38,13.94
2025-01-22,38,13.07
2025-01-23,38,17.33
2025-01-24,38,15.98
2025-01-25,38,16.36
2025-01-27,38,17.71
2025-01-28,38,17.32
2025-01-29,38,15.46
2025-02-03,38,18.36
2025-02-04,38,13.97
2025-02-05,38,19.02
2025-02-06,38,13.05
2025-02-07,38,12.94
2025-02-11,38,17.94
2025-02-12,38,12.77
2025-02-14,38,13.41
2025-02-16,38,17.34
2025-02-18,38,10.52
2025-02-19,38,11.5
2025-02-20,38,17.61
2025-02-21,38,14.39
2025-02-25,38,17.9
2025-02-26,38,13.2
2025-02-27,38,13.75
2025-03-01,38,18.78
2025-03-04,38,13.58
2025-03-05,38,12.95
2025-03-07,38,14.43
2025-03-08,38,14.25
2025-03-12,38,19.0
2025-03-14,38,14.34
2025-03-18,38,12.51
2025-03-21,38,16.12
2025-03-22,38,17.65
2025-03-25,38,14.15
2025-03-27,38,15.43
2025-03-31,38,11.12
2025-04-01,38,18.72
2025-04-02,38,14.72
2025-04-08,38,10.98
2025-04-09,38,12.91
2025-04-10,38,16.53
2025-04-11,38,16.59
2025-04-12,38,11.82
2025-04-21,38,15.39
2025-04-22,38,14.48
2025-04-23,38,11.66
2025-04-24,38,11.07
2025-04-26,38,12.83
2025-04-28,38,11.72
2025-04-29,38,11.54
2025-04-30,38,10.97
2025-05-01,38,17.76
2025-05-02,38,15.96
2025-05-03,38,13.6
2025-05-05,38,18.22
2025-05-06,38,18.03
2025-05-07,38,13.55
2025-05-10,38,19.26
2025-05-11,38,11.12
2025-05-12,38,17.0
2025-05-14,38,10.73
2025-05-16,38,14.4
2025-05-18,38,14.87
2025-05-19,38,16.91
2025-05-21,38,12.36
2025-05-22,38,12.11
2025-05-27,38,13.31
2025-05-30,38,13.11
2025-06-01,38,17.39
2025-06-03,38,19.29
2025-06-06,38,12.71
2025-06-09,38,14.31
2025-06-11,38,13.5
2025-06-12,38,17.25
2025-06-14,38,19.18
2025-06-15,38,15.81
2025-06-18,38,18.66
2025-06-20,38,14.84
2025-06-21,38,15.56
2025-06-24,38,16.65
2025-06-25,38,11.7
2025-06-26,38,10.91
2025-06-27,38,17.65
2025-07-01,38,13.76
2025-07-02,38,16.91
2025-07-03,38,10.62
2025-07-04,38,18.98
2025-07-08,38,16.97
2025-07-10,38,13.53
2025-07-11,38,14.57
2025-07-14,38,18.24
2025-07-15,38,15.32
2025-07-17,38,16.63
2025-07-18,38,12.11
2025-07-24,38,19.18
2025-07-28,38,11.82
2025-07-31,38,15.01
2025-08-04,38,13.14
2025-08-06,38,14.75
2025-08-07,38,18.46
2025-08-11,38,18.88
2025-08-19,38,14.02
2025-08-21,38,18.31
2025-08-22,38,13.51
2025-08-24,38,11.57
2025-08-25,38,18.04
2025-08-26,38,13.19
2025-08-27,38,16.76
2025-08-31,38,16.98
2025-09-02,38,14.88
2025-09-03,38,12.01
2025-09-05,38,12.45
2025-09-10,38,16.11
2025-09-11,38,11.2
2025-09-12,38,15.85
2025-09-15,38,13.8
2025-09-16,38,14.14
2025-09-17,38,12.95
2025-09-18,38,14.8
2025-09-19,38,12.97
2025-09-22,38,17.97
2025-09-23,38,13.49
2025-09-29,38,16.47
2025-10-03,38,14.16
2025-10-08,38,15.28
2025-10-10,38,12.8
2025-10-13,38,17.19
2025-10-14,38,14.14
2025-10-16,38,18.08
2025-10-17,38,19.12
2025-10-18,38,10.84
2025-10-21,38,19.36
2025-10-22,38,19.06
2025-10-23,38,14.75
2025-10-24,38,13.51
2025-10-27,38,12.84
2025-10-28,38,18.31
2025-10-29,38,17.37
2025-11-03,38,14.13
2025-11-04,38,18.56
2025-11-05,38,13.13
2025-11-07,38,11.96
2025-11-11,38,13.89
2025-11-12,38,14.73
2025-11-14,38,12.62
2025-11-18,38,11.8
2025-11-19,38,16.05
2025-11-20,38,18.08
2025-11-27,38,12.02
2025-11-30,38,15.02
2025-12-02,38,18.34
2025-12-03,38,17.54
2025-12-05,38,16.99
2025-12-08,38,16.67
2025-12-10,38,18.51
2025-12-11,38,13.04
2025-12-12,38,12.1
2025-12-15,38,17.83
2025-12-16,38,15.53
2025-12-17,38,13.79
2025-12-18,38,16.71
2025-12-19,38,13.22
2025-12-21,38,18.83
2025-12-22,38,18.29
2025-12-23,38,16.07
2025-12-24,38,19.2
2025-12-25,38,15.8
2025-12-31,38,14.15
2025-01-01,39,39.31
2025-01-02,39,24.58
2025-01-09,39,34.67
2025-01-10,39,29.1
2025-01-12,39,43.58
2025-01-14,39,34.31
2025-01-15,39,41.8
2025-01-17,39,32.92
2025-01-20,39,25.63
2025-01-24,39,37.26
2025-01-26,39,35.96
2025-01-27,39,30.43
2025-01-29,39,42.97
2025-01-30,39,30.22
2025-02-04,39,42.61
2025-02-05,39,41.84
2025-02-06,39,40.79
2025-02-08,39,42.53
2025-02-09,39,28.78
2025-02-11,39,28.33
2025-02-12,39,40.74
2025-02-13,39,34.97
2025-02-19,39,26.09
2025-02-23,39,33.92
2025-02-27,39,28.36
2025-03-02,39,30.38
2025-03-05,39,24.58
2025-03-06,39,29.59
2025-03-11,39,25.94
2025-03-12,39,26.96
2025-03-13,39,36.88
2025-03-19,39,44.06
2025-03-20,39,28.18
2025-03-21,39,43.7
2025-03-25,39,43.6
2025-03-28,39,30.61
2025-03-30,39,43.1
2025-03-31,39,42.7
2025-04-01,39,38.41
2025-04-02,39,36.59
2025-04-03,39,43.53
2025-04-07,39,31.38
2025-04-08,39,42.16
2025-04-09,39,29.08
2025-04-12,39,39.49
2025-04-14,39,40.63
2025-04-15,39,37.45
2025-04-16,39,38.04
2025-04-17,39,39.36
2025-04-18,39,33.09
2025-04-19,39,40.6
2025-04-21,39,32.55
2025-04-23,39,39.89
2025-04-24,39,27.71
2025-04-25,39,43.12
2025-04-26,39,24.68
2025-04-27,39,36.88
2025-04-28,39,40.64
2025-04-29,39,27.81
2025-04-30,39,36.59
2025-05-02,39,43.05
2025-05-05,39,28.34
2025-05-08,39,35.81
2025-05-09,39,37.87
2025-05-12,39,24.1
2025-05-13,39,27.7
2025-05-14,39,27.96
2025-05-16,39,38.22
2025-05-22,39,39.17
2025-05-24,39,34.77
2025-05-25,39,35.18
2025-05-26,39,35.55
2025-05-27,39,43.39
2025-05-28,39,41.06
2025-05-29,39,32.74
2025-05-30,39,29.49
2025-06-02,39,36.78
2025-06-03,39,30.24
2025-06-05,39,28.96
2025-06-06,39,25.28
2025-06-07,39,24.2
2025-06-08,39,37.16
2025-06-09,39,32.71
2025-06-12,39,42.67
2025-06-13,39,25.28
2025-06-16,39,37.39
2025-06-18,39,27.88
2025-06-19,39,42.4
2025-06-20,39,39.76
2025-06-21,39,33.56
2025-06-24,39,32.34
2025-06-25,39,25.15
2025-06-26,39,37.34
2025-06-27,39,27.1
2025-06-30,39,36.91
2025-07-01,39,23.93
2025-07-02,39,32.43
2025-07-04,39,36.56
2025-07-06,39,34.29
2025-07-10,39,39.99
2025-07-11,39,38.86
2025-07-13,39,32.78
2025-07-16,39,43.63
2025-07-18,39,24.22
2025-07-20,39,26.68
2025-07-21,39,36.11
2025-07-23,39,39.59
2025-07-25,39,38.14
2025-07-29,39,34.72
2025-07-30,39,38.08
2025-08-01,39,25.13
2025-08-02,39,38.96
2025-08-03,39,36.5
2025-08-04,39,33.13
2025-08-05,39,41.47
2025-08-06,39,43.07
2025-08-07,39,26.33
2025-08-08,39,43.98
2025-08-10,39,38.16
2025-08-11,39,30.07
2025-08-12,39,40.93
2025-08-13,39,29.71
2025-08-14,39,27.08
2025-08-15,39,24.04
2025-08-18,39,31.15
2025-08-19,39,35.26
2025-08-21,39,41.58
2025-08-24,39,24.24
2025-08-25,39,41.41
2025-08-26,39,28.15
2025-08-27,39,38.07
2025-08-29,39,24.38
2025-09-04,39,37.72
2025-09-08,39,39.12
2025-09-11,39,43.26
2025-09-12,39,26.45
2025-09-13,39,37.01
2025-09-15,39,38.9
2025-09-18,39,37.87
2025-09-19,39,30.02
2025-09-22,39,24.03
2025-09-23,39,33.98
2025-09-26,39,27.58
2025-09-27,39,39.89
2025-09-28,39,26.39
2025-09-29,39,28.85
2025-09-30,39,31.14
2025-10-01,39,34.23
2025-10-03,39,31.4
2025-10-06,39,38.06
2025-10-07,39,38.34
2025-10-09,39,33.97
2025-10-10,39,36.73
2025-10-13,39,34.99
2025-10-14,39,28.03
2025-10-15,39,29.43
2025-10-22,39,25.74
2025-10-23,39,43.32
2025-10-24,39,30.53
2025-10-25,39,40.26
2025-10-27,39,32.25
2025-10-28,39,32.19
2025-10-29,39,40.42
2025-11-01,39,40.11
2025-11-02,39,26.34
2025-11-05,39,41.65
2025-11-10,39,27.21
2025-11-12,39,26.56
2025-11-13,39,31.12
2025-11-19,39,42.28
2025-11-20,39,28.5
2025-11-21,39,37.31
2025-11-25,39,24.9
2025-11-26,39,27.7
2025-11-28,39,35.75
2025-12-04,39,27.75
2025-12-07,39,29.02
2025-12-08,39,38.83
2025-12-09,39,25.08
2025-12-11,39,30.55
2025-12-12,39,29.72
2025-12-15,39,39.58
2025-12-17,39,34.59
2025-12-19,39,25.4
2025-12-22,39,39.0
2025-12-25,39,39.13
2025-12-26,39,35.33
2025-12-30,39,34.41
2025-12-31,39,38.97
2025-01-01,40,17.83
2025-01-02,40,17.47
2025-01-03,40,15.16
2025-01-08,40,17.77
2025-01-14,40,12.41
2025-01-15,40,14.61
2025-01-20,40,11.57
2025-01-22,40,11.67
2025-01-23,40,10.41
2025-01-24,40,11.06
2025-01-26,40,17.04
2025-01-27,40,17.11
2025-01-28,40,16.94
2025-01-30,40,17.51
2025-01-31,40,15.79
2025-02-04,40,14.64
2025-02-08,40,12.89
2025-02-10,40,13.11
2025-02-11,40,11.41
2025-02-12,40,10.85
2025-02-14,40,11.65
2025-02-16,40,17.56
2025-02-17,40,17.25
2025-02-18,40,16.94
2025-02-19,40,11.27
2025-02-21,40,16.07
2025-02-26,40,12.89
2025-03-01,40,14.62
2025-03-02,40,18.15
2025-03-03,40,14.5
2025-03-07,40,14.61
2025-03-12,40,15.93
2025-03-13,40,13.4
2025-03-15,40,13.28
2025-03-17,40,16.84
2025-03-19,40,13.95
2025-03-20,40,11.0
2025-03-24,40,12.45
2025-03-25,40,11.01
2025-03-27,40,10.6
2025-03-30,40,17.96
2025-03-31,40,16.24
2025-04-01,40,15.05
2025-04-02,40,11.55
2025-04-07,40,13.92
2025-04-10,40,14.04
2025-04-11,40,18.1
2025-04-13,40,14.74
2025-04-18,40,14.06
2025-04-21,40,16.78
2025-04-25,40,17.36
2025-04-26,40,15.76
2025-04-27,40,12.32
2025-04-29,40,15.45
2025-04-30,40,10.58
2025-05-01,40,15.04
2025-05-02,40,12.32
2025-05-04,40,13.55
2025-05-06,40,13.45
2025-05-11,40,18.05
2025-05-14,40,17.12
2025-05-15,40,16.45
2025-05-16,40,16.65
2025-05-18,40,17.32
2025-05-19,40,15.31
2025-05-20,40,17.12
2025-05-21,40,13.34
2025-05-22,40,15.71
2025-05-26,40,17.57
2025-05-28,40,12.63
2025-05-29,40,17.11
2025-05-30,40,15.77
2025-06-01,40,9.9
2025-06-04,40,14.18
2025-06-05,40,16.17
2025-06-08,40,16.78
2025-06-10,40,15.07
2025-06-12,40,13.37
2025-06-13,40,15.01
2025-06-16,40,15.03
2025-06-17,40,11.56
2025-06-20,40,17.88
2025-06-23,40,14.97
2025-06-24,40,13.52
2025-06-25,40,15.03
2025-06-26,40,12.94
2025-06-29,40,12.49
2025-07-01,40,16.1
2025-07-02,40,14.43
2025-07-03,40,18.09
2025-07-06,40,16.87
2025-07-07,40,15.75
2025-07-08,40,15.78
2025-07-10,40,11.76
2025-07-11,40,12.04
2025-07-14,40,15.02
2025-07-15,40,12.22
2025-07-16,40,11.21
2025-07-18,40,15.94
2025-07-19,40,18.18
2025-07-21,40,13.38
2025-07-22,40,16.24
2025-07-23,40,16.14
2025-07-24,40,10.94
2025-07-25,40,10.71
2025-07-27,40,17.02
2025-07-29,40,13.86
2025-07-30,40,15.89
2025-07-31,40,10.08
2025-08-01,40,13.72
2025-08-04,40,15.88
2025-08-06,40,15.86
2025-08-07,40,15.51
2025-08-12,40,13.46
2025-08-15,40,15.0
2025-08-16,40,12.04
2025-08-18,40,13.75
2025-08-20,40,10.02
2025-08-21,40,17.38
2025-08-24,40,15.14
2025-08-26,40,13.8
2025-08-28,40,12.75
2025-08-30,40,11.47
2025-09-01,40,12.41
2025-09-02,40,17.36
2025-09-04,40,15.62
2025-09-05,40,13.79
2025-09-07,40,18.04
2025-09-09,40,14.84
2025-09-10,40,15.12
2025-09-11,40,12.67
2025-09-15,40,14.24
2025-09-16,40,11.72
2025-09-18,40,17.45
2025-09-19,40,17.11
2025-09-22,40,16.24
2025-09-23,40,13.75
2025-09-24,40,9.96
2025-09-26,40,15.03
2025-09-28,40,16.77
2025-09-30,40,15.16
2025-10-03,40,16.63
2025-10-06,40,14.89
2025-10-08,40,14.11
2025-10-10,40,9.92
2025-10-11,40,15.36
2025-10-14,40,13.76
2025-10-15,40,18.11
2025-10-16,40,13.3
2025-10-19,40,12.33
2025-10-20,40,14.99
2025-10-21,40,15.38
2025-10-22,40,16.75
2025-10-23,40,11.44
2025-10-28,40,12.14
2025-10-29,40,17.65
2025-10-30,40,10.73
2025-10-31,40,17.12
2025-11-03,40,15.19
2025-11-04,40,11.32
2025-11-05,40,11.68
2025-11-08,40,17.51
2025-11-10,40,12.87
2025-11-11,40,11.98
2025-11-19,40,18.14
2025-11-22,40,13.98
2025-11-24,40,12.42
2025-11-26,40,11.37
2025-11-27,40,10.08
2025-11-28,40,14.79
2025-12-01,40,17.18
2025-12-03,40,16.88
2025-12-04,40,13.68
2025-12-05,40,13.56
2025-12-07,40,11.3
2025-12-08,40,14.44
2025-12-10,40,11.85
2025-12-11,40,13.08
2025-12-12,40,14.09
2025-12-13,40,16.87
2025-12-18,40,17.74
2025-12-21,40,11.31
2025-12-23,40,11.22
2025-12-24,40,17.47
2025-12-25,40,17.53
2025-12-26,40,11.7
2025-12-29,40,12.71
2025-12-30,40,12.11
2025-01-01,41,25.18
2025-01-02,41,21.44
2025-01-08,41,16.05
2025-01-13,41,19.14
2025-01-14,41,21.57
2025-01-17,41,23.43
2025-01-20,41,21.29
2025-01-25,41,16.95
2025-01-27,41,16.29
2025-01-28,41,21.08
2025-01-30,41,25.05
2025-02-05,41,18.97
2025-02-06,41,16.82
2025-02-07,41,22.24
2025-02-10,41,23.18
2025-02-11,41,19.72
2025-02-14,41,21.74
2025-02-20,41,14.45
2025-02-21,41,20.79
2025-02-25,41,22.93
2025-02-26,41,19.83
2025-02-28,41,15.16
2025-03-05,41,21.1
2025-03-10,41,15.94
2025-03-11,41,21.02
2025-03-17,41,15.95
2025-03-18,41,24.69
2025-03-19,41,23.62
2025-03-20,41,19.62
2025-03-23,41,17.41
2025-03-25,41,21.04
2025-03-26,41,18.54
2025-03-27,41,22.23
2025-04-02,41,17.65
2025-04-04,41,14.04
2025-04-07,41,19.36
2025-04-09,41,24.71
2025-04-11,41,17.91
2025-04-12,41,21.49
2025-04-15,41,20.14
2025-04-16,41,23.47
2025-04-17,41,17.23
2025-04-23,41,14.41
2025-04-25,41,22.66
2025-04-26,41,18.5
2025-04-27,41,20.27
2025-04-29,41,18.46
2025-05-01,41,23.63
2025-05-05,41,25.55
2025-05-08,41,25.45
2025-05-11,41,16.79
2025-05-13,41,18.77
2025-05-15,41,19.0
2025-05-16,41,18.2
2025-05-18,41,16.07
2025-05-21,41,17.58
2025-05-22,41,23.96
2025-05-28,41,21.56
2025-05-31,41,25.97
2025-06-03,41,19.84
2025-06-05,41,15.51
2025-06-06,41,20.26
2025-06-07,41,25.23
2025-06-08,41,18.91
2025-06-09,41,20.43
2025-06-10,41,19.87
2025-06-11,41,14.65
2025-06-15,41,24.39
2025-06-16,41,25.17
2025-06-17,41,18.08
2025-06-20,41,18.89
2025-06-24,41,16.22
2025-06-25,41,17.16
2025-06-26,41,21.9
2025-06-27,41,18.65
2025-06-30,41,14.98
2025-07-01,41,24.03
2025-07-03,41,18.69
2025-07-04,41,20.94
2025-07-07,41,15.65
2025-07-11,41,22.88
2025-07-14,41,22.91
2025-07-15,41,21.57
2025-07-16,41,23.23
2025-07-18,41,20.31
2025-07-19,41,19.0
2025-07-21,41,24.73
2025-07-22,41,21.63
2025-07-26,41,23.81
2025-07-31,41,20.99
2025-08-03,41,25.27
2025-08-04,41,21.37
2025-08-06,41,14.58
2025-08-08,41,15.29
2025-08-11,41,15.93
2025-08-12,41,22.41
2025-08-13,41,21.81
2025-08-15,41,15.49
2025-08-21,41,17.57
2025-08-25,41,18.99
2025-08-27,41,23.88
2025-09-01,41,15.38
2025-09-03,41,15.53
2025-09-04,41,15.91
2025-09-07,41,24.16
2025-09-08,41,23.52
2025-09-09,41,22.78
2025-09-10,41,18.17
2025-09-12,41,25.7
2025-09-16,41,20.17
2025-09-18,41,22.67
2025-09-19,41,21.83
2025-09-20,41,19.65
2025-09-22,41,21.64
2025-09-23,41,20.78
2025-09-25,41,14.2
2025-09-28,41,18.96
2025-10-03,41,24.97
2025-10-06,41,19.52
2025-10-08,41,14.28
2025-10-09,41,19.28
2025-10-10,41,23.17
2025-10-11,41,25.01
2025-10-15,41,19.26
2025-10-16,41,25.85
2025-10-17,41,21.02
2025-10-22,41,21.26
2025-10-23,41,24.61
2025-10-24,41,14.48
2025-10-30,41,16.96
2025-11-03,41,16.1
2025-11-05,41,16.29
2025-11-07,41,25.27
2025-11-08,41,14.07
2025-11-10,41,15.96
2025-11-11,41,18.94
2025-11-13,41,25.72
2025-11-15,41,14.56
2025-11-17,41,17.61
2025-11-18,41,21.8
2025-11-19,41,14.94
2025-11-20,41,23.49
2025-11-21,41,24.68
2025-11-24,41,25.92
2025-11-26,41,20.18
2025-11-27,41,25.28
2025-11-29,41,14.25
2025-11-30,41,21.31
2025-12-02,41,17.68
2025-12-03,41,20.2
2025-12-04,41,17.39
2025-12-05,41,24.8
2025-12-08,41,24.54
2025-12-10,41,16.67
2025-12-13,41,16.1
2025-12-17,41,19.04
2025-12-18,41,24.23
2025-12-25,41,23.85
2025-12-29,41,23.22
2025-12-31,41,21.78
2025-01-08,42,17.69
2025-01-09,42,18.68
2025-01-15,42,21.7
2025-01-22,42,26.97
2025-01-23,42,18.51
2025-01-25,42,20.44
2025-01-28,42,30.35
2025-01-29,42,31.11
2025-01-31,42,18.68
2025-02-02,42,25.75
2025-02-03,42,21.05
2025-02-05,42,25.25
2025-02-06,42,27.09
2025-02-09,42,19.83
2025-02-10,42,19.54
2025-02-11,42,24.89
2025-02-12,42,28.95
2025-02-13,42,24.47
2025-02-19,42,25.94
2025-02-20,42,27.18
2025-02-25,42,28.28
2025-02-26,42,18.53
2025-02-28,42,24.6
2025-03-04,42,24.66
2025-03-05,42,23.46
2025-03-08,42,18.48
2025-03-11,42,25.68
2025-03-12,42,28.22
2025-03-17,42,30.45
2025-03-22,42,27.75
2025-03-24,42,20.75
2025-03-25,42,26.58
2025-03-26,42,18.31
2025-03-30,42,23.0
2025-04-02,42,30.76
2025-04-03,42,19.97
2025-04-04,42,21.51
2025-04-06,42,21.21
2025-04-07,42,23.91
2025-04-08,42,17.99
2025-04-09,42,24.78
2025-04-15,42,21.11
2025-04-18,42,17.21
2025-04-19,42,28.98
2025-04-20,42,25.33
2025-04-21,42,20.1
2025-04-22,42,17.35
2025-04-23,42,26.17
2025-04-24,42,28.28
2025-04-25,42,29.6
2025-04-27,42,30.73
2025-04-28,42,26.77
2025-04-29,42,24.31
2025-04-30,42,22.0
2025-05-02,42,24.12
2025-05-07,42,21.84
2025-05-08,42,31.0
2025-05-09,42,22.08
2025-05-10,42,20.02
2025-05-11,42,26.01
2025-05-12,42,25.04
2025-05-15,42,29.97
2025-05-17,42,27.42
2025-05-19,42,17.46
2025-05-20,42,27.83
2025-05-21,42,26.41
2025-05-22,42,25.06
2025-05-23,42,21.17
2025-05-26,42,23.06
2025-05-30,42,30.54
2025-06-01,42,24.84
2025-06-02,42,28.25
2025-06-03,42,22.71
2025-06-04,42,18.83
2025-06-05,42,26.49
2025-06-06,42,25.15
2025-06-09,42,18.48
2025-06-10,42,28.32
2025-06-11,42,26.97
2025-06-12,42,17.36
2025-06-14,42,30.38
2025-06-15,42,24.18
2025-06-16,42,29.69
2025-06-18,42,21.06
2025-06-19,42,28.13
2025-06-20,42,25.28
2025-06-21,42,27.1
2025-06-25,42,25.12
2025-06-27,42,19.43
2025-07-02,42,21.66
2025-07-03,42,22.79
2025-07-04,42,20.46
2025-07-08,42,29.77
2025-07-09,42,24.11
2025-07-11,42,30.51
2025-07-14,42,29.07
2025-07-15,42,26.89
2025-07-18,42,20.8
2025-07-22,42,17.13
2025-07-23,42,27.97
2025-07-24,42,26.9
2025-07-27,42,30.02
2025-07-28,42,22.67
2025-07-29,42,22.89
2025-07-31,42,21.47
2025-08-02,42,19.71
2025-08-05,42,19.55
2025-08-08,42,18.18
2025-08-09,42,27.99
2025-08-12,42,25.71
2025-08-14,42,24.62
2025-08-15,42,21.97
2025-08-16,42,19.5
2025-08-20,42,25.41
2025-08-21,42,23.56
2025-08-22,42,17.04
2025-08-25,42,24.51
2025-08-27,42,24.8
2025-08-28,42,17.79
2025-08-31,42,19.37
2025-09-02,42,23.52
2025-09-03,42,19.14
2025-09-04,42,23.9
2025-09-05,42,18.19
2025-09-08,42,23.59
2025-09-09,42,25.16
2025-09-10,42,18.29
2025-09-11,42,21.78
2025-09-13,42,18.38
2025-09-15,42,18.1
2025-09-16,42,20.58
2025-09-17,42,21.35
2025-09-18,42,26.18
2025-09-23,42,28.99
2025-09-26,42,22.79
2025-09-28,42,21.31
2025-09-29,42,25.44
2025-10-01,42,18.99
2025-10-05,42,23.79
2025-10-06,42,29.52
2025-10-08,42,29.57
2025-10-12,42,18.53
2025-10-13,42,30.56
2025-10-15,42,19.3
2025-10-16,42,27.8
2025-10-17,42,24.7
2025-10-21,42,19.98
2025-10-24,42,20.72
2025-10-25,42,20.46
2025-10-26,42,25.39
2025-10-27,42,25.66
2025-10-28,42,18.46
2025-10-29,42,24.17
2025-10-30,42,28.71
2025-10-31,42,21.99
2025-11-03,42,22.54
2025-11-04,42,21.36
2025-11-06,42,28.65
2025-11-07,42,31.09
2025-11-10,42,20.34
2025-11-11,42,29.04
2025-11-12,42,21.68
2025-11-13,42,30.64
2025-11-14,42,20.36
2025-11-17,42,29.25
2025-11-18,42,18.02
2025-11-21,42,18.1
2025-11-22,42,27.9
2025-11-24,42,28.58
2025-11-25,42,26.59
2025-11-26,42,25.23
2025-11-27,42,30.13
2025-11-28,42,22.54
2025-12-01,42,24.68
2025-12-03,42,18.71
2025-12-04,42,30.54
2025-12-05,42,22.68
2025-12-07,42,21.77
2025-12-09,42,27.63
2025-12-11,42,19.89
2025-12-14,42,19.86
2025-12-16,42,24.06
2025-12-18,42,29.5
2025-12-20,42,27.52
2025-12-22,42,20.97
2025-12-23,42,25.46
2025-12-26,42,27.95
2025-12-27,42,18.67
2025-12-28,42,25.4
2025-12-29,42,22.06
2025-12-30,42,21.66
2025-01-01,43,14.92
2025-01-02,43,16.4
2025-01-03,43,17.98
2025-01-04,43,21.85
2025-01-06,43,14.32
2025-01-09,43,21.33
2025-01-13,43,19.14
2025-01-14,43,23.9
2025-01-16,43,19.98
2025-01-18,43,17.39
2025-01-20,43,15.77
2025-01-21,43,19.21
2025-01-22,43,17.11
2025-01-24,43,14.95
2025-01-26,43,23.34
2025-01-27,43,20.98
2025-01-28,43,17.86
2025-01-30,43,21.57
2025-01-31,43,20.06
2025-02-06,43,19.88
2025-02-07,43,17.39
2025-02-10,43,21.63
2025-02-11,43,18.6
2025-02-13,43,13.66
2025-02-14,43,21.33
2025-02-18,43,21.87
2025-02-19,43,17.81
2025-02-24,43,14.69
2025-02-25,43,23.16
2025-02-28,43,19.42
2025-03-05,43,15.35
2025-03-06,43,13.44
2025-03-07,43,14.35
2025-03-12,43,14.83
2025-03-13,43,24.37
2025-03-14,43,15.38
2025-03-18,43,17.78
2025-03-19,43,23.48
2025-03-21,43,15.83
2025-03-26,43,19.36
2025-03-27,43,21.31
2025-03-31,43,15.32
2025-04-02,43,22.43
2025-04-08,43,20.44
2025-04-10,43,21.74
2025-04-15,43,21.73
2025-04-16,43,20.11
2025-04-17,43,15.15
2025-04-18,43,14.18
2025-04-21,43,14.06
2025-04-22,43,21.71
2025-04-23,43,16.4
2025-04-24,43,17.85
2025-04-25,43,17.32
2025-04-28,43,20.57
2025-04-29,43,23.95
2025-04-30,43,21.58
2025-05-02,43,23.6
2025-05-05,43,16.24
2025-05-06,43,16.94
2025-05-07,43,17.56
2025-05-09,43,13.35
2025-05-12,43,14.37
2025-05-13,43,15.85
2025-05-15,43,13.78
2025-05-16,43,14.2
2025-05-18,43,18.98
2025-05-19,43,22.46
2025-05-20,43,18.52
2025-05-22,43,22.34
2025-05-29,43,18.81
2025-06-02,43,23.59
2025-06-03,43,14.14
2025-06-05,43,13.55
2025-06-06,43,20.81
2025-06-08,43,18.57
2025-06-09,43,21.79
2025-06-10,43,16.03
2025-06-11,43,19.6
2025-06-13,43,13.96
2025-06-16,43,14.13
2025-06-17,43,21.81
2025-06-18,43,19.46
2025-06-19,43,17.09
2025-06-21,43,23.58
2025-06-23,43,18.63
2025-06-25,43,23.14
2025-06-26,43,19.81
2025-07-01,43,16.19
2025-07-02,43,14.37
2025-07-03,43,16.96
2025-07-08,43,18.73
2025-07-10,43,21.47
2025-07-11,43,14.9
2025-07-12,43,23.89
2025-07-15,43,16.64
2025-07-17,43,14.96
2025-07-19,43,15.47
2025-07-23,43,17.82
2025-07-29,43,22.66
2025-07-30,43,19.13
2025-07-31,43,19.84
2025-08-04,43,17.39
2025-08-05,43,16.9
2025-08-06,43,17.46
2025-08-07,43,18.3
2025-08-08,43,14.39
2025-08-10,43,13.32
2025-08-14,43,15.88
2025-08-18,43,13.46
2025-08-19,43,20.28
2025-08-20,43,24.63
2025-08-21,43,21.4
2025-08-22,43,19.46
2025-08-23,43,22.04
2025-08-25,43,22.97
2025-08-26,43,23.81
2025-08-29,43,14.68
2025-09-01,43,22.07
2025-09-02,43,21.59
2025-09-05,43,17.88
2025-09-08,43,18.46
2025-09-09,43,19.36
2025-09-11,43,15.93
2025-09-16,43,17.2
2025-09-19,43,21.31
2025-09-22,43,19.7
2025-09-23,43,14.12
2025-09-24,43,22.31
2025-09-27,43,19.31
2025-09-28,43,15.59
2025-09-30,43,21.95
2025-10-01,43,18.05
2025-10-03,43,17.01
2025-10-04,43,20.73
2025-10-10,43,19.21
2025-10-13,43,13.94
2025-10-15,43,24.44
2025-10-17,43,21.26
2025-10-19,43,22.09
2025-10-21,43,13.78
2025-10-22,43,15.59
2025-10-23,43,21.58
2025-10-24,43,23.38
2025-10-29,43,17.56
2025-10-31,43,14.21
2025-11-03,43,19.98
2025-11-04,43,23.89
2025-11-05,43,16.48
2025-11-06,43,17.37
2025-11-12,43,24.53
2025-11-13,43,21.44
2025-11-14,43,22.61
2025-11-20,43,15.64
2025-11-24,43,13.81
2025-11-25,43,18.99
2025-11-26,43,15.27
2025-11-27,43,19.98
2025-11-28,43,20.0
2025-12-03,43,14.39
2025-12-04,43,20.0
2025-12-05,43,17.02
2025-12-07,43,24.34
2025-12-08,43,23.75
2025-12-09,43,16.01
2025-12-10,43,24.66
2025-12-11,43,20.59
2025-12-17,43,19.84
2025-12-22,43,17.54
2025-12-23,43,15.68
2025-12-25,43,15.93
2025-12-26,43,17.55
2025-12-29,43,23.72
2025-12-30,43,20.91
2025-01-01,44,24.05
2025-01-02,44,34.1
2025-01-03,44,26.33
2025-01-06,44,23.44
2025-01-08,44,28.71
2025-01-11,44,24.89
2025-01-13,44,29.15
2025-01-15,44,27.83
2025-01-16,44,21.29
2025-01-17,44,22.9
2025-01-20,44,26.82
2025-01-21,44,21.9
2025-01-24,44,31.29
2025-01-28,44,19.23
2025-01-29,44,21.9
2025-01-30,44,24.11
2025-01-31,44,30.82
2025-02-02,44,22.64
2025-02-04,44,33.14
2025-02-05,44,34.04
2025-02-06,44,21.78
2025-02-07,44,28.42
2025-02-10,44,29.05
2025-02-13,44,19.22
2025-02-14,44,32.41
2025-02-17,44,32.89
2025-02-19,44,31.59
2025-02-20,44,29.26
2025-02-22,44,30.95
2025-02-28,44,19.08
2025-03-04,44,33.33
2025-03-05,44,33.8
2025-03-07,44,28.28
2025-03-10,44,34.37
2025-03-11,44,24.98
2025-03-13,44,27.25
2025-03-16,44,29.1
2025-03-17,44,27.94
2025-03-19,44,31.08
2025-03-24,44,30.79
2025-03-25,44,24.38
2025-03-28,44,34.65
2025-03-29,44,27.19
2025-03-31,44,33.73
2025-04-01,44,21.22
2025-04-07,44,30.78
2025-04-14,44,22.07
2025-04-15,44,27.14
2025-04-16,44,23.79
2025-04-17,44,18.97
2025-04-18,44,20.78
2025-04-20,44,32.22
2025-04-21,44,32.92
2025-04-22,44,26.33
2025-04-23,44,24.99
2025-04-24,44,31.31
2025-04-28,44,26.65
2025-05-01,44,33.75
2025-05-02,44,27.5
2025-05-06,44,22.45
2025-05-07,44,30.38
2025-05-08,44,28.17
2025-05-09,44,26.72
2025-05-12,44,31.89
2025-05-13,44,30.97
2025-05-15,44,20.35
2025-05-16,44,22.5
2025-05-18,44,19.73
2025-05-20,44,25.67
2025-05-21,44,30.81
2025-05-22,44,27.86
2025-06-02,44,23.92
2025-06-03,44,24.76
2025-06-04,44,34.44
2025-06-10,44,25.8
2025-06-11,44,20.91
2025-06-13,44,25.11
2025-06-14,44,27.4
2025-06-17,44,28.47
2025-06-20,44,20.0
2025-06-21,44,31.34
2025-06-23,44,21.89
2025-06-25,44,27.02
2025-06-27,44,24.07
2025-07-01,44,30.72
2025-07-02,44,23.18
2025-07-03,44,30.05
2025-07-04,44,25.46
2025-07-07,44,19.92
2025-07-08,44,30.81
2025-07-09,44,28.37
2025-07-10,44,23.67
2025-07-11,44,25.37
2025-07-12,44,21.89
2025-07-15,44,28.27
2025-07-16,44,29.81
2025-07-22,44,28.71
2025-07-24,44,26.28
2025-07-26,44,25.15
2025-07-28,44,22.07
2025-07-29,44,22.1
2025-07-31,44,19.54
2025-08-01,44,19.22
2025-08-05,44,24.98
2025-08-07,44,27.91
2025-08-09,44,34.92
2025-08-11,44,33.37
2025-08-16,44,26.59
2025-08-17,44,24.15
2025-08-19,44,30.6
2025-08-20,44,19.02
2025-08-21,44,21.51
2025-08-23,44,22.01
2025-08-24,44,24.24
2025-08-25,44,26.98
2025-08-26,44,19.76
2025-08-27,44,32.38
2025-08-28,44,25.94
2025-09-02,44,19.98
2025-09-03,44,32.75
2025-09-04,44,28.23
2025-09-08,44,20.06
2025-09-09,44,19.62
2025-09-15,44,19.03
2025-09-16,44,31.07
2025-09-18,44,24.82
2025-09-19,44,25.83
2025-09-24,44,34.29
2025-09-26,44,26.13
2025-09-29,44,23.62
2025-10-01,44,27.85
2025-10-05,44,26.08
2025-10-06,44,22.36
2025-10-09,44,21.08
2025-10-10,44,26.0
2025-10-11,44,28.77
2025-10-14,44,24.92
2025-10-16,44,19.87
2025-10-17,44,32.08
2025-10-20,44,31.22
2025-10-22,44,34.68
2025-10-23,44,33.59
2025-10-27,44,30.39
2025-10-28,44,31.61
2025-10-29,44,30.04
2025-10-30,44,22.53
2025-11-01,44,22.6
2025-11-02,44,25.7
2025-11-03,44,30.57
2025-11-05,44,25.98
2025-11-06,44,29.77
2025-11-07,44,21.05
2025-11-08,44,24.12
2025-11-10,44,23.08
2025-11-11,44,34.39
2025-11-13,44,22.26
2025-11-15,44,35.05
2025-11-17,44,30.09
2025-11-21,44,29.86
2025-11-24,44,22.3
2025-11-25,44,32.64
2025-11-26,44,23.54
2025-11-28,44,28.52
2025-12-01,44,26.87
2025-12-03,44,19.02
2025-12-04,44,30.59
2025-12-05,44,31.61
2025-12-09,44,21.41
2025-12-11,44,29.35
2025-12-16,44,26.27
2025-12-17,44,24.35
2025-12-18,44,33.33
2025-12-21,44,25.03
2025-12-26,44,28.58
2025-12-30,44,27.96
2025-12-31,44,21.59
2025-01-02,45,41.28
2025-01-03,45,33.34
2025-01-06,45,46.52
2025-01-07,45,28.43
2025-01-09,45,39.09
2025-01-10,45,28.99
2025-01-13,45,49.04
2025-01-14,45,39.75
2025-01-15,45,37.25
2025-01-16,45,28.42
2025-01-20,45,49.05
2025-01-21,45,47.24
2025-01-22,45,34.28
2025-01-24,45,48.09
2025-01-30,45,30.95
2025-01-31,45,38.84
2025-02-03,45,46.13
2025-02-04,45,47.96
2025-02-06,45,28.68
2025-02-07,45,45.48
2025-02-08,45,44.28
2025-02-13,45,32.66
2025-02-14,45,36.9
2025-02-18,45,45.98
2025-02-19,45,29.12
2025-02-22,45,46.35
2025-02-24,45,33.93
2025-02-27,45,31.04
2025-03-03,45,47.06
2025-03-14,45,35.63
2025-03-15,45,34.33
2025-03-16,45,48.83
2025-03-17,45,31.73
2025-03-18,45,31.9
2025-03-20,45,34.67
2025-03-24,45,35.35
2025-03-25,45,28.74
2025-03-26,45,32.44
2025-03-29,45,33.78
2025-03-31,45,40.11
2025-04-01,45,44.28
2025-04-02,45,49.17
2025-04-03,45,33.99
2025-04-04,45,35.46
2025-04-05,45,49.02
2025-04-06,45,47.96
2025-04-07,45,33.6
2025-04-08,45,39.1
2025-04-13,45,48.72
2025-04-15,45,27.98
2025-04-18,45,36.73
2025-04-20,45,37.59
2025-04-21,45,31.14
2025-04-23,45,46.15
2025-04-24,45,46.83
2025-04-25,45,27.41
2025-04-27,45,37.84
2025-04-28,45,28.41
2025-04-29,45,45.14
2025-04-30,45,36.89
2025-05-01,45,36.04
2025-05-04,45,42.17
2025-05-05,45,40.95
2025-05-06,45,35.11
2025-05-07,45,40.39
2025-05-08,45,30.95
2025-05-12,45,47.55
2025-05-13,45,35.89
2025-05-22,45,44.85
2025-05-23,45,41.22
2025-05-24,45,27.35
2025-05-25,45,49.92
2025-05-26,45,28.34
2025-05-27,45,41.06
2025-05-30,45,49.27
2025-05-31,45,50.21
2025-06-01,45,44.94
2025-06-02,45,49.1
2025-06-03,45,28.48
2025-06-05,45,45.97
2025-06-11,45,32.72
2025-06-12,45,32.46
2025-06-13,45,47.62
2025-06-16,45,34.85
2025-06-20,45,41.1
2025-06-22,45,43.55
2025-06-23,45,48.66
2025-06-24,45,40.29
2025-06-26,45,46.69
2025-06-30,45,37.37
2025-07-02,45,33.43
2025-07-03,45,34.62
2025-07-05,45,35.28
2025-07-06,45,44.19
2025-07-08,45,27.91
2025-07-09,45,37.56
2025-07-10,45,38.91
2025-07-13,45,30.54
2025-07-14,45,37.16
2025-07-15,45,45.39
2025-07-16,45,46.08
2025-07-21,45,45.29
2025-07-22,45,42.66
2025-07-23,45,30.0
2025-07-24,45,28.53
2025-07-25,45,50.57
2025-07-28,45,37.94
2025-07-29,45,31.8
2025-07-30,45,37.41
2025-07-31,45,48.59
2025-08-01,45,46.92
2025-08-05,45,46.72
2025-08-06,45,38.36
2025-08-10,45,35.83
2025-08-13,45,37.83
2025-08-18,45,48.66
2025-08-19,45,36.68
2025-08-21,45,48.37
2025-08-28,45,33.75
2025-08-29,45,37.75
2025-09-02,45,28.24
2025-09-03,45,42.43
2025-09-04,45,40.0
2025-09-09,45,48.26
2025-09-11,45,40.94
2025-09-15,45,42.27
2025-09-16,45,42.16
2025-09-18,45,28.97
2025-09-21,45,43.43
2025-09-24,45,41.35
2025-09-25,45,46.33
2025-09-29,45,50.43
2025-10-02,45,44.93
2025-10-03,45,42.04
2025-10-04,45,42.01
2025-10-06,45,45.51
2025-10-07,45,43.86
2025-10-09,45,41.27
2025-10-14,45,48.8
2025-10-15,45,35.61
2025-10-16,45,38.38
2025-10-21,45,39.47
2025-10-24,45,43.33
2025-10-26,45,45.28
2025-10-27,45,31.44
2025-10-31,45,38.52
2025-11-01,45,45.85
2025-11-05,45,36.84
2025-11-06,45,48.23
2025-11-07,45,39.73
2025-11-08,45,42.8
2025-11-13,45,36.25
2025-11-16,45,36.31
2025-11-17,45,38.31
2025-11-18,45,50.52
2025-11-20,45,43.98
2025-11-24,45,46.94
2025-11-26,45,30.06
2025-11-28,45,29.65
2025-12-01,45,35.24
2025-12-02,45,30.98
2025-12-03,45,37.39
2025-12-04,45,34.17
2025-12-05,45,32.81
2025-12-06,45,46.8
2025-12-09,45,48.58
2025-12-10,45,41.73
2025-12-11,45,48.8
2025-12-12,45,47.3
2025-12-18,45,34.3
2025-12-19,45,29.59
2025-12-20,45,40.89
2025-12-22,45,40.56
2025-12-23,45,48.18
2025-12-24,45,40.48
2025-12-26,45,44.66
2025-12-28,45,50.53
2025-12-30,45,34.57
2025-01-01,46,34.16
2025-01-02,46,35.5
2025-01-07,46,34.85
2025-01-08,46,33.62
2025-01-10,46,35.29
2025-01-13,46,23.35
2025-01-16,46,38.35
2025-01-20,46,29.0
2025-01-22,46,38.23
2025-01-24,46,30.75
2025-01-27,46,37.8
2025-01-28,46,37.76
2025-01-30,46,31.2
2025-02-03,46,38.21
2025-02-06,46,31.57
2025-02-11,46,30.65
2025-02-12,46,25.41
2025-02-15,46,36.65
2025-02-16,46,29.25
2025-02-17,46,38.44
2025-02-20,46,30.22
2025-02-22,46,28.95
2025-02-24,46,21.58
2025-02-25,46,34.27
2025-02-27,46,30.72
2025-02-28,46,25.36
2025-03-02,46,26.11
2025-03-04,46,38.89
2025-03-05,46,29.34
2025-03-06,46,25.25
2025-03-12,46,25.76
2025-03-13,46,36.66
2025-03-14,46,26.55
2025-03-18,46,30.62
2025-03-20,46,25.47
2025-03-24,46,35.02
2025-03-28,46,35.98
2025-03-29,46,36.55
2025-03-31,46,32.56
2025-04-01,46,21.72
2025-04-02,46,35.79
2025-04-03,46,25.02
2025-04-05,46,35.68
2025-04-07,46,25.91
2025-04-09,46,23.6
2025-04-12,46,34.21
2025-04-14,46,29.76
2025-04-15,46,27.33
2025-04-17,46,31.53
2025-04-18,46,29.4
2025-04-21,46,25.09
2025-04-22,46,32.29
2025-04-23,46,33.09
2025-04-24,46,35.85
2025-04-26,46,34.39
2025-04-27,46,29.01
2025-04-28,46,33.53
2025-04-29,46,35.78
2025-04-30,46,27.17
2025-05-01,46,33.31
2025-05-02,46,27.53
2025-05-04,46,22.1
2025-05-05,46,29.03
2025-05-06,46,25.85
2025-05-08,46,27.61
2025-05-12,46,35.9
2025-05-16,46,22.59
2025-05-20,46,35.53
2025-05-21,46,26.22
2025-05-23,46,27.28
2025-05-24,46,36.36
2025-05-27,46,27.44
2025-05-28,46,26.0
2025-05-29,46,32.96
2025-05-30,46,23.5
2025-05-31,46,27.37
2025-06-01,46,23.82
2025-06-02,46,36.42
2025-06-03,46,35.79
2025-06-04,46,32.38
2025-06-05,46,31.5
2025-06-06,46,22.71
2025-06-09,46,28.55
2025-06-10,46,33.61
2025-06-12,46,24.56
2025-06-13,46,29.02
2025-06-17,46,36.8
2025-06-18,46,31.52
2025-06-20,46,29.19
2025-06-21,46,35.58
2025-06-24,46,21.75
2025-06-25,46,26.07
2025-06-29,46,25.11
2025-07-01,46,33.61
2025-07-02,46,33.29
2025-07-04,46,35.92
2025-07-07,46,25.89
2025-07-11,46,24.09
2025-07-13,46,37.4
2025-07-14,46,27.73
2025-07-15,46,37.58
2025-07-18,46,21.08
2025-07-23,46,34.47
2025-07-28,46,21.75
2025-07-29,46,23.31
2025-07-30,46,21.18
2025-08-01,46,27.9
2025-08-04,46,25.94
2025-08-07,46,29.65
2025-08-08,46,29.48
2025-08-11,46,35.64
2025-08-12,46,30.06
2025-08-14,46,31.3
2025-08-15,46,28.78
2025-08-17,46,24.45
2025-08-19,46,24.26
2025-08-20,46,37.28
2025-08-26,46,22.4
2025-08-27,46,26.39
2025-08-29,46,23.49
2025-09-01,46,37.87
2025-09-02,46,35.21
2025-09-03,46,33.52
2025-09-05,46,21.41
2025-09-06,46,26.95
2025-09-08,46,27.02
2025-09-10,46,36.24
2025-09-11,46,21.92
2025-09-12,46,38.15
2025-09-15,46,33.28
2025-09-16,46,34.05
2025-09-17,46,23.02
2025-09-18,46,23.72
2025-09-20,46,34.6
2025-09-23,46,38.15
2025-09-24,46,35.18
2025-09-25,46,28.75
2025-09-26,46,36.14
2025-09-27,46,33.98
2025-10-01,46,28.55
2025-10-02,46,26.14
2025-10-03,46,36.36
2025-10-05,46,30.58
2025-10-06,46,26.76
2025-10-07,46,34.5
2025-10-09,46,27.15
2025-10-10,46,37.74
2025-10-11,46,31.51
2025-10-13,46,31.62
2025-10-14,46,35.66
2025-10-15,46,38.8
2025-10-20,46,26.58
2025-10-21,46,32.61
2025-10-28,46,22.98
2025-10-29,46,31.01
2025-11-03,46,24.87
2025-11-04,46,27.41
2025-11-06,46,31.21
2025-11-07,46,29.87
2025-11-10,46,36.52
2025-11-11,46,32.98
2025-11-12,46,33.14
2025-11-13,46,31.81
2025-11-15,46,37.87
2025-11-16,46,37.05
2025-11-17,46,33.85
2025-11-19,46,26.74
2025-11-20,46,36.24
2025-11-22,46,27.35
2025-11-24,46,37.97
2025-11-25,46,28.88
2025-11-27,46,34.07
2025-11-28,46,29.12
2025-12-01,46,38.23
2025-12-05,46,23.84
2025-12-06,46,37.05
2025-12-10,46,23.34
2025-12-11,46,23.38
2025-12-12,46,27.83
2025-12-14,46,34.06
2025-12-15,46,38.99
2025-12-18,46,23.21
2025-12-19,46,23.24
2025-12-22,46,38.09
2025-12-23,46,38.88
2025-12-24,46,24.75
2025-12-25,46,36.16
2025-12-29,46,23.91
2025-12-30,46,38.49
2025-01-02,47,16.2
2025-01-03,47,24.84
2025-01-04,47,17.59
2025-01-07,47,22.86
2025-01-10,47,27.28
2025-01-13,47,26.79
2025-01-15,47,27.08
2025-01-16,47,17.79
2025-01-17,47,29.12
2025-01-21,47,21.49
2025-01-24,47,21.76
2025-01-25,47,19.44
2025-01-27,47,19.28
2025-01-28,47,26.83
2025-01-30,47,25.59
2025-01-31,47,28.91
2025-02-03,47,24.36
2025-02-04,47,20.14
2025-02-05,47,24.1
2025-02-07,47,23.93
2025-02-08,47,18.04
2025-02-10,47,22.18
2025-02-11,47,25.05
2025-02-12,47,29.4
2025-02-13,47,26.32
2025-02-14,47,23.12
2025-02-17,47,19.95
2025-02-18,47,19.08
2025-02-21,47,21.73
2025-02-22,47,19.37
2025-02-25,47,19.65
2025-02-27,47,20.71
2025-03-04,47,26.33
2025-03-05,47,24.6
2025-03-07,47,26.1
2025-03-09,47,25.84
2025-03-11,47,18.67
2025-03-12,47,19.68
2025-03-13,47,23.18
2025-03-14,47,19.18
2025-03-17,47,25.84
2025-03-18,47,17.21
2025-03-19,47,21.94
2025-03-20,47,26.4
2025-03-21,47,29.06
2025-03-28,47,27.26
2025-03-31,47,20.09
2025-04-02,47,19.26
2025-04-03,47,25.47
2025-04-07,47,17.05
2025-04-08,47,23.75
2025-04-09,47,19.14
2025-04-10,47,25.3
2025-04-11,47,27.18
2025-04-15,47,25.0
2025-04-17,47,27.0
2025-04-18,47,24.25
2025-04-19,47,29.7
2025-04-23,47,16.53
2025-04-25,47,19.74
2025-04-29,47,25.72
2025-05-01,47,20.65
2025-05-02,47,29.38
2025-05-06,47,29.23
2025-05-08,47,25.0
2025-05-09,47,25.7
2025-05-12,47,28.73
2025-05-13,47,25.12
2025-05-14,47,21.81
2025-05-16,47,24.42
2025-05-17,47,21.85
2025-05-19,47,28.55
2025-05-23,47,28.99
2025-05-24,47,16.65
2025-05-25,47,20.92
2025-05-27,47,16.45
2025-05-28,47,22.2
2025-05-30,47,19.1
2025-06-02,47,22.61
2025-06-03,47,21.27
2025-06-04,47,29.52
2025-06-05,47,27.39
2025-06-07,47,29.81
2025-06-10,47,23.76
2025-06-11,47,16.59
2025-06-14,47,26.96
2025-06-16,47,21.92
2025-06-17,47,26.59
2025-06-19,47,23.87
2025-06-22,47,23.35
2025-06-24,47,21.97
2025-06-26,47,27.96
2025-06-27,47,16.12
2025-06-28,47,17.34
2025-06-29,47,25.66
2025-06-30,47,29.0
2025-07-01,47,22.45
2025-07-02,47,25.66
2025-07-03,47,17.87
2025-07-06,47,23.41
2025-07-08,47,27.14
2025-07-11,47,29.37
2025-07-14,47,26.38
2025-07-15,47,16.73
2025-07-17,47,20.81
2025-07-20,47,18.66
2025-07-22,47,21.48
2025-07-24,47,19.43
2025-07-25,47,21.58
2025-07-27,47,19.12
2025-07-29,47,24.79
2025-07-30,47,24.46
2025-07-31,47,17.5
2025-08-01,47,25.53
2025-08-04,47,23.27
2025-08-08,47,18.25
2025-08-09,47,19.69
2025-08-12,47,19.58
2025-08-13,47,28.5
2025-08-15,47,27.1
2025-08-21,47,20.5
2025-08-22,47,20.65
2025-08-25,47,21.18
2025-08-29,47,20.59
2025-08-30,47,17.6
2025-09-01,47,24.42
2025-09-03,47,27.43
2025-09-04,47,25.34
2025-09-07,47,20.45
2025-09-08,47,21.72
2025-09-12,47,28.29
2025-09-14,47,27.66
2025-09-15,47,16.84
2025-09-16,47,24.51
2025-09-18,47,26.14
2025-09-24,47,20.38
2025-09-25,47,16.36
2025-09-26,47,22.64
2025-09-27,47,17.84
2025-10-01,47,22.65
2025-10-02,47,18.76
2025-10-03,47,27.03
2025-10-07,47,23.14
2025-10-08,47,21.95
2025-10-09,47,29.65
2025-10-12,47,18.04
2025-10-13,47,19.73
2025-10-14,47,24.96
2025-10-15,47,28.56
2025-10-17,47,27.87
2025-10-21,47,28.28
2025-10-26,47,18.4
2025-10-27,47,17.53
2025-10-29,47,29.57
2025-10-31,47,22.67
2025-11-03,47,16.53
2025-11-05,47,27.02
2025-11-07,47,16.77
2025-11-10,47,19.68
2025-11-11,47,20.07
2025-11-12,47,21.95
2025-11-14,47,16.8
2025-11-17,47,29.41
2025-11-18,47,19.91
2025-11-19,47,25.68
2025-11-20,47,24.44
2025-11-23,47,27.18
2025-11-24,47,21.51
2025-11-25,47,24.55
2025-11-26,47,21.86
2025-11-27,47,20.94
2025-11-28,47,18.31
2025-11-29,47,21.25
2025-12-01,47,21.84
2025-12-02,47,26.97
2025-12-03,47,18.81
2025-12-04,47,29.8
2025-12-05,47,18.02
2025-12-07,47,17.82
2025-12-09,47,24.81
2025-12-10,47,23.74
2025-12-11,47,20.35
2025-12-13,47,24.62
2025-12-15,47,28.48
2025-12-16,47,20.91
2025-12-18,47,17.43
2025-12-21,47,28.45
2025-12-22,47,29.02
2025-12-23,47,27.03
2025-12-24,47,28.29
2025-12-26,47,18.73
2025-12-29,47,22.22
2025-12-31,47,17.34
2025-01-03,48,19.4
2025-01-08,48,22.05
2025-01-09,48,20.89
2025-01-10,48,22.57
2025-01-14,48,17.61
2025-01-15,48,25.5
2025-01-16,48,18.04
2025-01-20,48,24.16
2025-01-21,48,21.44
2025-01-22,48,22.48
2025-01-23,48,18.13
2025-01-25,48,16.69
2025-01-28,48,23.45
2025-01-31,48,22.95
2025-02-01,48,17.67
2025-02-04,48,20.12
2025-02-07,48,20.35
2025-02-08,48,23.47
2025-02-14,48,16.34
2025-02-17,48,18.7
2025-02-20,48,18.58
2025-02-21,48,24.23
2025-03-02,48,24.37
2025-03-03,48,18.9
2025-03-06,48,19.85
2025-03-07,48,17.88
2025-03-11,48,18.73
2025-03-13,48,17.14
2025-03-17,48,14.08
2025-03-20,48,16.12
2025-03-22,48,25.3
2025-03-26,48,14.99
2025-03-28,48,20.84
2025-03-30,48,17.89
2025-04-01,48,17.74
2025-04-02,48,14.39
2025-04-04,48,15.26
2025-04-07,48,17.5
2025-04-08,48,17.1
2025-04-09,48,24.1
2025-04-10,48,24.06
2025-04-11,48,16.19
2025-04-17,48,14.1
2025-04-18,48,17.17
2025-04-20,48,20.02
2025-04-21,48,24.06
2025-04-23,48,24.04
2025-04-24,48,18.23
2025-04-25,48,24.02
2025-04-27,48,25.59
2025-04-28,48,25.23
2025-04-29,48,23.98
2025-05-07,48,25.16
2025-05-08,48,15.61
2025-05-09,48,21.24
2025-05-12,48,21.59
2025-05-14,48,21.57
2025-05-15,48,14.58
2025-05-16,48,14.57
2025-05-19,48,18.94
2025-05-21,48,20.76
2025-05-26,48,16.09
2025-05-28,48,24.6
2025-05-29,48,14.54
2025-05-30,48,21.13
2025-05-31,48,23.36
2025-06-06,48,22.56
2025-06-07,48,15.32
2025-06-10,48,19.79
2025-06-11,48,19.74
2025-06-12,48,25.36
2025-06-13,48,14.97
2025-06-17,48,22.56
2025-06-18,48,14.41
2025-06-19,48,22.32
2025-06-20,48,19.2
2025-06-22,48,24.18
2025-06-26,48,22.18
2025-06-30,48,16.62
2025-07-04,48,14.62
2025-07-10,48,15.25
2025-07-11,48,20.12
2025-07-13,48,16.4
2025-07-15,48,24.3
2025-07-16,48,25.56
2025-07-19,48,17.95
2025-07-23,48,17.74
2025-07-25,48,14.53
2025-07-26,48,23.3
2025-07-27,48,20.46
2025-07-28,48,15.76
2025-07-30,48,17.82
2025-07-31,48,18.83
2025-08-01,48,25.11
2025-08-04,48,17.69
2025-08-06,48,15.07
2025-08-08,48,18.99
2025-08-10,48,25.48
2025-08-12,48,20.14
2025-08-13,48,16.01
2025-08-14,48,21.75
2025-08-15,48,17.98
2025-08-16,48,18.96
2025-08-18,48,21.38
2025-08-19,48,22.14
2025-08-20,48,20.82
2025-08-24,48,25.58
2025-08-26,48,24.68
2025-08-27,48,14.41
2025-08-30,48,21.73
2025-09-02,48,15.54
2025-09-03,48,20.93
2025-09-05,48,25.04
2025-09-08,48,18.0
2025-09-09,48,17.87
2025-09-10,48,16.01
2025-09-11,48,20.18
2025-09-12,48,22.79
2025-09-18,48,17.24
2025-09-19,48,21.11
2025-09-22,48,21.79
2025-09-24,48,19.59
2025-09-27,48,24.55
2025-09-28,48,18.97
2025-09-29,48,25.09
2025-09-30,48,15.81
2025-10-02,48,23.54
2025-10-03,48,19.03
2025-10-09,48,17.7
2025-10-10,48,19.13
2025-10-23,48,19.08
2025-10-24,48,15.78
2025-10-28,48,23.73
2025-11-01,48,18.19
2025-11-03,48,15.28
2025-11-06,48,17.93
2025-11-07,48,14.9
2025-11-09,48,23.66
2025-11-13,48,20.91
2025-11-16,48,18.13
2025-11-17,48,20.87
2025-11-19,48,23.06
2025-11-20,48,24.54
2025-11-21,48,14.45
2025-11-24,48,23.17
2025-11-26,48,19.93
2025-11-27,48,25.16
2025-11-28,48,16.34
2025-11-30,48,17.03
2025-12-01,48,15.53
2025-12-02,48,24.47
2025-12-04,48,21.57
2025-12-09,48,20.97
2025-12-10,48,20.29
2025-12-15,48,22.86
2025-12-18,48,14.75
2025-12-22,48,23.89
2025-12-23,48,18.68
2025-12-26,48,23.21
2025-12-29,48,15.98
2025-12-30,48,14.01
2025-12-31,48,18.94
2025-01-02,49,22.47
2025-01-07,49,25.52
2025-01-08,49,21.64
2025-01-09,49,38.79
2025-01-10,49,32.95
2025-01-11,49,31.83
2025-01-13,49,36.27
2025-01-15,49,26.57
2025-01-18,49,29.15
2025-01-20,49,36.49
2025-01-21,49,27.1
2025-01-23,49,25.14
2025-01-24,49,28.37
2025-01-26,49,30.37
2025-01-29,49,31.79
2025-01-31,49,37.78
2025-02-02,49,25.66
2025-02-03,49,24.53
2025-02-06,49,31.68
2025-02-07,49,28.03
2025-02-10,49,23.17
2025-02-11,49,27.55
2025-02-12,49,28.75
2025-02-13,49,34.64
2025-02-14,49,26.95
2025-02-17,49,26.66
2025-02-19,49,26.87
2025-02-20,49,24.37
2025-02-21,49,28.65
2025-02-25,49,24.9
2025-02-27,49,26.9
2025-02-28,49,26.05
2025-03-02,49,38.36
2025-03-03,49,38.74
2025-03-05,49,34.32
2025-03-07,49,27.1
2025-03-10,49,29.51
2025-03-11,49,29.97
2025-03-12,49,30.74
2025-03-18,49,21.48
2025-03-20,49,28.11
2025-03-21,49,22.74
2025-03-25,49,25.62
2025-03-26,49,32.09
2025-03-28,49,27.83
2025-03-30,49,29.76
2025-03-31,49,22.77
2025-04-01,49,21.51
2025-04-09,49,26.96
2025-04-14,49,23.15
2025-04-16,49,24.51
2025-04-18,49,34.13
2025-04-20,49,27.1
2025-04-21,49,31.88
2025-04-22,49,21.08
2025-04-24,49,25.65
2025-04-25,49,23.86
2025-04-28,49,36.68
2025-04-30,49,37.17
2025-05-02,49,32.59
2025-05-08,49,25.4
2025-05-09,49,25.96
2025-05-12,49,33.63
2025-05-13,49,27.88
2025-05-14,49,31.74
2025-05-18,49,35.69
2025-05-20,49,34.12
2025-05-21,49,30.04
2025-05-23,49,30.55
2025-05-24,49,27.12
2025-05-26,49,31.69
2025-05-27,49,33.05
2025-05-28,49,34.24
2025-06-02,49,32.8
2025-06-04,49,23.21
2025-06-05,49,37.41
2025-06-07,49,27.92
2025-06-08,49,29.45
2025-06-11,49,22.73
2025-06-12,49,37.78
2025-06-13,49,26.76
2025-06-17,49,30.26
2025-06-18,49,37.7
2025-06-21,49,35.25
2025-06-23,49,22.08
2025-06-25,49,36.63
2025-06-27,49,33.36
2025-06-28,49,28.61
2025-07-01,49,35.55
2025-07-03,49,30.02
2025-07-05,49,37.03
2025-07-07,49,38.66
2025-07-08,49,37.45
2025-07-09,49,34.74
2025-07-10,49,34.26
2025-07-11,49,25.85
2025-07-12,49,36.57
2025-07-17,49,37.07
2025-07-18,49,34.26
2025-07-20,49,24.97
2025-07-21,49,28.56
2025-07-23,49,37.87
2025-07-24,49,38.36
2025-07-27,49,31.55
2025-07-28,49,26.36
2025-07-31,49,30.56
2025-08-01,49,22.42
2025-08-04,49,34.68
2025-08-05,49,36.0
2025-08-06,49,36.0
2025-08-07,49,28.27
2025-08-08,49,36.77
2025-08-10,49,21.17
2025-08-11,49,23.58
2025-08-17,49,27.46
2025-08-18,49,29.99
2025-08-22,49,25.79
2025-08-25,49,34.15
2025-08-27,49,24.63
2025-08-30,49,33.69
2025-09-02,49,38.8
2025-09-03,49,31.81
2025-09-05,49,29.55
2025-09-08,49,23.31
2025-09-09,49,23.25
2025-09-13,49,33.24
2025-09-14,49,35.08
2025-09-15,49,22.72
2025-09-16,49,26.04
2025-09-22,49,35.48
2025-09-23,49,21.67
2025-09-25,49,24.07
2025-09-26,49,22.4
2025-09-27,49,21.99
2025-09-29,49,23.28
2025-10-01,49,21.34
2025-10-02,49,26.59
2025-10-03,49,29.01
2025-10-07,49,29.51
2025-10-08,49,34.6
2025-10-09,49,29.84
2025-10-10,49,32.85
2025-10-13,49,25.71
2025-10-15,49,29.15
2025-10-20,49,30.77
2025-10-29,49,29.41
2025-10-31,49,35.03
2025-11-03,49,22.66
2025-11-04,49,30.75
2025-11-05,49,25.36
2025-11-07,49,32.36
2025-11-10,49,31.22
2025-11-11,49,36.67
2025-11-13,49,22.65
2025-11-14,49,27.61
2025-11-17,49,33.01
2025-11-20,49,31.43
2025-11-21,49,36.67
2025-11-24,49,30.44
2025-11-26,49,31.14
2025-11-27,49,26.67
2025-11-29,49,26.56
2025-12-02,49,31.39
2025-12-03,49,25.54
2025-12-04,49,22.97
2025-12-06,49,35.06
2025-12-09,49,36.73
2025-12-11,49,29.63
2025-12-12,49,32.17
2025-12-14,49,35.36
2025-12-15,49,35.51
2025-12-16,49,32.82
2025-12-17,49,25.52
2025-12-19,49,30.2
2025-12-21,49,35.6
2025-12-22,49,23.28
2025-12-23,49,38.89
2025-12-24,49,37.14
2025-12-26,49,32.36
2025-12-29,49,28.81
2025-01-07,50,20.44
2025-01-08,50,19.62
2025-01-09,50,28.87
2025-01-10,50,29.44
2025-01-13,50,22.81
2025-01-14,50,25.9
2025-01-16,50,29.46
2025-01-17,50,19.24
2025-01-19,50,27.81
2025-01-21,50,27.54
2025-01-24,50,31.07
2025-01-25,50,26.31
2025-01-27,50,22.91
2025-01-28,50,24.84
2025-01-29,50,32.07
2025-01-30,50,32.02
2025-02-03,50,33.75
2025-02-06,50,31.98
2025-02-07,50,31.72
2025-02-08,50,28.13
2025-02-11,50,28.87
2025-02-12,50,27.5
2025-02-13,50,23.17
2025-02-15,50,20.87
2025-02-18,50,31.34
2025-02-19,50,30.45
2025-02-20,50,30.92
2025-02-21,50,26.92
2025-02-22,50,32.56
2025-02-25,50,19.26
2025-02-26,50,26.26
2025-02-28,50,22.41
2025-03-03,50,33.47
2025-03-04,50,29.95
2025-03-05,50,21.84
2025-03-07,50,28.85
2025-03-09,50,31.3
2025-03-12,50,21.24
2025-03-13,50,32.26
2025-03-20,50,18.35
2025-03-21,50,20.58
2025-03-25,50,27.98
2025-03-26,50,23.51
2025-03-27,50,27.39
2025-03-29,50,31.04
2025-04-02,50,26.36
2025-04-07,50,33.33
2025-04-08,50,30.58
2025-04-11,50,19.41
2025-04-15,50,23.2
2025-04-17,50,33.11
2025-04-18,50,23.74
2025-04-21,50,23.29
2025-04-22,50,30.01
2025-04-23,50,22.49
2025-04-24,50,32.94
2025-04-25,50,30.03
2025-04-29,50,24.45
2025-04-30,50,27.52
2025-05-07,50,25.74
2025-05-11,50,21.22
2025-05-12,50,21.14
2025-05-14,50,26.89
2025-05-15,50,20.62
2025-05-16,50,33.53
2025-05-21,50,23.31
2025-05-22,50,18.76
2025-05-23,50,23.74
2025-05-24,50,31.97
2025-05-26,50,30.72
2025-05-28,50,29.07
2025-05-29,50,19.3
2025-05-30,50,25.04
2025-05-31,50,25.85
2025-06-06,50,32.63
2025-06-09,50,27.79
2025-06-10,50,22.16
2025-06-11,50,31.68
2025-06-12,50,23.17
2025-06-13,50,30.39
2025-06-16,50,26.91
2025-06-20,50,19.35
2025-06-21,50,33.11
2025-06-26,50,19.11
2025-07-01,50,19.93
2025-07-02,50,30.85
2025-07-05,50,23.15
2025-07-07,50,29.53
2025-07-11,50,28.84
2025-07-12,50,24.44
2025-07-14,50,32.35
2025-07-16,50,20.31
2025-07-17,50,27.92
2025-07-20,50,22.09
2025-07-21,50,28.12
2025-07-22,50,21.85
2025-07-23,50,27.44
2025-07-24,50,31.33
2025-07-27,50,19.06
2025-07-28,50,19.32
2025-07-29,50,18.61
2025-07-30,50,19.92
2025-08-01,50,19.43
2025-08-05,50,30.35
2025-08-06,50,28.8
2025-08-10,50,26.3
2025-08-11,50,33.33
2025-08-12,50,24.75
2025-08-13,50,20.3
2025-08-15,50,24.04
2025-08-16,50,29.68
2025-08-17,50,25.34
2025-08-19,50,20.17
2025-08-21,50,20.3
2025-08-22,50,18.5
2025-08-26,50,21.59
2025-08-27,50,27.62
2025-08-28,50,20.97
2025-08-30,50,23.22
2025-08-31,50,29.14
2025-09-01,50,21.83
2025-09-02,50,31.84
2025-09-03,50,20.66
2025-09-05,50,24.63
2025-09-08,50,31.25
2025-09-09,50,33.63
2025-09-12,50,20.4
2025-09-16,50,26.17
2025-09-19,50,28.67
2025-09-21,50,32.71
2025-09-22,50,28.72
2025-09-24,50,31.55
2025-09-28,50,28.66
2025-09-29,50,24.48
2025-09-30,50,25.89
2025-10-06,50,31.25
2025-10-07,50,26.45
2025-10-08,50,25.62
2025-10-09,50,20.85
2025-10-10,50,25.24
2025-10-11,50,22.02
2025-10-12,50,19.9
2025-10-20,50,23.2
2025-10-24,50,33.08
2025-10-28,50,19.24
2025-10-29,50,30.26
2025-10-30,50,18.47
2025-10-31,50,22.98
2025-11-02,50,25.98
2025-11-03,50,22.48
2025-11-06,50,23.22
2025-11-10,50,21.36
2025-11-13,50,22.41
2025-11-17,50,25.57
2025-11-18,50,28.33
2025-11-19,50,25.78
2025-11-20,50,33.23
2025-11-24,50,33.68
2025-11-25,50,24.68
2025-11-26,50,33.08
2025-11-28,50,33.76
2025-12-01,50,31.6
2025-12-04,50,21.72
2025-12-05,50,23.04
2025-12-10,50,22.54
2025-12-11,50,23.78
2025-12-12,50,24.27
2025-12-15,50,29.88
2025-12-17,50,31.63
2025-12-21,50,30.98
2025-12-22,50,28.36
2025-12-24,50,26.08
2025-12-31,50,20.08
2025-01-03,51,24.42
2025-01-05,51,32.29
2025-01-07,51,24.48
2025-01-08,51,35.49
2025-01-13,51,36.71
2025-01-14,51,27.33
2025-01-16,51,30.15
2025-01-17,51,28.98
2025-01-20,51,20.84
2025-01-21,51,30.26
2025-01-22,51,30.91
2025-01-23,51,33.93
2025-01-24,51,33.89
2025-01-28,51,29.72
2025-01-29,51,29.48
2025-01-30,51,21.86
2025-02-03,51,25.47
2025-02-05,51,32.09
2025-02-06,51,26.13
2025-02-12,51,37.35
2025-02-17,51,20.46
2025-02-18,51,22.21
2025-02-19,51,34.67
2025-02-21,51,34.03
2025-02-24,51,35.34
2025-02-25,51,21.94
2025-02-26,51,32.75
2025-02-28,51,22.25
2025-03-03,51,34.96
2025-03-05,51,30.34
2025-03-06,51,32.71
2025-03-07,51,23.66
2025-03-10,51,21.01
2025-03-11,51,31.19
2025-03-13,51,30.41
2025-03-17,51,35.62
2025-03-18,51,24.89
2025-03-19,51,34.56
2025-03-20,51,26.35
2025-03-24,51,35.81
2025-03-25,51,20.52
2025-03-26,51,29.16
2025-03-27,51,29.66
2025-03-31,51,36.36
2025-04-01,51,28.04
2025-04-02,51,35.85
2025-04-03,51,27.46
2025-04-04,51,35.76
2025-04-05,51,31.52
2025-04-06,51,36.9
2025-04-07,51,31.2
2025-04-08,51,26.26
2025-04-09,51,30.81
2025-04-11,51,35.67
2025-04-12,51,36.59
2025-04-14,51,28.35
2025-04-17,51,29.4
2025-04-18,51,25.59
2025-04-21,51,32.65
2025-04-23,51,33.7
2025-04-24,51,32.76
2025-04-25,51,33.0
2025-04-29,51,24.19
2025-05-02,51,24.8
2025-05-05,51,35.55
2025-05-06,51,20.92
2025-05-07,51,28.14
2025-05-09,51,37.29
2025-05-12,51,35.7
2025-05-14,51,36.54
2025-05-15,51,32.34
2025-05-21,51,25.6
2025-05-25,51,34.94
2025-05-27,51,24.21
2025-05-28,51,24.43
2025-05-31,51,29.93
2025-06-02,51,30.22
2025-06-05,51,33.31
2025-06-06,51,24.01
2025-06-07,51,26.54
2025-06-08,51,25.22
2025-06-11,51,25.3
2025-06-12,51,25.84
2025-06-13,51,32.7
2025-06-14,51,25.11
2025-06-15,51,22.52
2025-06-17,51,29.47
2025-06-19,51,24.49
2025-06-23,51,33.47
2025-06-24,51,22.34
2025-06-25,51,27.04
2025-06-26,51,28.63
2025-06-29,51,27.96
2025-07-01,51,21.34
2025-07-02,51,23.69
2025-07-04,51,25.3
2025-07-07,51,24.43
2025-07-09,51,25.04
2025-07-10,51,23.8
2025-07-16,51,23.21
2025-07-17,51,26.78
2025-07-18,51,23.89
2025-07-19,51,29.16
2025-07-21,51,21.05
2025-07-23,51,24.56
2025-07-24,51,32.89
2025-07-28,51,22.46
2025-07-31,51,31.83
2025-08-01,51,37.22
2025-08-03,51,32.83
2025-08-04,51,23.55
2025-08-06,51,20.83
2025-08-09,51,26.37
2025-08-11,51,35.14
2025-08-12,51,22.09
2025-08-13,51,29.49
2025-08-15,51,25.32
2025-08-17,51,25.18
2025-08-18,51,20.54
2025-08-19,51,23.69
2025-08-20,51,34.58
2025-08-21,51,33.88
2025-08-25,51,22.53
2025-08-27,51,35.62
2025-08-29,51,23.91
2025-08-30,51,34.76
2025-09-01,51,22.11
2025-09-02,51,34.46
2025-09-04,51,20.49
2025-09-05,51,20.83
2025-09-09,51,26.31
2025-09-10,51,33.71
2025-09-12,51,25.89
2025-09-13,51,21.41
2025-09-15,51,27.87
2025-09-17,51,26.99
2025-09-18,51,34.58
2025-09-19,51,21.91
2025-09-26,51,30.05
2025-09-29,51,35.94
2025-09-30,51,22.01
2025-10-07,51,33.56
2025-10-08,51,24.42
2025-10-09,51,25.77
2025-10-10,51,23.25
2025-10-12,51,28.53
2025-10-16,51,33.01
2025-10-17,51,21.27
2025-10-22,51,35.15
2025-10-27,51,23.37
2025-10-28,51,24.54
2025-10-29,51,36.08
2025-11-01,51,26.24
2025-11-03,51,34.24
2025-11-05,51,32.58
2025-11-06,51,32.32
2025-11-07,51,22.92
2025-11-11,51,32.04
2025-11-17,51,22.4
2025-11-18,51,34.57
2025-11-21,51,20.75
2025-11-24,51,36.47
2025-11-25,51,29.33
2025-11-26,51,37.53
2025-11-28,51,37.69
2025-11-30,51,29.97
2025-12-01,51,31.37
2025-12-04,51,25.47
2025-12-05,51,25.27
2025-12-06,51,28.99
2025-12-09,51,26.22
2025-12-10,51,22.11
2025-12-11,51,25.51
2025-12-16,51,35.87
2025-12-17,51,23.64
2025-12-18,51,25.69
2025-12-19,51,37.49
2025-12-22,51,31.15
2025-12-25,51,31.94
2025-12-27,51,23.79
2025-12-30,51,37.35
2025-12-31,51,27.55
2025-01-02,52,21.23
2025-01-03,52,25.87
2025-01-04,52,26.55
2025-01-07,52,20.46
2025-01-10,52,28.11
2025-01-11,52,26.63
2025-01-15,52,30.15
2025-01-16,52,19.35
2025-01-17,52,24.83
2025-01-22,52,31.46
2025-01-23,52,28.3
2025-01-28,52,24.8
2025-01-29,52,24.76
2025-01-30,52,28.36
2025-01-31,52,26.75
2025-02-03,52,30.41
2025-02-07,52,31.78
2025-02-10,52,26.77
2025-02-11,52,28.81
2025-02-12,52,26.38
2025-02-18,52,30.19
2025-02-19,52,29.72
2025-02-20,52,31.52
2025-02-21,52,20.08
2025-02-22,52,20.31
2025-02-24,52,31.21
2025-02-25,52,20.76
2025-02-27,52,30.88
2025-02-28,52,26.71
2025-03-01,52,19.68
2025-03-03,52,32.3
2025-03-04,52,30.18
2025-03-06,52,29.51
2025-03-07,52,27.7
2025-03-10,52,26.75
2025-03-14,52,30.55
2025-03-17,52,30.62
2025-03-19,52,32.0
2025-03-20,52,32.41
2025-03-21,52,25.5
2025-03-24,52,29.72
2025-03-25,52,29.32
2025-03-26,52,17.58
2025-03-27,52,20.41
2025-03-30,52,21.35
2025-03-31,52,17.79
2025-04-01,52,27.67
2025-04-02,52,26.47
2025-04-03,52,20.25
2025-04-07,52,25.17
2025-04-11,52,28.18
2025-04-14,52,25.76
2025-04-17,52,26.03
2025-04-19,52,23.69
2025-04-20,52,19.2
2025-04-22,52,27.83
2025-04-23,52,17.83
2025-04-25,52,17.8
2025-04-28,52,26.81
2025-04-29,52,26.04
2025-05-01,52,28.4
2025-05-02,52,28.27
2025-05-03,52,31.21
2025-05-05,52,31.58
2025-05-06,52,28.02
2025-05-08,52,20.04
2025-05-09,52,24.66
2025-05-12,52,27.73
2025-05-13,52,22.92
2025-05-14,52,28.45
2025-05-16,52,29.28
2025-05-19,52,22.41
2025-05-20,52,23.18
2025-05-22,52,27.3
2025-05-23,52,19.09
2025-05-27,52,31.8
2025-05-28,52,28.47
2025-05-29,52,27.23
2025-06-03,52,27.66
2025-06-04,52,17.66
2025-06-07,52,17.93
2025-06-08,52,30.93
2025-06-09,52,21.01
2025-06-10,52,21.96
2025-06-13,52,21.11
2025-06-16,52,18.53
2025-06-20,52,27.22
2025-06-24,52,26.97
2025-06-25,52,29.67
2025-06-29,52,17.83
2025-06-30,52,23.01
2025-07-02,52,25.85
2025-07-06,52,21.56
2025-07-07,52,28.77
2025-07-14,52,18.36
2025-07-15,52,26.76
2025-07-17,52,30.4
2025-07-18,52,31.29
2025-07-20,52,19.93
2025-07-21,52,18.16
2025-07-23,52,30.08
2025-07-24,52,17.98
2025-07-28,52,18.19
2025-07-29,52,25.27
2025-07-30,52,26.11
2025-08-01,52,31.4
2025-08-02,52,29.88
2025-08-04,52,31.87
2025-08-05,52,19.62
2025-08-06,52,32.45
2025-08-08,52,26.15
2025-08-09,52,24.43
2025-08-11,52,24.76
2025-08-13,52,29.96
2025-08-14,52,32.07
2025-08-15,52,26.28
2025-08-18,52,23.52
2025-08-20,52,27.37
2025-08-21,52,22.76
2025-08-22,52,18.09
2025-08-25,52,23.08
2025-08-26,52,24.24
2025-08-27,52,30.07
2025-09-02,52,27.08
2025-09-09,52,28.69
2025-09-10,52,30.64
2025-09-11,52,23.55
2025-09-15,52,31.87
2025-09-16,52,17.57
2025-09-24,52,24.45
2025-09-26,52,19.88
2025-09-29,52,27.53
2025-10-01,52,25.98
2025-10-02,52,25.69
2025-10-06,52,29.5
2025-10-07,52,18.3
2025-10-08,52,28.59
2025-10-11,52,21.91
2025-10-14,52,23.65
2025-10-15,52,29.09
2025-10-16,52,32.03
2025-10-17,52,21.73
2025-10-19,52,27.89
2025-10-21,52,26.29
2025-10-23,52,23.99
2025-10-24,52,22.23
2025-10-26,52,24.11
2025-10-28,52,19.97
2025-10-30,52,21.57
2025-10-31,52,31.65
2025-11-01,52,31.35
2025-11-05,52,18.98
2025-11-06,52,18.61
2025-11-14,52,18.49
2025-11-15,52,17.52
2025-11-16,52,31.55
2025-11-20,52,21.07
2025-11-24,52,30.55
2025-11-27,52,23.79
2025-11-28,52,21.91
2025-12-01,52,22.6
2025-12-03,52,18.57
2025-12-04,52,18.08
2025-12-05,52,21.33
2025-12-08,52,22.79
2025-12-11,52,25.03
2025-12-12,52,22.43
2025-12-14,52,27.97
2025-12-15,52,31.57
2025-12-16,52,22.7
2025-12-17,52,26.32
2025-12-18,52,26.1
2025-12-19,52,24.02
2025-12-22,52,28.02
2025-12-25,52,24.54
2025-12-26,52,22.55
2025-12-29,52,21.05
2025-12-30,52,22.74
2025-12-31,52,18.52
2025-01-03,53,4.03
2025-01-07,53,3.69
2025-01-09,53,4.38
2025-01-12,53,4.9
2025-01-13,53,4.86
2025-01-15,53,5.48
2025-01-16,53,4.68
2025-01-18,53,5.27
2025-01-19,53,3.81
2025-01-20,53,5.53
2025-01-21,53,6.25
2025-01-22,53,3.86
2025-01-23,53,4.01
2025-01-24,53,5.89
2025-01-28,53,4.0
2025-01-29,53,4.22
2025-01-30,53,4.37
2025-01-31,53,5.51
2025-02-03,53,3.85
2025-02-04,53,4.1
2025-02-05,53,5.08
2025-02-06,53,5.77
2025-02-07,53,6.44
2025-02-09,53,5.03
2025-02-10,53,5.59
2025-02-11,53,4.95
2025-02-12,53,4.31
2025-02-14,53,3.69
2025-02-15,53,6.07
2025-02-20,53,4.03
2025-02-21,53,5.22
2025-02-24,53,5.31
2025-02-25,53,3.6
2025-02-27,53,5.46
2025-02-28,53,6.45
2025-03-04,53,4.66
2025-03-07,53,4.03
2025-03-12,53,3.62
2025-03-13,53,6.17
2025-03-18,53,5.43
2025-03-19,53,6.02
2025-03-21,53,5.99
2025-03-23,53,3.73
2025-03-28,53,3.78
2025-04-01,53,5.79
2025-04-02,53,3.6
2025-04-03,53,5.92
2025-04-04,53,6.19
2025-04-05,53,3.73
2025-04-06,53,6.01
2025-04-07,53,5.89
2025-04-08,53,4.94
2025-04-10,53,5.91
2025-04-11,53,5.41
2025-04-14,53,5.31
2025-04-15,53,4.65
2025-04-16,53,3.9
2025-04-21,53,5.37
2025-04-24,53,5.74
2025-04-25,53,6.02
2025-04-28,53,5.27
2025-04-29,53,5.33
2025-05-03,53,5.98
2025-05-04,53,5.37
2025-05-06,53,6.05
2025-05-08,53,4.43
2025-05-09,53,6.41
2025-05-10,53,5.24
2025-05-11,53,4.15
2025-05-13,53,6.46
2025-05-14,53,5.05
2025-05-15,53,6.37
2025-05-16,53,5.12
2025-05-21,53,5.0
2025-05-23,53,4.0
2025-05-25,53,3.88
2025-05-26,53,5.12
2025-05-27,53,5.31
2025-06-01,53,6.0
2025-06-02,53,4.12
2025-06-03,53,4.04
2025-06-08,53,5.69
2025-06-09,53,5.5
2025-06-10,53,5.62
2025-06-12,53,3.78
2025-06-13,53,4.79
2025-06-16,53,4.95
2025-06-18,53,4.56
2025-06-21,53,3.93
2025-06-22,53,4.55
2025-06-23,53,5.51
2025-06-25,53,5.19
2025-06-26,53,5.02
2025-06-29,53,3.76
2025-07-01,53,3.99
2025-07-02,53,5.18
2025-07-03,53,6.49
2025-07-04,53,4.14
2025-07-06,53,4.98
2025-07-07,53,4.86
2025-07-09,53,6.21
2025-07-11,53,4.04
2025-07-14,53,3.64
2025-07-16,53,4.34
2025-07-17,53,4.27
2025-07-20,53,6.12
2025-07-25,53,4.62
2025-07-26,53,5.17
2025-07-28,53,6.26
2025-07-29,53,5.59
2025-08-02,53,3.93
2025-08-04,53,4.9
2025-08-05,53,4.58
2025-08-15,53,3.57
2025-08-19,53,5.42
2025-08-20,53,4.85
2025-08-21,53,6.24
2025-08-22,53,5.23
2025-08-25,53,6.27
2025-08-26,53,4.16
2025-08-28,53,4.0
2025-08-29,53,5.46
2025-08-30,53,4.37
2025-09-01,53,3.61
2025-09-02,53,5.42
2025-09-03,53,5.98
2025-09-05,53,6.25
2025-09-07,53,5.48
2025-09-08,53,4.51
2025-09-09,53,4.69
2025-09-10,53,5.63
2025-09-12,53,4.69
2025-09-15,53,4.3
2025-09-16,53,5.14
2025-09-18,53,6.33
2025-09-23,53,3.89
2025-09-26,53,5.58
2025-09-29,53,5.65
2025-10-03,53,6.24
2025-10-06,53,4.82
2025-10-09,53,5.54
2025-10-10,53,4.33
2025-10-12,53,5.58
2025-10-13,53,5.15
2025-10-14,53,4.41
2025-10-15,53,5.44
2025-10-20,53,3.6
2025-10-21,53,6.05
2025-10-22,53,4.88
2025-10-23,53,4.32
2025-10-24,53,5.34
2025-10-27,53,5.9
2025-10-30,53,4.56
2025-11-01,53,3.96
2025-11-04,53,5.66
2025-11-05,53,4.95
2025-11-06,53,5.06
2025-11-07,53,3.83
2025-11-10,53,4.94
2025-11-11,53,5.18
2025-11-12,53,3.79
2025-11-14,53,5.59
2025-11-17,53,3.66
2025-11-19,53,3.91
2025-11-20,53,5.66
2025-11-24,53,5.18
2025-11-27,53,6.37
2025-11-28,53,5.79
2025-12-01,53,3.73
2025-12-02,53,5.28
2025-12-05,53,3.7
2025-12-06,53,3.52
2025-12-10,53,3.56
2025-12-11,53,5.26
2025-12-13,53,3.86
2025-12-16,53,5.94
2025-12-17,53,6.28
2025-12-18,53,3.74
2025-12-19,53,4.06
2025-12-22,53,5.48
2025-12-23,53,3.58
2025-12-26,53,4.85
2025-12-28,53,5.23
2025-12-29,53,4.12
2025-12-30,53,5.78
2025-12-31,53,4.23
2025-01-01,54,22.93
2025-01-02,54,21.53
2025-01-03,54,26.31
2025-01-06,54,23.57
2025-01-08,54,22.52
2025-01-14,54,22.29
2025-01-16,54,24.34
2025-01-17,54,27.93
2025-01-19,54,16.77
2025-01-21,54,24.04
2025-01-22,54,18.49
2025-01-23,54,19.5
2025-01-24,54,26.4
2025-01-27,54,20.58
2025-01-28,54,20.99
2025-01-31,54,25.0
2025-02-01,54,27.97
2025-02-03,54,23.66
2025-02-05,54,28.67
2025-02-09,54,17.59
2025-02-10,54,19.02
2025-02-12,54,28.2
2025-02-15,54,22.27
2025-02-19,54,20.43
2025-02-20,54,19.94
2025-02-25,54,20.89
2025-02-28,54,21.6
2025-03-01,54,27.68
2025-03-02,54,25.4
2025-03-03,54,27.36
2025-03-04,54,20.58
2025-03-05,54,20.61
2025-03-10,54,27.52
2025-03-11,54,28.37
2025-03-12,54,23.94
2025-03-13,54,17.06
2025-03-14,54,22.56
2025-03-15,54,27.63
2025-03-17,54,26.98
2025-03-19,54,26.81
2025-03-22,54,29.36
2025-03-24,54,21.05
2025-03-25,54,25.67
2025-03-26,54,20.32
2025-03-27,54,20.48
2025-03-28,54,21.35
2025-03-30,54,22.5
2025-04-01,54,18.11
2025-04-02,54,21.21
2025-04-03,54,29.17
2025-04-07,54,23.56
2025-04-10,54,19.5
2025-04-11,54,16.57
2025-04-14,54,27.27
2025-04-15,54,22.47
2025-04-16,54,22.2
2025-04-17,54,23.24
2025-04-22,54,27.56
2025-04-23,54,21.1
2025-04-24,54,17.5
2025-04-26,54,20.7
2025-04-28,54,28.11
2025-04-30,54,17.37
2025-05-01,54,22.65
2025-05-02,54,22.36
2025-05-05,54,21.04
2025-05-07,54,19.54
2025-05-08,54,22.38
2025-05-09,54,29.84
2025-05-15,54,23.01
2025-05-16,54,19.97
2025-05-19,54,24.49
2025-05-21,54,19.66
2025-05-22,54,18.69
2025-05-23,54,26.31
2025-05-27,54,25.5
2025-05-28,54,26.37
2025-05-29,54,25.59
2025-05-30,54,28.91
2025-06-01,54,22.73
2025-06-06,54,18.95
2025-06-07,54,29.63
2025-06-09,54,24.91
2025-06-11,54,27.73
2025-06-12,54,28.47
2025-06-13,54,22.73
2025-06-16,54,25.9
2025-06-17,54,25.55
2025-06-18,54,29.03
2025-06-19,54,23.63
2025-06-20,54,22.21
2025-06-23,54,21.5
2025-06-25,54,27.36
2025-06-28,54,19.85
2025-06-29,54,18.64
2025-06-30,54,27.93
2025-07-01,54,20.62
2025-07-02,54,23.62
2025-07-03,54,28.02
2025-07-04,54,28.28
2025-07-07,54,16.92
2025-07-08,54,28.69
2025-07-11,54,20.99
2025-07-14,54,19.79
2025-07-20,54,16.57
2025-07-22,54,22.02
2025-07-23,54,23.09
2025-07-24,54,20.87
2025-07-25,54,21.4
2025-07-30,54,27.73
2025-07-31,54,26.4
2025-08-01,54,27.3
2025-08-02,54,19.83
2025-08-05,54,25.38
2025-08-06,54,25.32
2025-08-07,54,27.6
2025-08-08,54,29.13
2025-08-11,54,21.06
2025-08-12,54,27.72
2025-08-13,54,23.4
2025-08-14,54,16.93
2025-08-15,54,28.23
2025-08-17,54,17.7
2025-08-21,54,28.56
2025-08-24,54,26.34
2025-08-25,54,24.01
2025-08-26,54,26.35
2025-09-01,54,20.52
2025-09-03,54,26.58
2025-09-05,54,28.66
2025-09-07,54,21.09
2025-09-10,54,18.4
2025-09-11,54,23.74
2025-09-12,54,24.79
2025-09-15,54,21.55
2025-09-18,54,20.59
2025-09-20,54,25.64
2025-09-22,54,25.61
2025-09-23,54,21.6
2025-09-24,54,25.62
2025-09-26,54,27.31
2025-09-27,54,23.41
2025-09-30,54,16.24
2025-10-01,54,17.09
2025-10-03,54,21.97
2025-10-07,54,16.46
2025-10-09,54,24.95
2025-10-13,54,27.19
2025-10-15,54,21.49
2025-10-17,54,18.34
2025-10-20,54,17.78
2025-10-22,54,23.18
2025-10-24,54,25.05
2025-10-27,54,27.47
2025-10-29,54,16.92
2025-10-30,54,28.58
2025-11-01,54,22.82
2025-11-02,54,29.19
2025-11-03,54,23.02
2025-11-04,54,20.69
2025-11-05,54,22.66
2025-11-06,54,20.67
2025-11-07,54,22.79
2025-11-11,54,25.88
2025-11-12,54,18.17
2025-11-13,54,17.93
2025-11-14,54,16.42
2025-11-18,54,27.95
2025-11-19,54,19.77
2025-11-21,54,26.99
2025-11-24,54,27.85
2025-11-25,54,20.38
2025-11-27,54,28.26
2025-11-28,54,25.06
2025-11-30,54,26.36
2025-12-01,54,23.44
2025-12-03,54,27.46
2025-12-09,54,27.31
2025-12-10,54,27.94
2025-12-12,54,23.11
2025-12-15,54,21.72
2025-12-16,54,20.2
2025-12-17,54,17.94
2025-12-18,54,19.41
2025-12-19,54,20.23
2025-12-23,54,17.88
2025-12-24,54,26.17
2025-12-25,54,29.04
2025-12-26,54,23.29
2025-01-01,55,34.85
2025-01-03,55,36.97
2025-01-04,55,27.46
2025-01-06,55,30.91
2025-01-07,55,44.8
2025-01-08,55,41.69
2025-01-09,55,42.34
2025-01-12,55,27.53
2025-01-14,55,29.97
2025-01-15,55,31.97
2025-01-16,55,42.49
2025-01-22,55,35.22
2025-01-27,55,36.03
2025-01-28,55,35.85
2025-01-29,55,42.07
2025-01-30,55,36.52
2025-01-31,55,32.56
2025-02-03,55,42.8
2025-02-10,55,27.74
2025-02-11,55,37.41
2025-02-12,55,43.59
2025-02-13,55,42.35
2025-02-14,55,31.08
2025-02-15,55,29.91
2025-02-18,55,37.93
2025-02-19,55,25.48
2025-02-20,55,25.88
2025-02-25,55,39.25
2025-02-28,55,30.04
2025-03-04,55,40.88
2025-03-06,55,41.94
2025-03-07,55,31.71
2025-03-08,55,35.15
2025-03-10,55,27.09
2025-03-11,55,36.32
2025-03-12,55,36.62
2025-03-13,55,40.33
2025-03-21,55,36.74
2025-03-26,55,37.59
2025-03-27,55,42.1
2025-03-28,55,43.43
2025-04-01,55,39.97
2025-04-02,55,42.12
2025-04-03,55,44.2
2025-04-05,55,27.38
2025-04-07,55,28.04
2025-04-08,55,36.34
2025-04-09,55,42.85
2025-04-12,55,25.5
2025-04-15,55,31.73
2025-04-16,55,38.66
2025-04-18,55,34.32
2025-04-28,55,41.68
2025-04-29,55,44.01
2025-04-30,55,43.85
2025-05-01,55,40.77
2025-05-02,55,45.33
2025-05-03,55,30.05
2025-05-04,55,44.25
2025-05-05,55,38.67
2025-05-09,55,39.42
2025-05-11,55,26.8
2025-05-12,55,32.36
2025-05-13,55,37.43
2025-05-15,55,40.48
2025-05-16,55,29.12
2025-05-19,55,35.15
2025-05-20,55,31.25
2025-05-26,55,40.33
2025-05-27,55,43.37
2025-05-30,55,38.53
2025-06-02,55,24.74
2025-06-03,55,31.29
2025-06-06,55,44.45
2025-06-07,55,33.2
2025-06-08,55,42.57
2025-06-10,55,38.82
2025-06-11,55,32.53
2025-06-12,55,29.5
2025-06-16,55,24.88
2025-06-17,55,35.56
2025-06-18,55,39.21
2025-06-19,55,31.14
2025-06-23,55,29.57
2025-06-24,55,30.85
2025-06-30,55,26.06
2025-07-01,55,34.91
2025-07-02,55,26.35
2025-07-03,55,32.21
2025-07-04,55,26.98
2025-07-05,55,29.99
2025-07-06,55,31.35
2025-07-07,55,39.27
2025-07-08,55,31.36
2025-07-09,55,29.26
2025-07-10,55,45.19
2025-07-12,55,37.45
2025-07-14,55,39.32
2025-07-15,55,33.82
2025-07-17,55,45.03
2025-07-21,55,39.92
2025-07-23,55,45.2
2025-07-24,55,30.73
2025-07-25,55,34.48
2025-07-29,55,34.27
2025-07-31,55,40.75
2025-08-01,55,30.4
2025-08-04,55,38.13
2025-08-06,55,41.87
2025-08-07,55,28.19
2025-08-08,55,29.67
2025-08-09,55,30.43
2025-08-10,55,38.52
2025-08-11,55,38.12
2025-08-12,55,40.66
2025-08-13,55,36.49
2025-08-14,55,35.58
2025-08-15,55,41.1
2025-08-18,55,30.27
2025-08-20,55,44.26
2025-08-21,55,44.49
2025-08-24,55,32.91
2025-08-27,55,32.88
2025-08-29,55,42.29
2025-09-01,55,27.55
2025-09-02,55,44.14
2025-09-03,55,25.85
2025-09-04,55,31.88
2025-09-08,55,43.62
2025-09-09,55,37.71
2025-09-10,55,26.21
2025-09-11,55,36.38
2025-09-13,55,30.6
2025-09-15,55,29.05
2025-09-16,55,42.19
2025-09-17,55,45.44
2025-09-18,55,32.62
2025-09-19,55,38.78
2025-09-20,55,37.71
2025-09-21,55,32.65
2025-09-24,55,37.26
2025-09-26,55,34.28
2025-09-30,55,27.09
2025-10-01,55,44.5
2025-10-03,55,32.92
2025-10-06,55,44.75
2025-10-07,55,36.84
2025-10-10,55,38.93
2025-10-16,55,41.72
2025-10-17,55,26.66
2025-10-21,55,33.52
2025-10-24,55,28.99
2025-10-27,55,37.76
2025-10-28,55,44.9
2025-10-31,55,44.9
2025-11-01,55,25.35
2025-11-02,55,34.26
2025-11-03,55,35.26
2025-11-04,55,31.55
2025-11-06,55,40.6
2025-11-07,55,43.71
2025-11-10,55,44.94
2025-11-11,55,39.79
2025-11-13,55,36.66
2025-11-16,55,39.06
2025-11-17,55,41.67
2025-11-18,55,27.39
2025-11-19,55,37.8
2025-11-21,55,27.5
2025-11-24,55,31.25
2025-11-25,55,29.97
2025-11-26,55,31.48
2025-12-01,55,27.13
2025-12-03,55,43.45
2025-12-04,55,40.45
2025-12-11,55,42.82
2025-12-14,55,26.94
2025-12-15,55,40.34
2025-12-16,55,25.01
2025-12-17,55,34.63
2025-12-18,55,25.43
2025-12-19,55,38.76
2025-12-20,55,36.16
2025-12-21,55,28.61
2025-12-22,55,26.62
2025-12-23,55,31.83
2025-12-24,55,40.23
2025-12-25,55,42.57
2025-12-30,55,27.11
2025-12-31,55,44.23
2025-01-02,56,35.07
2025-01-03,56,33.28
2025-01-04,56,26.57
2025-01-05,56,28.02
2025-01-06,56,21.14
2025-01-13,56,30.44
2025-01-15,56,21.17
2025-01-17,56,28.55
2025-01-18,56,34.69
2025-01-20,56,24.36
2025-01-21,56,32.01
2025-01-22,56,28.24
2025-01-23,56,27.52
2025-01-24,56,30.93
2025-01-25,56,31.0
2025-01-27,56,25.62
2025-01-29,56,35.12
2025-01-30,56,21.0
2025-01-31,56,26.27
2025-02-01,56,21.75
2025-02-05,56,28.62
2025-02-07,56,33.95
2025-02-10,56,30.38
2025-02-12,56,34.21
2025-02-13,56,35.04
2025-02-14,56,20.5
2025-02-17,56,28.78
2025-02-18,56,31.26
2025-02-19,56,23.28
2025-02-20,56,24.35
2025-02-24,56,27.32
2025-02-26,56,24.06
2025-02-27,56,20.68
2025-02-28,56,31.28
2025-03-01,56,29.76
2025-03-04,56,22.53
2025-03-05,56,24.57
2025-03-06,56,24.73
2025-03-07,56,29.52
2025-03-09,56,28.7
2025-03-10,56,30.84
2025-03-13,56,35.01
2025-03-14,56,29.54
2025-03-17,56,21.39
2025-03-18,56,31.57
2025-03-20,56,36.27
2025-03-21,56,36.5
2025-03-23,56,25.49
2025-03-24,56,37.62
2025-03-25,56,31.82
2025-03-26,56,36.55
2025-03-27,56,24.83
2025-03-28,56,28.35
2025-03-29,56,30.7
2025-03-30,56,29.68
2025-03-31,56,24.52
2025-04-01,56,32.58
2025-04-02,56,25.81
2025-04-04,56,30.05
2025-04-05,56,22.99
2025-04-07,56,26.84
2025-04-09,56,29.55
2025-04-11,56,21.15
2025-04-13,56,25.21
2025-04-15,56,21.64
2025-04-16,56,37.69
2025-04-17,56,23.04
2025-04-18,56,29.34
2025-04-21,56,25.4
2025-04-22,56,32.43
2025-04-23,56,34.27
2025-04-25,56,37.58
2025-05-01,56,36.24
2025-05-06,56,31.64
2025-05-09,56,31.24
2025-05-11,56,34.14
2025-05-12,56,24.15
2025-05-13,56,33.52
2025-05-14,56,26.84
2025-05-15,56,29.13
2025-05-16,56,31.97
2025-05-18,56,29.57
2025-05-20,56,35.86
2025-05-21,56,22.3
2025-05-22,56,28.6
2025-05-23,56,20.86
2025-05-24,56,29.66
2025-05-27,56,33.52
2025-05-29,56,33.26
2025-05-30,56,27.01
2025-06-02,56,26.86
2025-06-03,56,28.92
2025-06-04,56,36.93
2025-06-05,56,20.46
2025-06-06,56,25.25
2025-06-07,56,35.85
2025-06-17,56,27.77
2025-06-19,56,34.59
2025-06-22,56,26.73
2025-06-23,56,26.19
2025-06-25,56,20.69
2025-06-26,56,34.11
2025-06-27,56,35.07
2025-06-29,56,30.17
2025-07-01,56,32.25
2025-07-04,56,33.19
2025-07-08,56,25.85
2025-07-10,56,35.88
2025-07-14,56,35.89
2025-07-15,56,22.35
2025-07-17,56,36.34
2025-07-18,56,36.44
2025-07-19,56,34.75
2025-07-22,56,33.94
2025-07-23,56,32.74
2025-07-24,56,23.04
2025-07-25,56,26.67
2025-07-29,56,36.97
2025-07-30,56,21.29
2025-08-04,56,28.69
2025-08-06,56,27.91
2025-08-07,56,22.18
2025-08-10,56,25.01
2025-08-11,56,37.67
2025-08-12,56,28.4
2025-08-13,56,37.09
2025-08-15,56,28.1
2025-08-18,56,37.55
2025-08-21,56,24.38
2025-08-22,56,34.78
2025-08-27,56,25.27
2025-08-28,56,25.57
2025-08-29,56,33.39
2025-08-30,56,32.97
2025-09-01,56,21.38
2025-09-02,56,23.92
2025-09-03,56,32.05
2025-09-05,56,28.97
2025-09-07,56,24.29
2025-09-09,56,34.24
2025-09-10,56,21.02
2025-09-11,56,35.83
2025-09-15,56,21.15
2025-09-16,56,28.74
2025-09-17,56,21.69
2025-09-23,56,32.12
2025-09-26,56,25.26
2025-09-28,56,34.33
2025-09-29,56,28.02
2025-10-01,56,28.41
2025-10-02,56,31.97
2025-10-03,56,21.82
2025-10-06,56,30.61
2025-10-07,56,27.45
2025-10-10,56,30.23
2025-10-11,56,24.56
2025-10-13,56,35.82
2025-10-14,56,23.87
2025-10-15,56,26.67
2025-10-17,56,29.93
2025-10-21,56,34.27
2025-10-22,56,32.86
2025-10-24,56,29.81
2025-10-28,56,30.81
2025-10-30,56,28.77
2025-10-31,56,21.03
2025-11-10,56,23.07
2025-11-12,56,24.95
2025-11-13,56,37.21
2025-11-18,56,28.34
2025-11-19,56,25.72
2025-11-25,56,25.23
2025-11-26,56,33.21
2025-11-28,56,31.64
2025-11-30,56,24.71
2025-12-01,56,34.45
2025-12-03,56,21.2
2025-12-05,56,27.14
2025-12-06,56,30.11
2025-12-08,56,30.66
2025-12-09,56,23.2
2025-12-12,56,23.54
2025-12-13,56,29.49
2025-12-15,56,28.32
2025-12-16,56,27.33
2025-12-17,56,36.15
2025-12-19,56,35.63
2025-12-20,56,21.67
2025-12-22,56,36.59
2025-12-26,56,35.13
2025-12-27,56,32.34
2025-01-01,57,7.46
2025-01-02,57,8.11
2025-01-06,57,5.92
2025-01-11,57,10.29
2025-01-13,57,8.28
2025-01-14,57,7.72
2025-01-16,57,8.61
2025-01-17,57,8.13
2025-01-19,57,7.49
2025-01-22,57,6.67
2025-01-23,57,9.32
2025-01-25,57,8.78
2025-01-26,57,5.71
2025-01-27,57,6.68
2025-01-28,57,9.1
2025-01-29,57,9.42
2025-02-04,57,9.51
2025-02-05,57,6.69
2025-02-08,57,6.12
2025-02-10,57,5.79
2025-02-11,57,7.84
2025-02-12,57,8.04
2025-02-17,57,10.19
2025-02-18,57,9.33
2025-02-19,57,9.25
2025-02-21,57,6.76
2025-02-22,57,7.96
2025-02-23,57,8.83
2025-02-24,57,7.15
2025-02-25,57,8.2
2025-02-26,57,9.0
2025-02-28,57,6.47
2025-03-02,57,5.8
2025-03-04,57,6.42
2025-03-06,57,9.94
2025-03-07,57,9.53
2025-03-09,57,9.12
2025-03-11,57,9.08
2025-03-12,57,9.22
2025-03-14,57,6.46
2025-03-17,57,8.62
2025-03-18,57,9.01
2025-03-22,57,6.86
2025-03-24,57,9.06
2025-03-27,57,6.63
2025-03-29,57,8.78
2025-03-31,57,7.04
2025-04-02,57,8.29
2025-04-06,57,9.66
2025-04-07,57,9.49
2025-04-09,57,7.56
2025-04-11,57,9.23
2025-04-12,57,9.99
2025-04-14,57,6.16
2025-04-15,57,7.54
2025-04-16,57,5.6
2025-04-18,57,9.31
2025-04-21,57,8.52
2025-04-22,57,6.39
2025-04-23,57,5.92
2025-04-24,57,5.67
2025-04-25,57,8.86
2025-04-28,57,8.36
2025-04-29,57,8.85
2025-05-01,57,6.93
2025-05-02,57,6.81
2025-05-05,57,10.23
2025-05-06,57,7.18
2025-05-07,57,8.21
2025-05-14,57,7.89
2025-05-18,57,6.2
2025-05-21,57,8.4
2025-05-25,57,9.11
2025-05-26,57,9.89
2025-05-27,57,8.78
2025-05-30,57,5.89
2025-06-02,57,10.36
2025-06-03,57,9.01
2025-06-04,57,9.3
2025-06-11,57,7.79
2025-06-13,57,7.21
2025-06-15,57,9.92
2025-06-16,57,6.84
2025-06-18,57,8.76
2025-06-22,57,5.98
2025-06-23,57,5.77
2025-06-24,57,7.49
2025-06-25,57,7.03
2025-06-26,57,7.21
2025-06-27,57,8.72
2025-07-03,57,6.13
2025-07-05,57,7.31
2025-07-06,57,6.54
2025-07-08,57,7.76
2025-07-09,57,8.85
2025-07-11,57,9.37
2025-07-12,57,8.92
2025-07-15,57,6.05
2025-07-16,57,6.19
2025-07-17,57,7.2
2025-07-18,57,9.94
2025-07-19,57,10.26
2025-07-25,57,8.05
2025-07-28,57,9.26
2025-07-29,57,9.51
2025-07-30,57,8.58
2025-07-31,57,9.94
2025-08-01,57,9.65
2025-08-02,57,5.72
2025-08-03,57,7.2
2025-08-05,57,7.7
2025-08-06,57,9.71
2025-08-07,57,7.31
2025-08-12,57,9.64
2025-08-15,57,9.98
2025-08-18,57,7.65
2025-08-19,57,7.31
2025-08-23,57,10.25
2025-08-25,57,9.2
2025-08-26,57,5.9
2025-08-27,57,8.26
2025-08-28,57,7.27
2025-08-31,57,10.36
2025-09-01,57,8.87
2025-09-02,57,8.24
2025-09-03,57,10.22
2025-09-04,57,8.4
2025-09-07,57,9.6
2025-09-08,57,8.46
2025-09-09,57,7.53
2025-09-10,57,8.35
2025-09-11,57,6.51
2025-09-12,57,10.27
2025-09-16,57,6.25
2025-09-17,57,6.47
2025-09-22,57,6.97
2025-09-25,57,9.63
2025-09-26,57,10.3
2025-09-29,57,7.25
2025-10-01,57,9.94
2025-10-02,57,10.06
2025-10-07,57,9.74
2025-10-08,57,9.08
2025-10-09,57,9.28
2025-10-10,57,9.47
2025-10-16,57,8.72
2025-10-19,57,7.0
2025-10-21,57,10.21
2025-10-22,57,10.39
2025-10-27,57,8.87
2025-10-28,57,8.63
2025-10-30,57,9.14
2025-10-31,57,10.05
2025-11-03,57,8.76
2025-11-04,57,7.92
2025-11-05,57,7.87
2025-11-06,57,5.85
2025-11-07,57,8.57
2025-11-09,57,8.7
2025-11-11,57,9.59
2025-11-13,57,7.4
2025-11-14,57,9.11
2025-11-18,57,6.07
2025-11-19,57,7.94
2025-11-20,57,9.29
2025-11-22,57,8.46
2025-11-23,57,7.51
2025-11-25,57,9.61
2025-11-28,57,7.42
2025-11-29,57,8.49
2025-12-05,57,9.78
2025-12-10,57,9.65
2025-12-11,57,7.6
2025-12-12,57,8.1
2025-12-14,57,8.83
2025-12-15,57,5.9
2025-12-16,57,7.57
2025-12-17,57,6.84
2025-12-18,57,6.38
2025-12-19,57,9.94
2025-12-20,57,8.89
2025-12-21,57,7.3
2025-12-22,57,10.1
2025-12-23,57,8.91
2025-12-25,57,10.11
2025-12-26,57,5.81
2025-12-29,57,8.58
2025-12-30,57,8.62
2025-12-31,57,10.31
2025-01-01,58,12.26
2025-01-05,58,17.29
2025-01-08,58,21.62
2025-01-09,58,12.61
2025-01-10,58,18.65
2025-01-13,58,20.93
2025-01-14,58,14.04
2025-01-16,58,17.08
2025-01-17,58,14.27
2025-01-20,58,15.79
2025-01-22,58,18.3
2025-01-26,58,13.31
2025-01-29,58,17.26
2025-02-02,58,12.42
2025-02-03,58,12.17
2025-02-05,58,12.2
2025-02-06,58,18.3
2025-02-07,58,18.63
2025-02-10,58,19.69
2025-02-12,58,14.38
2025-02-14,58,16.72
2025-02-16,58,18.81
2025-02-17,58,12.54
2025-02-19,58,19.52
2025-02-20,58,12.39
2025-02-21,58,20.48
2025-02-24,58,18.36
2025-02-25,58,21.06
2025-02-27,58,16.11
2025-03-03,58,16.89
2025-03-05,58,14.61
2025-03-08,58,21.3
2025-03-14,58,21.55
2025-03-15,58,12.16
2025-03-17,58,19.64
2025-03-19,58,12.78
2025-03-20,58,20.98
2025-03-22,58,21.74
2025-03-24,58,13.42
2025-03-25,58,18.38
2025-03-26,58,20.34
2025-03-28,58,17.59
2025-03-29,58,17.82
2025-03-31,58,15.04
2025-04-02,58,21.11
2025-04-03,58,21.88
2025-04-04,58,19.62
2025-04-06,58,20.4
2025-04-09,58,19.08
2025-04-10,58,12.02
2025-04-14,58,21.66
2025-04-16,58,14.99
2025-04-21,58,19.44
2025-04-23,58,18.37
2025-04-24,58,17.49
2025-04-27,58,20.05
2025-04-28,58,16.48
2025-04-29,58,12.85
2025-04-30,58,19.23
2025-05-01,58,17.72
2025-05-02,58,13.16
2025-05-03,58,18.77
2025-05-06,58,15.61
2025-05-07,58,15.16
2025-05-10,58,18.58
2025-05-13,58,13.89
2025-05-14,58,16.47
2025-05-17,58,20.54
2025-05-22,58,21.29
2025-05-23,58,12.32
2025-05-26,58,19.63
2025-05-27,58,14.95
2025-05-28,58,16.2
2025-05-29,58,16.21
2025-05-30,58,20.85
2025-06-02,58,14.2
2025-06-05,58,14.33
2025-06-08,58,12.55
2025-06-11,58,13.46
2025-06-12,58,15.29
2025-06-13,58,14.56
2025-06-14,58,19.97
2025-06-17,58,21.95
2025-06-19,58,15.85
2025-06-24,58,15.75
2025-06-25,58,20.57
2025-06-27,58,17.82
2025-07-01,58,15.09
2025-07-02,58,15.54
2025-07-03,58,12.63
2025-07-04,58,18.26
2025-07-10,58,14.12
2025-07-11,58,17.89
2025-07-14,58,18.04
2025-07-15,58,21.81
2025-07-18,58,15.28
2025-07-19,58,12.34
2025-07-20,58,21.9
2025-07-21,58,13.35
2025-07-22,58,16.81
2025-07-24,58,21.66
2025-07-25,58,21.8
2025-07-28,58,18.14
2025-07-30,58,12.25
2025-08-01,58,21.45
2025-08-04,58,21.88
2025-08-05,58,13.86
2025-08-07,58,20.75
2025-08-08,58,14.31
2025-08-09,58,12.96
2025-08-14,58,17.58
2025-08-18,58,14.93
2025-08-19,58,19.84
2025-08-21,58,19.85
2025-08-22,58,17.49
2025-08-25,58,19.39
2025-08-28,58,12.66
2025-08-29,58,12.28
2025-09-01,58,20.97
2025-09-02,58,19.19
2025-09-03,58,12.52
2025-09-04,58,21.6
2025-09-05,58,12.4
2025-09-07,58,11.97
2025-09-09,58,21.51
2025-09-10,58,12.79
2025-09-11,58,18.13
2025-09-12,58,17.33
2025-09-17,58,13.71
2025-09-19,58,17.12
2025-09-22,58,18.83
2025-09-24,58,17.64
2025-09-25,58,14.55
2025-09-26,58,13.82
2025-09-30,58,21.66
2025-10-01,58,13.39
2025-10-02,58,18.11
2025-10-06,58,13.01
2025-10-07,58,12.94
2025-10-10,58,20.01
2025-10-11,58,14.44
2025-10-12,58,12.43
2025-10-13,58,15.71
2025-10-14,58,15.06
2025-10-15,58,15.76
2025-10-21,58,19.58
2025-10-22,58,13.39
2025-10-23,58,16.72
2025-10-24,58,21.96
2025-10-25,58,20.74
2025-10-29,58,16.15
2025-10-31,58,17.49
2025-11-03,58,12.08
2025-11-06,58,15.59
2025-11-07,58,15.31
2025-11-12,58,18.17
2025-11-17,58,21.37
2025-11-19,58,19.77
2025-11-20,58,20.12
2025-11-26,58,13.02
2025-11-27,58,12.98
2025-11-28,58,20.27
2025-11-30,58,14.02
2025-12-02,58,21.24
2025-12-05,58,12.27
2025-12-07,58,19.17
2025-12-08,58,17.24
2025-12-10,58,17.46
2025-12-12,58,12.75
2025-12-15,58,14.53
2025-12-16,58,15.67
2025-12-17,58,18.69
2025-12-20,58,14.41
2025-12-24,58,17.48
2025-12-31,58,19.04
2025-01-03,59,40.09
2025-01-04,59,35.06
2025-01-06,59,25.0
2025-01-07,59,37.67
2025-01-09,59,23.63
2025-01-13,59,28.49
2025-01-14,59,32.94
2025-01-15,59,38.38
2025-01-16,59,32.46
2025-01-17,59,35.71
2025-01-18,59,25.21
2025-01-20,59,33.34
2025-01-22,59,25.19
2025-01-23,59,37.02
2025-01-24,59,35.16
2025-01-28,59,31.3
2025-01-30,59,26.79
2025-02-04,59,38.09
2025-02-06,59,29.05
2025-02-09,59,31.27
2025-02-10,59,26.9
2025-02-12,59,34.02
2025-02-15,59,35.63
2025-02-17,59,29.4
2025-02-19,59,39.07
2025-02-20,59,23.56
2025-02-21,59,27.77
2025-02-24,59,30.66
2025-02-25,59,36.62
2025-02-26,59,36.97
2025-02-28,59,21.78
2025-03-03,59,34.75
2025-03-04,59,22.22
2025-03-05,59,23.49
2025-03-09,59,27.74
2025-03-10,59,30.64
2025-03-11,59,32.44
2025-03-12,59,39.32
2025-03-14,59,33.68
2025-03-15,59,25.85
2025-03-18,59,32.31
2025-03-20,59,25.16
2025-03-24,59,38.28
2025-03-26,59,22.27
2025-03-27,59,25.06
2025-03-28,59,29.01
2025-03-29,59,39.51
2025-03-30,59,29.17
2025-03-31,59,34.51
2025-04-01,59,31.87
2025-04-05,59,23.35
2025-04-07,59,30.02
2025-04-14,59,40.27
2025-04-15,59,32.67
2025-04-16,59,23.78
2025-04-17,59,28.27
2025-04-18,59,32.09
2025-04-20,59,29.89
2025-04-22,59,29.96
2025-04-23,59,37.75
2025-04-25,59,37.79
2025-04-28,59,35.79
2025-04-29,59,35.4
2025-05-02,59,37.68
2025-05-03,59,23.59
2025-05-06,59,30.48
2025-05-07,59,32.9
2025-05-20,59,33.41
2025-05-21,59,29.67
2025-05-22,59,37.31
2025-05-24,59,26.27
2025-05-25,59,21.85
2025-05-26,59,36.57
2025-05-28,59,32.18
2025-06-01,59,26.32
2025-06-02,59,33.17
2025-06-04,59,37.58
2025-06-05,59,40.27
2025-06-06,59,23.74
2025-06-08,59,36.25
2025-06-09,59,35.63
2025-06-10,59,26.4
2025-06-13,59,39.74
2025-06-17,59,26.64
2025-06-19,59,24.23
2025-06-20,59,36.35
2025-06-24,59,34.91
2025-06-27,59,34.36
2025-06-30,59,29.79
2025-07-01,59,22.41
2025-07-02,59,37.78
2025-07-03,59,25.35
2025-07-04,59,34.09
2025-07-05,59,22.75
2025-07-08,59,28.2
2025-07-10,59,26.09
2025-07-11,59,39.43
2025-07-14,59,38.39
2025-07-15,59,32.23
2025-07-21,59,32.93
2025-07-24,59,35.03
2025-07-29,59,25.11
2025-07-30,59,30.73
2025-07-31,59,32.43
2025-08-03,59,22.77
2025-08-04,59,24.56
2025-08-06,59,27.13
2025-08-07,59,33.52
2025-08-09,59,38.8
2025-08-11,59,30.74
2025-08-12,59,28.18
2025-08-14,59,29.42
2025-08-15,59,30.42
2025-08-17,59,23.61
2025-08-19,59,23.09
2025-08-20,59,25.79
2025-08-21,59,26.53
2025-08-22,59,32.12
2025-08-23,59,39.67
2025-08-27,59,35.63
2025-08-29,59,40.16
2025-08-30,59,25.74
2025-09-01,59,34.69
2025-09-04,59,39.76
2025-09-05,59,25.76
2025-09-08,59,32.25
2025-09-09,59,31.46
2025-09-11,59,26.41
2025-09-15,59,27.88
2025-09-16,59,23.29
2025-09-18,59,37.91
2025-09-19,59,27.19
2025-09-24,59,34.17
2025-09-25,59,30.31
2025-09-29,59,23.46
2025-09-30,59,32.81
2025-10-01,59,28.97
2025-10-03,59,27.2
2025-10-06,59,38.23
2025-10-07,59,25.82
2025-10-10,59,22.8
2025-10-11,59,26.56
2025-10-13,59,30.17
2025-10-14,59,38.26
2025-10-15,59,34.62
2025-10-17,59,37.28
2025-10-19,59,26.01
2025-10-21,59,31.52
2025-10-22,59,34.26
2025-10-23,59,28.94
2025-10-24,59,34.2
2025-10-25,59,25.52
2025-10-26,59,23.72
2025-10-27,59,32.99
2025-10-30,59,22.68
2025-11-01,59,34.13
2025-11-04,59,27.57
2025-11-05,59,33.1
2025-11-08,59,36.91
2025-11-10,59,28.17
2025-11-12,59,23.84
2025-11-13,59,36.24
2025-11-14,59,24.9
2025-11-18,59,32.28
2025-11-21,59,25.69
2025-11-22,59,33.94
2025-11-24,59,28.48
2025-11-25,59,27.87
2025-11-28,59,26.4
2025-11-29,59,35.0
2025-12-03,59,36.67
2025-12-05,59,31.56
2025-12-08,59,25.85
2025-12-09,59,21.89
2025-12-16,59,34.95
2025-12-17,59,37.59
2025-12-20,59,27.25
2025-12-21,59,30.14
2025-12-22,59,26.46
2025-12-24,59,37.58
2025-12-25,59,28.53
2025-12-28,59,37.44
2025-12-29,59,37.88
2025-12-31,59,38.64
2025-01-05,60,31.16
2025-01-07,60,22.61
2025-01-09,60,18.72
2025-01-10,60,28.68
2025-01-15,60,18.98
2025-01-16,60,28.62
2025-01-17,60,23.08
2025-01-20,60,18.69
2025-01-21,60,20.99
2025-01-22,60,24.91
2025-01-23,60,19.34
2025-01-30,60,21.1
2025-01-31,60,25.13
2025-02-01,60,27.99
2025-02-02,60,27.86
2025-02-03,60,27.84
2025-02-04,60,32.16
2025-02-05,60,32.24
2025-02-06,60,27.76
2025-02-07,60,29.83
2025-02-10,60,29.84
2025-02-11,60,17.89
2025-02-12,60,24.69
2025-02-14,60,19.2
2025-02-19,60,29.24
2025-02-21,60,23.75
2025-02-24,60,26.17
2025-02-26,60,23.64
2025-02-28,60,22.74
2025-03-07,60,27.06
2025-03-10,60,21.66
2025-03-11,60,26.53
2025-03-14,60,22.07
2025-03-15,60,23.48
2025-03-18,60,21.49
2025-03-19,60,22.75
2025-03-24,60,20.92
2025-03-25,60,29.21
2025-03-28,60,28.93
2025-03-29,60,19.08
2025-03-31,60,29.74
2025-04-02,60,20.89
2025-04-03,60,19.36
2025-04-04,60,28.43
2025-04-05,60,30.03
2025-04-07,60,23.69
2025-04-09,60,17.61
2025-04-11,60,31.58
2025-04-12,60,29.06
2025-04-14,60,18.59
2025-04-15,60,29.16
2025-04-17,60,22.8
2025-04-18,60,27.73
2025-04-20,60,27.49
2025-04-21,60,17.68
2025-04-22,60,27.99
2025-04-23,60,30.49
2025-04-24,60,18.83
2025-04-28,60,17.82
2025-04-30,60,28.21
2025-05-05,60,23.35
2025-05-06,60,29.19
2025-05-08,60,30.44
2025-05-09,60,24.68
2025-05-10,60,23.24
2025-05-12,60,24.39
2025-05-15,60,25.5
2025-05-16,60,31.86
2025-05-19,60,20.62
2025-05-20,60,25.29
2025-05-21,60,27.94
2025-05-22,60,17.76
2025-05-24,60,29.87
2025-05-26,60,17.68
2025-05-29,60,18.95
2025-06-05,60,21.7
2025-06-06,60,18.58
2025-06-08,60,30.35
2025-06-10,60,17.78
2025-06-11,60,20.56
2025-06-12,60,24.37
2025-06-13,60,29.08
2025-06-15,60,29.5
2025-06-16,60,21.8
2025-06-20,60,25.05
2025-06-21,60,31.91
2025-06-22,60,20.46
2025-06-26,60,24.79
2025-06-29,60,20.08
2025-07-01,60,28.09
2025-07-02,60,25.49
2025-07-04,60,27.62
2025-07-05,60,19.33
2025-07-09,60,21.11
2025-07-11,60,29.78
2025-07-15,60,29.06
2025-07-16,60,20.73
2025-07-17,60,26.14
2025-07-18,60,26.13
2025-07-19,60,17.84
2025-07-21,60,27.84
2025-07-24,60,17.63
2025-07-29,60,19.73
2025-07-31,60,24.34
2025-08-01,60,24.66
2025-08-03,60,32.35
2025-08-05,60,20.37
2025-08-06,60,27.58
2025-08-07,60,20.94
2025-08-08,60,26.39
2025-08-12,60,27.05
2025-08-13,60,25.72
2025-08-14,60,20.74
2025-08-15,60,29.91
2025-08-16,60,24.02
2025-08-18,60,28.38
2025-08-20,60,20.77
2025-08-23,60,22.34
2025-08-26,60,31.39
2025-08-31,60,26.1
2025-09-01,60,22.76
2025-09-03,60,28.78
2025-09-04,60,19.76
2025-09-05,60,31.77
2025-09-07,60,23.37
2025-09-09,60,21.31
2025-09-10,60,26.06
2025-09-11,60,18.7
2025-09-13,60,26.6
2025-09-15,60,18.51
2025-09-17,60,23.67
2025-09-18,60,26.59
2025-09-19,60,19.38
2025-09-20,60,27.67
2025-09-25,60,22.68
2025-09-27,60,24.42
2025-09-28,60,31.21
2025-09-29,60,20.69
2025-10-01,60,31.65
2025-10-02,60,27.47
2025-10-03,60,29.61
2025-10-07,60,31.36
2025-10-11,60,26.64
2025-10-12,60,27.94
2025-10-13,60,19.78
2025-10-20,60,31.01
2025-10-24,60,24.21
2025-10-28,60,27.04
2025-10-31,60,22.0
2025-11-03,60,19.51
2025-11-04,60,31.35
2025-11-07,60,24.43
2025-11-09,60,23.22
2025-11-10,60,21.98
2025-11-11,60,18.67
2025-11-12,60,22.53
2025-11-14,60,22.7
2025-11-15,60,25.86
2025-11-19,60,19.55
2025-11-20,60,32.03
2025-11-22,60,19.55
2025-11-24,60,29.55
2025-11-25,60,26.69
2025-11-26,60,21.34
2025-11-27,60,28.25
2025-11-28,60,25.07
2025-11-30,60,25.68
2025-12-01,60,28.04
2025-12-02,60,27.56
2025-12-03,60,18.47
2025-12-08,60,28.11
2025-12-09,60,18.05
2025-12-10,60,21.07
2025-12-11,60,31.65
2025-12-15,60,20.91
2025-12-16,60,30.72
2025-12-17,60,25.08
2025-12-18,60,23.81
2025-12-19,60,22.78
2025-12-21,60,32.08
2025-12-22,60,31.68
2025-12-23,60,28.04
2025-12-24,60,27.31
2025-12-26,60,19.41
2025-12-28,60,19.16
2025-12-30,60,27.51
2025-01-01,61,28.82
2025-01-05,61,21.77
2025-01-07,61,16.17
2025-01-08,61,22.09
2025-01-10,61,22.28
2025-01-11,61,22.69
2025-01-13,61,22.18
2025-01-14,61,18.89
2025-01-15,61,26.35
2025-01-16,61,21.4
2025-01-20,61,17.35
2025-01-21,61,23.48
2025-01-22,61,16.36
2025-01-26,61,24.26
2025-01-27,61,19.62
2025-01-29,61,17.98
2025-01-30,61,27.53
2025-02-05,61,20.5
2025-02-11,61,20.32
2025-02-17,61,29.18
2025-02-19,61,20.99
2025-02-20,61,27.45
2025-02-26,61,24.66
2025-02-27,61,26.35
2025-03-03,61,27.21
2025-03-04,61,20.07
2025-03-05,61,17.02
2025-03-10,61,20.18
2025-03-12,61,18.8
2025-03-14,61,19.02
2025-03-15,61,29.49
2025-03-17,61,26.56
2025-03-19,61,16.49
2025-03-20,61,19.45
2025-03-25,61,28.61
2025-03-26,61,23.11
2025-03-28,61,19.46
2025-03-31,61,28.34
2025-04-04,61,25.12
2025-04-08,61,18.93
2025-04-09,61,22.09
2025-04-10,61,23.04
2025-04-12,61,21.35
2025-04-15,61,26.8
2025-04-17,61,17.9
2025-04-18,61,19.41
2025-04-19,61,21.33
2025-04-21,61,18.52
2025-04-23,61,17.97
2025-04-25,61,20.59
2025-04-26,61,27.67
2025-04-28,61,24.59
2025-04-29,61,22.94
2025-05-01,61,22.96
2025-05-02,61,28.74
2025-05-08,61,24.49
2025-05-11,61,17.53
2025-05-13,61,29.76
2025-05-16,61,19.65
2025-05-20,61,26.49
2025-05-23,61,17.75
2025-05-27,61,28.98
2025-05-29,61,28.38
2025-05-30,61,26.67
2025-05-31,61,29.28
2025-06-04,61,18.48
2025-06-05,61,22.62
2025-06-07,61,29.88
2025-06-09,61,19.59
2025-06-11,61,20.89
2025-06-12,61,29.26
2025-06-16,61,17.36
2025-06-18,61,26.11
2025-06-19,61,23.05
2025-06-20,61,27.36
2025-06-22,61,17.13
2025-06-24,61,23.67
2025-06-25,61,18.9
2025-06-26,61,23.04
2025-06-27,61,21.06
2025-06-29,61,22.15
2025-06-30,61,27.81
2025-07-01,61,26.68
2025-07-04,61,23.78
2025-07-08,61,22.93
2025-07-14,61,18.51
2025-07-15,61,29.75
2025-07-16,61,26.62
2025-07-17,61,20.22
2025-07-20,61,22.47
2025-07-21,61,23.59
2025-07-22,61,24.88
2025-07-23,61,23.65
2025-07-24,61,21.63
2025-07-25,61,26.54
2025-08-04,61,24.03
2025-08-06,61,18.07
2025-08-07,61,29.39
2025-08-08,61,25.06
2025-08-13,61,17.46
2025-08-14,61,21.15
2025-08-18,61,29.48
2025-08-19,61,24.84
2025-08-20,61,20.24
2025-08-21,61,16.15
2025-08-22,61,24.28
2025-08-29,61,20.36
2025-09-01,61,23.55
2025-09-02,61,19.29
2025-09-04,61,18.02
2025-09-05,61,21.22
2025-09-08,61,18.38
2025-09-09,61,21.65
2025-09-10,61,27.02
2025-09-11,61,24.04
2025-09-12,61,21.6
2025-09-14,61,19.08
2025-09-15,61,28.26
2025-09-18,61,28.72
2025-09-19,61,25.1
2025-09-22,61,26.0
2025-09-23,61,17.64
2025-09-25,61,17.63
2025-09-26,61,24.66
2025-09-27,61,16.16
2025-09-29,61,24.16
2025-10-01,61,18.03
2025-10-02,61,24.71
2025-10-05,61,18.07
2025-10-06,61,25.84
2025-10-07,61,16.72
2025-10-13,61,26.07
2025-10-16,61,24.88
2025-10-17,61,27.61
2025-10-18,61,16.62
2025-10-19,61,18.89
2025-10-20,61,17.09
2025-10-21,61,17.48
2025-10-23,61,28.63
2025-10-25,61,17.09
2025-10-26,61,23.82
2025-10-28,61,20.2
2025-10-29,61,20.32
2025-10-31,61,19.13
2025-11-01,61,24.82
2025-11-03,61,19.91
2025-11-04,61,24.74
2025-11-05,61,26.21
2025-11-06,61,22.84
2025-11-10,61,29.4
2025-11-11,61,20.54
2025-11-12,61,16.69
2025-11-14,61,29.33
2025-11-15,61,23.41
2025-11-18,61,29.7
2025-11-25,61,23.53
2025-11-26,61,29.85
2025-11-27,61,27.22
2025-11-28,61,21.08
2025-11-29,61,20.95
2025-12-01,61,25.34
2025-12-02,61,28.83
2025-12-04,61,20.91
2025-12-05,61,21.64
2025-12-09,61,29.65
2025-12-10,61,22.14
2025-12-11,61,16.62
2025-12-12,61,19.66
2025-12-16,61,23.51
2025-12-17,61,27.52
2025-12-18,61,19.28
2025-12-19,61,29.7
2025-12-20,61,28.98
2025-12-21,61,25.17
2025-12-22,61,27.97
2025-12-23,61,18.05
2025-12-24,61,20.52
2025-12-28,61,24.09
2025-12-31,61,25.47
2025-01-02,62,41.05
2025-01-07,62,40.94
2025-01-08,62,28.38
2025-01-10,62,43.57
2025-01-11,62,37.85
2025-01-16,62,44.5
2025-01-17,62,30.3
2025-01-18,62,44.94
2025-01-19,62,28.97
2025-01-20,62,38.61
2025-01-22,62,38.03
2025-01-23,62,31.8
2025-01-24,62,35.0
2025-01-29,62,26.3
2025-01-31,62,33.74
2025-02-04,62,26.23
2025-02-05,62,32.96
2025-02-06,62,44.5
2025-02-07,62,34.26
2025-02-09,62,47.11
2025-02-10,62,32.29
2025-02-11,62,36.79
2025-02-13,62,35.69
2025-02-14,62,43.01
2025-02-17,62,46.05
2025-02-18,62,37.31
2025-02-20,62,30.1
2025-02-21,62,27.95
2025-02-24,62,39.9
2025-02-26,62,30.83
2025-03-01,62,34.96
2025-03-03,62,39.63
2025-03-04,62,43.62
2025-03-05,62,41.63
2025-03-07,62,43.46
2025-03-08,62,32.16
2025-03-10,62,30.73
2025-03-11,62,34.82
2025-03-13,62,27.47
2025-03-14,62,37.54
2025-03-17,62,31.36
2025-03-19,62,30.3
2025-03-21,62,36.86
2025-03-24,62,47.97
2025-03-25,62,39.82
2025-03-28,62,38.54
2025-03-31,62,45.55
2025-04-01,62,44.74
2025-04-02,62,45.2
2025-04-03,62,41.91
2025-04-04,62,41.02
2025-04-06,62,37.32
2025-04-07,62,38.34
2025-04-09,62,37.35
2025-04-11,62,47.06
2025-04-13,62,28.29
2025-04-14,62,34.23
2025-04-15,62,26.58
2025-04-16,62,39.19
2025-04-17,62,39.26
2025-04-22,62,29.37
2025-04-23,62,39.66
2025-04-25,62,36.55
2025-04-28,62,30.9
2025-04-30,62,37.73
2025-05-01,62,37.31
2025-05-02,62,30.39
2025-05-04,62,38.56
2025-05-05,62,45.85
2025-05-06,62,26.86
2025-05-08,62,25.95
2025-05-09,62,44.19
2025-05-13,62,45.99
2025-05-14,62,43.95
2025-05-15,62,34.59
2025-05-16,62,41.5
2025-05-22,62,35.42
2025-05-23,62,35.44
2025-05-27,62,40.6
2025-05-28,62,46.87
2025-05-29,62,39.29
2025-06-02,62,35.45
2025-06-03,62,40.42
2025-06-05,62,38.35
2025-06-07,62,36.86
2025-06-10,62,26.45
2025-06-11,62,38.93
2025-06-12,62,29.22
2025-06-16,62,30.3
2025-06-23,62,38.55
2025-06-25,62,43.01
2025-06-26,62,43.2
2025-06-27,62,36.95
2025-06-29,62,37.39
2025-06-30,62,45.76
2025-07-05,62,32.62
2025-07-07,62,43.26
2025-07-08,62,28.75
2025-07-09,62,29.4
2025-07-11,62,42.35
2025-07-12,62,47.32
2025-07-13,62,33.12
2025-07-15,62,27.75
2025-07-16,62,38.81
2025-07-18,62,39.3
2025-07-20,62,26.38
2025-07-22,62,48.1
2025-07-23,62,40.88
2025-07-25,62,42.2
2025-07-28,62,44.12
2025-07-29,62,32.19
2025-07-31,62,35.29
2025-08-05,62,31.09
2025-08-06,62,41.45
2025-08-07,62,34.2
2025-08-08,62,31.33
2025-08-12,62,30.72
2025-08-13,62,29.69
2025-08-14,62,39.65
2025-08-16,62,39.56
2025-08-18,62,36.79
2025-08-20,62,43.18
2025-08-22,62,44.15
2025-08-24,62,36.85
2025-08-25,62,37.49
2025-08-26,62,42.08
2025-08-27,62,36.09
2025-08-28,62,33.92
2025-08-29,62,42.23
2025-08-30,62,39.59
2025-09-02,62,35.3
2025-09-04,62,44.13
2025-09-09,62,27.42
2025-09-10,62,33.79
2025-09-11,62,40.27
2025-09-15,62,30.16
2025-09-17,62,42.84
2025-09-18,62,30.15
2025-09-19,62,37.02
2025-09-22,62,26.72
2025-09-23,62,38.7
2025-09-25,62,26.65
2025-09-28,62,34.46
2025-09-29,62,28.26
2025-10-06,62,28.52
2025-10-08,62,32.95
2025-10-10,62,38.61
2025-10-13,62,37.78
2025-10-14,62,43.48
2025-10-16,62,30.68
2025-10-17,62,38.7
2025-10-22,62,35.16
2025-10-23,62,38.92
2025-10-24,62,30.57
2025-10-25,62,38.53
2025-10-27,62,33.29
2025-10-28,62,44.1
2025-10-29,62,38.07
2025-11-06,62,26.86
2025-11-11,62,32.66
2025-11-17,62,46.07
2025-11-18,62,41.38
2025-11-20,62,44.34
2025-11-21,62,43.53
2025-11-22,62,40.45
2025-11-24,62,41.15
2025-11-28,62,37.63
2025-12-01,62,33.86
2025-12-02,62,34.48
2025-12-04,62,46.26
2025-12-05,62,44.88
2025-12-08,62,35.32
2025-12-09,62,32.33
2025-12-10,62,33.36
2025-12-12,62,41.71
2025-12-15,62,29.54
2025-12-16,62,42.04
2025-12-17,62,29.94
2025-12-18,62,44.07
2025-12-22,62,26.84
2025-12-23,62,37.49
2025-12-24,62,28.88
2025-12-25,62,26.94
2025-12-28,62,30.63
2025-12-29,62,45.38
2025-12-31,62,32.64
2025-01-01,63,22.19
2025-01-02,63,25.41
2025-01-03,63,23.58
2025-01-14,63,20.44
2025-01-17,63,23.62
2025-01-19,63,22.6
2025-01-20,63,15.12
2025-01-21,63,24.9
2025-01-22,63,23.92
2025-01-23,63,24.33
2025-01-28,63,17.65
2025-01-29,63,22.91
2025-01-30,63,16.19
2025-02-03,63,18.79
2025-02-04,63,14.12
2025-02-05,63,18.55
2025-02-06,63,20.8
2025-02-07,63,14.56
2025-02-11,63,25.62
2025-02-13,63,19.34
2025-02-14,63,22.53
2025-02-17,63,25.91
2025-02-20,63,15.79
2025-02-23,63,23.18
2025-02-24,63,15.31
2025-02-25,63,25.17
2025-02-26,63,23.46
2025-02-27,63,22.74
2025-03-05,63,18.84
2025-03-06,63,19.96
2025-03-07,63,25.33
2025-03-11,63,22.09
2025-03-13,63,15.97
2025-03-14,63,18.28
2025-03-17,63,24.28
2025-03-18,63,25.27
2025-03-21,63,19.83
2025-03-25,63,24.85
2025-03-27,63,16.24
2025-04-01,63,21.28
2025-04-02,63,25.35
2025-04-03,63,16.47
2025-04-05,63,22.24
2025-04-07,63,21.39
2025-04-08,63,25.7
2025-04-09,63,18.7
2025-04-10,63,21.57
2025-04-11,63,15.16
2025-04-14,63,19.36
2025-04-15,63,15.2
2025-04-16,63,16.0
2025-04-17,63,19.04
2025-04-20,63,25.05
2025-04-23,63,21.98
2025-04-24,63,23.8
2025-04-25,63,17.91
2025-04-28,63,15.23
2025-04-29,63,25.07
2025-05-01,63,20.87
2025-05-02,63,16.4
2025-05-06,63,15.51
2025-05-07,63,15.95
2025-05-09,63,19.79
2025-05-11,63,14.91
2025-05-12,63,14.65
2025-05-13,63,23.04
2025-05-14,63,19.86
2025-05-16,63,25.96
2025-05-17,63,22.51
2025-05-20,63,17.36
2025-05-21,63,25.2
2025-05-22,63,24.92
2025-05-23,63,15.52
2025-05-27,63,24.98
2025-05-28,63,22.32
2025-05-30,63,14.32
2025-06-01,63,24.81
2025-06-05,63,14.89
2025-06-10,63,15.73
2025-06-12,63,23.92
2025-06-13,63,16.6
2025-06-14,63,22.93
2025-06-16,63,19.91
2025-06-17,63,16.87
2025-06-18,63,17.51
2025-06-19,63,20.01
2025-06-20,63,18.72
2025-06-24,63,21.72
2025-06-25,63,24.07
2025-06-27,63,23.88
2025-06-28,63,15.68
2025-06-30,63,18.77
2025-07-01,63,18.93
2025-07-03,63,14.22
2025-07-04,63,19.38
2025-07-05,63,15.61
2025-07-07,63,24.53
2025-07-08,63,14.24
2025-07-09,63,25.83
2025-07-11,63,14.2
2025-07-13,63,21.77
2025-07-14,63,17.18
2025-07-15,63,23.06
2025-07-16,63,24.11
2025-07-17,63,21.83
2025-07-18,63,17.5
2025-07-21,63,23.59
2025-07-23,63,24.52
2025-07-24,63,21.78
2025-07-25,63,19.43
2025-07-28,63,24.56
2025-07-30,63,16.23
2025-08-01,63,19.09
2025-08-02,63,21.17
2025-08-03,63,21.55
2025-08-05,63,16.1
2025-08-06,63,17.76
2025-08-07,63,21.71
2025-08-08,63,22.53
2025-08-11,63,24.11
2025-08-14,63,24.88
2025-08-15,63,18.94
2025-08-19,63,24.4
2025-08-20,63,24.85
2025-08-21,63,21.56
2025-08-22,63,20.06
2025-08-24,63,16.46
2025-08-26,63,16.8
2025-08-27,63,19.51
2025-08-29,63,21.04
2025-09-02,63,18.11
2025-09-03,63,18.04
2025-09-04,63,23.63
2025-09-08,63,24.21
2025-09-10,63,21.46
2025-09-11,63,16.7
2025-09-12,63,20.93
2025-09-13,63,14.15
2025-09-14,63,17.77
2025-09-16,63,24.65
2025-09-17,63,17.97
2025-09-18,63,17.05
2025-09-19,63,17.54
2025-09-23,63,19.47
2025-09-24,63,22.65
2025-09-27,63,17.8
2025-09-28,63,14.48
2025-09-29,63,17.32
2025-09-30,63,18.81
2025-10-01,63,23.26
2025-10-02,63,15.89
2025-10-05,63,24.23
2025-10-06,63,18.4
2025-10-07,63,17.87
2025-10-08,63,18.66
2025-10-09,63,24.85
2025-10-10,63,22.38
2025-10-13,63,23.03
2025-10-15,63,14.72
2025-10-21,63,21.84
2025-10-22,63,22.92
2025-10-23,63,21.11
2025-10-24,63,24.09
2025-10-28,63,15.65
2025-10-31,63,20.7
2025-11-01,63,14.32
2025-11-06,63,15.26
2025-11-14,63,17.47
2025-11-17,63,20.29
2025-11-19,63,21.86
2025-11-20,63,17.64
2025-11-22,63,16.67
2025-11-25,63,16.53
2025-11-26,63,20.89
2025-11-27,63,19.78
2025-11-28,63,19.72
2025-11-29,63,15.28
2025-12-02,63,23.47
2025-12-04,63,17.56
2025-12-05,63,21.15
2025-12-12,63,16.58
2025-12-15,63,24.18
2025-12-17,63,19.48
2025-12-19,63,15.55
2025-12-22,63,24.67
2025-12-23,63,21.61
2025-12-25,63,17.42
2025-12-27,63,16.08
2025-12-29,63,24.74
2025-12-30,63,21.4
2025-12-31,63,23.65
2025-01-01,64,20.72
2025-01-07,64,29.25
2025-01-08,64,23.57
2025-01-11,64,24.97
2025-01-12,64,22.86
2025-01-14,64,28.2
2025-01-15,64,25.13
2025-01-16,64,33.97
2025-01-18,64,26.24
2025-01-20,64,24.11
2025-01-23,64,26.67
2025-01-24,64,22.87
2025-01-27,64,35.19
2025-01-29,64,26.8
2025-01-30,64,30.59
2025-01-31,64,35.44
2025-02-03,64,31.65
2025-02-05,64,25.53
2025-02-06,64,29.2
2025-02-08,64,33.02
2025-02-13,64,36.38
2025-02-14,64,31.12
2025-02-15,64,33.52
2025-02-19,64,26.31
2025-02-20,64,26.01
2025-02-24,64,29.8
2025-02-25,64,31.63
2025-02-26,64,34.96
2025-02-27,64,28.52
2025-03-03,64,26.72
2025-03-04,64,37.08
2025-03-05,64,36.71
2025-03-08,64,20.33
2025-03-12,64,33.06
2025-03-13,64,26.02
2025-03-17,64,28.77
2025-03-18,64,25.56
2025-03-19,64,36.9
2025-03-22,64,23.59
2025-03-24,64,29.06
2025-03-25,64,26.88
2025-03-31,64,21.3
2025-04-02,64,35.09
2025-04-03,64,33.06
2025-04-10,64,36.72
2025-04-11,64,35.91
2025-04-13,64,37.11
2025-04-18,64,36.48
2025-04-21,64,29.53
2025-04-23,64,28.51
2025-04-25,64,28.07
2025-04-26,64,27.21
2025-04-28,64,30.62
2025-04-30,64,21.77
2025-05-02,64,27.99
2025-05-03,64,27.52
2025-05-05,64,21.88
2025-05-06,64,37.35
2025-05-07,64,25.28
2025-05-09,64,33.0
2025-05-10,64,23.02
2025-05-12,64,21.16
2025-05-14,64,32.78
2025-05-15,64,36.54
2025-05-20,64,32.64
2025-05-22,64,34.89
2025-05-23,64,30.19
2025-05-26,64,24.83
2025-05-28,64,27.41
2025-05-29,64,24.45
2025-05-31,64,34.03
2025-06-03,64,32.64
2025-06-04,64,21.64
2025-06-10,64,24.46
2025-06-11,64,25.39
2025-06-12,64,27.24
2025-06-13,64,27.28
2025-06-14,64,24.9
2025-06-15,64,30.55
2025-06-16,64,33.36
2025-06-18,64,25.04
2025-06-20,64,20.82
2025-06-21,64,27.85
2025-06-24,64,32.1
2025-06-25,64,25.0
2025-06-26,64,35.25
2025-06-27,64,21.99
2025-06-28,64,20.34
2025-06-29,64,31.35
2025-06-30,64,26.19
2025-07-03,64,30.97
2025-07-04,64,33.55
2025-07-08,64,29.38
2025-07-09,64,28.94
2025-07-11,64,20.35
2025-07-14,64,34.5
2025-07-15,64,31.49
2025-07-19,64,23.56
2025-07-23,64,22.78
2025-07-25,64,31.21
2025-07-27,64,22.67
2025-07-29,64,21.83
2025-07-30,64,25.81
2025-07-31,64,33.2
2025-08-02,64,33.9
2025-08-03,64,22.37
2025-08-04,64,37.69
2025-08-06,64,24.47
2025-08-08,64,33.22
2025-08-09,64,31.29
2025-08-11,64,34.73
2025-08-12,64,26.87
2025-08-13,64,22.46
2025-08-14,64,23.43
2025-08-15,64,37.11
2025-08-20,64,26.21
2025-08-21,64,21.3
2025-08-25,64,30.43
2025-08-26,64,25.07
2025-08-27,64,35.52
2025-08-29,64,25.99
2025-09-02,64,36.85
2025-09-05,64,27.8
2025-09-09,64,34.26
2025-09-10,64,24.63
2025-09-11,64,23.7
2025-09-12,64,34.88
2025-09-14,64,36.7
2025-09-15,64,26.1
2025-09-16,64,22.78
2025-09-17,64,34.4
2025-09-22,64,27.65
2025-09-25,64,25.77
2025-09-26,64,27.51
2025-09-29,64,27.46
2025-10-01,64,35.47
2025-10-02,64,20.52
2025-10-03,64,22.66
2025-10-07,64,35.68
2025-10-08,64,22.68
2025-10-09,64,36.56
2025-10-10,64,27.31
2025-10-11,64,33.06
2025-10-13,64,32.34
2025-10-14,64,21.57
2025-10-21,64,33.67
2025-10-23,64,23.45
2025-10-24,64,28.8
2025-10-26,64,29.64
2025-10-28,64,29.12
2025-10-31,64,35.95
2025-11-03,64,28.87
2025-11-04,64,27.1
2025-11-05,64,35.91
2025-11-11,64,26.86
2025-11-12,64,21.04
2025-11-14,64,28.49
2025-11-17,64,22.52
2025-11-18,64,20.4
2025-11-20,64,29.55
2025-11-21,64,23.4
2025-11-23,64,33.87
2025-11-24,64,30.96
2025-11-26,64,37.64
2025-11-27,64,35.67
2025-11-28,64,26.17
2025-11-29,64,30.8
2025-12-01,64,32.83
2025-12-04,64,25.87
2025-12-05,64,23.85
2025-12-07,64,37.63
2025-12-12,64,33.5
2025-12-13,64,22.27
2025-12-14,64,22.66
2025-12-17,64,22.37
2025-12-18,64,31.56
2025-12-19,64,37.02
2025-12-20,64,37.53
2025-12-21,64,28.16
2025-12-22,64,30.15
2025-12-23,64,35.54
2025-12-24,64,30.52
2025-12-25,64,25.71
2025-12-26,64,37.31
2025-12-27,64,26.43
2025-12-30,64,34.4
2025-12-31,64,28.18
2025-01-01,65,5.66
2025-01-03,65,4.29
2025-01-04,65,3.98
2025-01-06,65,4.65
2025-01-07,65,6.1
2025-01-08,65,6.49
2025-01-11,65,4.26
2025-01-12,65,4.89
2025-01-14,65,3.89
2025-01-16,65,4.94
2025-01-17,65,5.54
2025-01-20,65,4.34
2025-01-23,65,5.38
2025-01-24,65,6.07
2025-01-28,65,5.56
2025-01-30,65,3.55
2025-02-01,65,6.12
2025-02-02,65,5.46
2025-02-03,65,4.11
2025-02-06,65,4.35
2025-02-11,65,6.06
2025-02-13,65,5.03
2025-02-14,65,5.98
2025-02-17,65,5.37
2025-02-19,65,4.83
2025-02-22,65,4.14
2025-02-23,65,4.48
2025-02-24,65,5.27
2025-02-27,65,6.09
2025-03-01,65,4.58
2025-03-04,65,3.93
2025-03-06,65,5.81
2025-03-09,65,3.89
2025-03-10,65,3.97
2025-03-12,65,5.26
2025-03-16,65,5.26
2025-03-17,65,3.86
2025-03-19,65,5.77
2025-03-20,65,3.88
2025-03-22,65,4.07
2025-03-25,65,5.01
2025-04-01,65,4.64
2025-04-07,65,4.46
2025-04-08,65,3.55
2025-04-09,65,5.77
2025-04-10,65,3.69
2025-04-13,65,5.92
2025-04-15,65,4.63
2025-04-16,65,6.01
2025-04-17,65,5.17
2025-04-19,65,3.7
2025-04-20,65,3.59
2025-04-23,65,3.95
2025-04-24,65,6.36
2025-04-28,65,3.77
2025-05-02,65,5.01
2025-05-04,65,5.15
2025-05-05,65,3.72
2025-05-06,65,6.26
2025-05-08,65,3.82
2025-05-09,65,6.05
2025-05-13,65,3.72
2025-05-14,65,5.34
2025-05-15,65,5.72
2025-05-17,65,6.22
2025-05-21,65,4.64
2025-05-22,65,5.82
2025-05-23,65,6.29
2025-05-24,65,5.57
2025-05-27,65,5.27
2025-05-28,65,3.59
2025-05-29,65,4.3
2025-06-02,65,3.54
2025-06-03,65,4.16
2025-06-04,65,5.32
2025-06-06,65,3.67
2025-06-07,65,6.19
2025-06-10,65,3.9
2025-06-11,65,6.07
2025-06-12,65,5.43
2025-06-13,65,5.13
2025-06-14,65,5.41
2025-06-15,65,6.48
2025-06-16,65,3.65
2025-06-17,65,5.99
2025-06-18,65,4.92
2025-06-19,65,3.74
2025-06-21,65,5.58
2025-06-24,65,4.87
2025-06-27,65,5.01
2025-07-01,65,3.82
2025-07-02,65,3.64
2025-07-03,65,6.18
2025-07-07,65,4.15
2025-07-09,65,4.94
2025-07-11,65,6.06
2025-07-13,65,3.78
2025-07-15,65,3.51
2025-07-16,65,5.36
2025-07-21,65,5.64
2025-07-22,65,4.06
2025-07-24,65,6.25
2025-07-25,65,5.91
2025-07-26,65,4.03
2025-07-28,65,4.96
2025-07-31,65,4.02
2025-08-01,65,4.85
2025-08-05,65,5.18
2025-08-07,65,5.98
2025-08-13,65,4.22
2025-08-14,65,4.0
2025-08-18,65,4.78
2025-08-20,65,5.28
2025-08-26,65,5.69
2025-08-28,65,4.28
2025-08-29,65,5.57
2025-08-30,65,5.66
2025-09-02,65,3.97
2025-09-04,65,4.51
2025-09-05,65,4.54
2025-09-10,65,5.08
2025-09-11,65,5.66
2025-09-12,65,5.73
2025-09-14,65,4.02
2025-09-16,65,4.29
2025-09-19,65,3.93
2025-09-23,65,6.11
2025-09-24,65,4.12
2025-09-26,65,6.16
2025-09-28,65,4.95
2025-09-29,65,6.3
2025-09-30,65,4.84
2025-10-01,65,5.42
2025-10-02,65,3.73
2025-10-05,65,5.6
2025-10-07,65,3.82
2025-10-08,65,3.64
2025-10-10,65,5.49
2025-10-13,65,6.26
2025-10-14,65,5.87
2025-10-15,65,4.81
2025-10-17,65,5.19
2025-10-20,65,4.84
2025-10-21,65,6.23
2025-10-22,65,5.9
2025-10-23,65,4.2
2025-10-24,65,5.51
2025-10-26,65,4.02
2025-10-27,65,4.03
2025-10-28,65,5.81
2025-10-29,65,4.72
2025-10-31,65,6.28
2025-11-03,65,5.14
2025-11-04,65,4.24
2025-11-06,65,3.52
2025-11-07,65,5.89
2025-11-09,65,5.92
2025-11-11,65,6.31
2025-11-12,65,6.32
2025-11-16,65,3.7
2025-11-17,65,3.89
2025-11-18,65,6.36
2025-11-19,65,4.97
2025-11-20,65,5.39
2025-11-21,65,4.28
2025-11-26,65,5.69
2025-11-27,65,3.8
2025-11-28,65,3.98
2025-12-01,65,4.58
2025-12-03,65,6.26
2025-12-04,65,5.56
2025-12-08,65,4.02
2025-12-09,65,5.01
2025-12-11,65,3.97
2025-12-12,65,3.8
2025-12-15,65,4.24
2025-12-17,65,5.3
2025-12-19,65,3.51
2025-12-20,65,6.27
2025-12-21,65,4.68
2025-12-24,65,4.2
2025-12-25,65,4.29
2025-12-26,65,5.92
2025-12-27,65,3.52
2025-12-29,65,5.62
2025-01-01,66,40.23
2025-01-02,66,23.23
2025-01-04,66,32.13
2025-01-06,66,25.52
2025-01-07,66,36.78
2025-01-08,66,37.77
2025-01-10,66,39.84
2025-01-11,66,37.71
2025-01-13,66,40.41
2025-01-15,66,31.41
2025-01-17,66,27.51
2025-01-22,66,35.46
2025-01-23,66,36.34
2025-01-24,66,27.2
2025-01-26,66,28.81
2025-01-27,66,37.32
2025-01-28,66,23.34
2025-01-29,66,34.08
2025-01-30,66,37.61
2025-02-03,66,28.33
2025-02-04,66,32.35
2025-02-09,66,25.21
2025-02-10,66,35.63
2025-02-11,66,39.53
2025-02-14,66,25.77
2025-02-17,66,34.5
2025-02-19,66,25.6
2025-02-20,66,33.0
2025-02-22,66,30.22
2025-02-24,66,22.58
2025-02-26,66,35.85
2025-02-27,66,31.5
2025-03-01,66,26.58
2025-03-04,66,32.37
2025-03-05,66,25.01
2025-03-06,66,39.99
2025-03-08,66,23.29
2025-03-09,66,28.03
2025-03-11,66,25.96
2025-03-12,66,24.78
2025-03-13,66,35.37
2025-03-14,66,25.73
2025-03-17,66,23.76
2025-03-18,66,30.37
2025-03-19,66,22.92
2025-03-20,66,30.76
2025-03-21,66,36.15
2025-03-24,66,34.99
2025-03-27,66,37.19
2025-03-28,66,28.37
2025-03-31,66,25.8
2025-04-01,66,40.84
2025-04-02,66,32.02
2025-04-07,66,26.12
2025-04-09,66,37.91
2025-04-10,66,34.41
2025-04-11,66,41.57
2025-04-14,66,35.49
2025-04-16,66,36.67
2025-04-17,66,29.86
2025-04-21,66,32.09
2025-04-25,66,26.6
2025-04-26,66,38.84
2025-04-30,66,34.45
2025-05-01,66,31.65
2025-05-08,66,31.06
2025-05-09,66,27.34
2025-05-11,66,33.36
2025-05-12,66,23.07
2025-05-13,66,27.8
2025-05-14,66,28.03
2025-05-15,66,29.22
2025-05-16,66,30.65
2025-05-17,66,22.5
2025-05-19,66,34.18
2025-05-20,66,41.3
2025-05-21,66,34.02
2025-05-22,66,32.34
2025-05-23,66,25.91
2025-05-24,66,41.09
2025-05-28,66,36.4
2025-05-29,66,32.76
2025-05-31,66,35.74
2025-06-02,66,39.82
2025-06-04,66,34.27
2025-06-05,66,24.66
2025-06-07,66,23.02
2025-06-08,66,28.22
2025-06-09,66,34.71
2025-06-10,66,30.31
2025-06-11,66,30.81
2025-06-12,66,29.77
2025-06-13,66,24.21
2025-06-16,66,29.74
2025-06-17,66,40.89
2025-06-23,66,29.27
2025-06-24,66,33.26
2025-06-26,66,23.15
2025-07-01,66,26.13
2025-07-02,66,39.26
2025-07-03,66,22.6
2025-07-04,66,29.62
2025-07-09,66,33.84
2025-07-10,66,31.51
2025-07-11,66,36.02
2025-07-13,66,22.41
2025-07-14,66,23.86
2025-07-15,66,28.27
2025-07-16,66,32.3
2025-07-18,66,27.21
2025-07-22,66,36.56
2025-07-25,66,41.5
2025-07-31,66,31.87
2025-08-03,66,24.37
2025-08-04,66,35.85
2025-08-05,66,35.33
2025-08-07,66,24.74
2025-08-10,66,36.25
2025-08-11,66,26.99
2025-08-13,66,35.85
2025-08-14,66,38.06
2025-08-15,66,29.4
2025-08-17,66,39.19
2025-08-18,66,33.21
2025-08-20,66,28.68
2025-08-22,66,25.53
2025-08-26,66,27.62
2025-08-27,66,28.78
2025-08-28,66,40.55
2025-08-29,66,28.84
2025-08-31,66,33.62
2025-09-02,66,38.61
2025-09-04,66,24.68
2025-09-09,66,33.22
2025-09-11,66,37.23
2025-09-12,66,35.89
2025-09-14,66,25.01
2025-09-15,66,36.05
2025-09-18,66,38.6
2025-09-19,66,29.42
2025-09-20,66,40.05
2025-09-22,66,31.86
2025-09-23,66,38.65
2025-09-24,66,30.68
2025-09-27,66,35.97
2025-10-01,66,41.34
2025-10-02,66,34.53
2025-10-04,66,28.17
2025-10-05,66,37.41
2025-10-07,66,22.48
2025-10-08,66,35.59
2025-10-10,66,28.2
2025-10-12,66,23.82
2025-10-13,66,34.41
2025-10-14,66,30.53
2025-10-17,66,25.8
2025-10-19,66,29.45
2025-10-23,66,23.91
2025-10-24,66,30.12
2025-10-26,66,29.23
2025-10-31,66,24.41
2025-11-06,66,38.15
2025-11-07,66,25.77
2025-11-11,66,25.22
2025-11-12,66,24.56
2025-11-17,66,41.23
2025-11-19,66,36.85
2025-11-20,66,39.86
2025-11-21,66,39.46
2025-11-22,66,32.42
2025-11-24,66,30.73
2025-11-26,66,35.67
2025-11-27,66,25.96
2025-11-29,66,41.43
2025-12-02,66,23.33
2025-12-04,66,38.35
2025-12-05,66,29.58
2025-12-08,66,27.41
2025-12-10,66,24.54
2025-12-11,66,32.05
2025-12-15,66,30.13
2025-12-16,66,28.76
2025-12-18,66,34.53
2025-12-22,66,30.45
2025-12-26,66,24.27
2025-12-30,66,30.99
2025-12-31,66,40.41
2025-01-02,67,26.76
2025-01-03,67,36.81
2025-01-06,67,39.14
2025-01-07,67,27.11
2025-01-08,67,23.77
2025-01-09,67,29.23
2025-01-10,67,38.93
2025-01-14,67,32.1
2025-01-19,67,31.64
2025-01-24,67,40.99
2025-01-26,67,24.56
2025-01-27,67,36.94
2025-01-28,67,25.02
2025-01-29,67,28.88
2025-01-30,67,34.78
2025-02-04,67,28.37
2025-02-05,67,28.46
2025-02-12,67,36.18
2025-02-17,67,38.41
2025-02-19,67,25.93
2025-02-21,67,33.1
2025-02-24,67,33.07
2025-02-27,67,24.4
2025-02-28,67,40.55
2025-03-03,67,23.38
2025-03-05,67,33.45
2025-03-06,67,29.16
2025-03-08,67,39.35
2025-03-09,67,25.65
2025-03-10,67,40.55
2025-03-11,67,35.04
2025-03-12,67,25.27
2025-03-13,67,40.26
2025-03-14,67,35.74
2025-03-16,67,30.06
2025-03-17,67,26.65
2025-03-18,67,34.87
2025-03-22,67,28.54
2025-03-24,67,25.13
2025-03-25,67,38.42
2025-03-27,67,38.2
2025-03-30,67,41.41
2025-04-02,67,29.99
2025-04-03,67,41.28
2025-04-04,67,22.86
2025-04-07,67,34.58
2025-04-08,67,30.12
2025-04-09,67,33.71
2025-04-10,67,26.51
2025-04-13,67,33.49
2025-04-14,67,27.6
2025-04-18,67,31.12
2025-04-20,67,25.32
2025-04-22,67,36.03
2025-04-23,67,28.64
2025-04-25,67,33.75
2025-04-26,67,25.83
2025-04-27,67,30.55
2025-05-02,67,29.48
2025-05-03,67,34.94
2025-05-04,67,30.41
2025-05-06,67,24.88
2025-05-07,67,33.0
2025-05-08,67,32.06
2025-05-09,67,32.12
2025-05-12,67,36.68
2025-05-14,67,26.99
2025-05-15,67,35.47
2025-05-16,67,23.97
2025-05-17,67,28.7
2025-05-18,67,39.8
2025-05-19,67,29.97
2025-05-22,67,25.88
2025-05-23,67,30.44
2025-05-26,67,39.94
2025-05-27,67,30.85
2025-05-30,67,25.21
2025-06-01,67,35.48
2025-06-03,67,36.32
2025-06-06,67,39.19
2025-06-09,67,23.14
2025-06-10,67,23.91
2025-06-11,67,22.7
2025-06-12,67,25.83
2025-06-16,67,27.31
2025-06-17,67,34.71
2025-06-19,67,36.0
2025-06-22,67,32.75
2025-06-23,67,31.53
2025-06-24,67,24.53
2025-06-25,67,24.27
2025-06-26,67,27.46
2025-06-27,67,26.45
2025-06-30,67,28.26
2025-07-03,67,36.1
2025-07-04,67,33.66
2025-07-08,67,32.77
2025-07-09,67,37.44
2025-07-10,67,34.44
2025-07-13,67,27.1
2025-07-16,67,33.16
2025-07-17,67,30.31
2025-07-18,67,34.99
2025-07-21,67,33.49
2025-07-22,67,27.14
2025-07-23,67,28.84
2025-07-25,67,40.31
2025-07-26,67,29.39
2025-07-28,67,41.47
2025-07-29,67,40.46
2025-07-30,67,26.32
2025-07-31,67,38.83
2025-08-01,67,40.92
2025-08-03,67,34.25
2025-08-04,67,23.79
2025-08-06,67,32.35
2025-08-07,67,23.58
2025-08-08,67,32.12
2025-08-12,67,23.63
2025-08-13,67,37.22
2025-08-15,67,22.99
2025-08-19,67,33.61
2025-08-21,67,32.53
2025-08-22,67,26.73
2025-08-25,67,25.03
2025-08-27,67,25.64
2025-08-28,67,32.57
2025-08-29,67,33.38
2025-08-30,67,39.52
2025-09-02,67,27.29
2025-09-05,67,31.34
2025-09-08,67,40.67
2025-09-09,67,31.86
2025-09-11,67,38.98
2025-09-12,67,40.7
2025-09-13,67,41.21
2025-09-14,67,30.93
2025-09-15,67,30.72
2025-09-16,67,40.93
2025-09-17,67,34.94
2025-09-18,67,38.23
2025-09-19,67,41.21
2025-09-21,67,29.04
2025-09-25,67,33.54
2025-09-27,67,24.21
2025-09-29,67,35.04
2025-09-30,67,41.33
2025-10-03,67,27.43
2025-10-07,67,24.38
2025-10-08,67,25.49
2025-10-11,67,34.33
2025-10-14,67,28.39
2025-10-16,67,38.82
2025-10-21,67,26.34
2025-10-22,67,26.05
2025-10-23,67,32.03
2025-10-24,67,31.47
2025-10-28,67,32.6
2025-10-29,67,31.88
2025-10-30,67,23.09
2025-10-31,67,35.93
2025-11-03,67,30.18
2025-11-04,67,40.7
2025-11-06,67,25.6
2025-11-07,67,26.86
2025-11-10,67,22.52
2025-11-12,67,34.73
2025-11-13,67,25.14
2025-11-16,67,25.04
2025-11-17,67,36.33
2025-11-18,67,36.51
2025-11-19,67,28.9
2025-11-23,67,23.22
2025-11-25,67,24.61
2025-11-26,67,30.96
2025-11-28,67,32.84
2025-11-29,67,31.32
2025-11-30,67,26.45
2025-12-01,67,37.02
2025-12-03,67,24.68
2025-12-04,67,32.1
2025-12-08,67,35.71
2025-12-09,67,34.41
2025-12-10,67,27.53
2025-12-11,67,30.47
2025-12-16,67,31.87
2025-12-17,67,37.85
2025-12-18,67,23.73
2025-12-19,67,41.29
2025-12-23,67,28.43
2025-12-25,67,26.21
2025-12-29,67,29.24
2025-12-30,67,39.3
2025-12-31,67,29.19
2025-01-01,68,21.01
2025-01-05,68,31.83
2025-01-07,68,31.34
2025-01-09,68,21.09
2025-01-11,68,22.5
2025-01-17,68,23.06
2025-01-21,68,19.54
2025-01-23,68,20.68
2025-01-29,68,31.75
2025-01-31,68,32.89
2025-02-01,68,23.16
2025-02-04,68,32.08
2025-02-06,68,28.47
2025-02-07,68,23.45
2025-02-08,68,26.8
2025-02-09,68,30.84
2025-02-10,68,24.89
2025-02-11,68,26.88
2025-02-12,68,21.38
2025-02-13,68,27.54
2025-02-14,68,20.45
2025-02-15,68,31.31
2025-02-18,68,20.1
2025-02-19,68,25.33
2025-02-20,68,24.1
2025-02-21,68,19.34
2025-02-22,68,19.2
2025-02-23,68,22.54
2025-02-24,68,22.13
2025-02-25,68,20.55
2025-02-26,68,24.4
2025-03-03,68,20.16
2025-03-07,68,24.46
2025-03-08,68,32.88
2025-03-10,68,20.57
2025-03-12,68,30.83
2025-03-13,68,27.21
2025-03-14,68,31.97
2025-03-17,68,20.21
2025-03-18,68,26.53
2025-03-20,68,26.93
2025-03-24,68,32.13
2025-03-25,68,25.14
2025-03-29,68,25.45
2025-03-30,68,23.15
2025-03-31,68,21.66
2025-04-01,68,28.24
2025-04-03,68,23.04
2025-04-04,68,21.7
2025-04-07,68,25.12
2025-04-08,68,19.4
2025-04-09,68,30.44
2025-04-14,68,30.37
2025-04-15,68,29.9
2025-04-16,68,31.19
2025-04-17,68,18.31
2025-04-18,68,23.04
2025-04-19,68,25.18
2025-04-21,68,23.65
2025-04-22,68,22.88
2025-04-23,68,19.52
2025-04-27,68,29.52
2025-04-28,68,19.0
2025-05-02,68,26.85
2025-05-03,68,22.86
2025-05-05,68,20.5
2025-05-06,68,27.13
2025-05-08,68,21.52
2025-05-09,68,27.59
2025-05-12,68,21.13
2025-05-14,68,29.56
2025-05-15,68,29.44
2025-05-16,68,21.44
2025-05-19,68,27.15
2025-05-20,68,28.78
2025-05-21,68,29.2
2025-05-22,68,31.87
2025-05-23,68,23.01
2025-05-26,68,30.62
2025-05-27,68,32.01
2025-05-29,68,31.78
2025-05-31,68,20.15
2025-06-02,68,24.61
2025-06-04,68,21.42
2025-06-06,68,31.0
2025-06-07,68,26.49
2025-06-08,68,28.48
2025-06-09,68,32.96
2025-06-10,68,31.85
2025-06-11,68,32.47
2025-06-12,68,26.78
2025-06-13,68,19.23
2025-06-16,68,22.56
2025-06-17,68,21.91
2025-06-19,68,23.14
2025-06-20,68,20.01
2025-06-21,68,26.14
2025-06-26,68,18.84
2025-06-27,68,27.57
2025-06-30,68,24.31
2025-07-01,68,19.43
2025-07-04,68,29.74
2025-07-06,68,19.26
2025-07-07,68,27.64
2025-07-08,68,31.24
2025-07-10,68,22.05
2025-07-14,68,32.11
2025-07-15,68,19.47
2025-07-17,68,18.96
2025-07-18,68,20.09
2025-07-22,68,20.37
2025-07-25,68,27.39
2025-07-26,68,30.87
2025-07-30,68,19.34
2025-07-31,68,22.47
2025-08-03,68,31.5
2025-08-05,68,26.18
2025-08-06,68,24.18
2025-08-07,68,33.27
2025-08-10,68,24.7
2025-08-11,68,31.62
2025-08-12,68,25.05
2025-08-13,68,28.09
2025-08-14,68,25.97
2025-08-15,68,26.22
2025-08-18,68,32.59
2025-08-19,68,21.48
2025-08-21,68,21.74
2025-08-26,68,24.3
2025-08-27,68,25.9
2025-08-28,68,19.03
2025-08-29,68,19.56
2025-09-02,68,24.0
2025-09-08,68,24.98
2025-09-10,68,22.57
2025-09-15,68,22.91
2025-09-18,68,30.05
2025-09-19,68,30.74
2025-09-23,68,24.27
2025-09-25,68,30.38
2025-09-26,68,29.2
2025-09-28,68,26.6
2025-09-29,68,30.71
2025-09-30,68,20.48
2025-10-01,68,19.22
2025-10-05,68,23.56
2025-10-06,68,25.25
2025-10-07,68,28.67
2025-10-08,68,28.54
2025-10-09,68,18.96
2025-10-11,68,25.24
2025-10-13,68,18.55
2025-10-14,68,21.69
2025-10-15,68,30.95
2025-10-16,68,28.26
2025-10-21,68,18.98
2025-10-22,68,31.3
2025-10-23,68,29.68
2025-10-24,68,32.25
2025-10-29,68,32.67
2025-10-30,68,30.1
2025-10-31,68,25.8
2025-11-03,68,20.76
2025-11-05,68,19.78
2025-11-06,68,24.54
2025-11-07,68,21.84
2025-11-13,68,25.48
2025-11-16,68,24.72
2025-11-17,68,19.22
2025-11-18,68,32.51
2025-11-19,68,27.08
2025-11-20,68,31.65
2025-11-22,68,20.43
2025-11-24,68,24.34
2025-11-25,68,21.26
2025-11-26,68,23.35
2025-11-27,68,30.77
2025-11-30,68,33.08
2025-12-03,68,25.75
2025-12-05,68,28.68
2025-12-09,68,22.06
2025-12-10,68,31.56
2025-12-11,68,18.97
2025-12-15,68,23.09
2025-12-16,68,25.02
2025-12-17,68,27.6
2025-12-18,68,20.41
2025-12-19,68,30.69
2025-12-22,68,30.85
2025-12-25,68,23.77
2025-12-28,68,25.59
2025-12-29,68,29.71
2025-12-30,68,19.91
2025-01-02,69,25.82
2025-01-06,69,39.04
2025-01-10,69,24.5
2025-01-13,69,36.53
2025-01-14,69,33.14
2025-01-15,69,24.64
2025-01-16,69,37.16
2025-01-17,69,22.44
2025-01-19,69,34.98
2025-01-21,69,37.74
2025-01-24,69,29.38
2025-01-29,69,31.56
2025-01-30,69,22.46
2025-02-04,69,40.21
2025-02-05,69,40.43
2025-02-06,69,24.36
2025-02-12,69,38.15
2025-02-13,69,30.59
2025-02-14,69,30.96
2025-02-15,69,28.23
2025-02-19,69,28.03
2025-02-21,69,26.56
2025-02-24,69,27.71
2025-02-26,69,30.24
2025-02-28,69,34.22
2025-03-02,69,26.5
2025-03-04,69,33.77
2025-03-07,69,25.05
2025-03-12,69,25.26
2025-03-17,69,39.72
2025-03-18,69,37.89
2025-03-19,69,40.07
2025-03-20,69,26.75
2025-03-21,69,33.14
2025-03-22,69,34.52
2025-03-24,69,32.1
2025-03-25,69,31.09
2025-03-26,69,33.72
2025-03-27,69,24.95
2025-03-28,69,25.12
2025-03-31,69,37.73
2025-04-01,69,33.31
2025-04-02,69,36.69
2025-04-08,69,28.99
2025-04-11,69,29.44
2025-04-14,69,34.68
2025-04-15,69,29.68
2025-04-17,69,40.28
2025-04-21,69,33.33
2025-04-23,69,30.21
2025-04-30,69,24.99
2025-05-02,69,41.46
2025-05-07,69,33.14
2025-05-08,69,29.49
2025-05-09,69,37.27
2025-05-12,69,32.77
2025-05-13,69,27.41
2025-05-15,69,23.39
2025-05-16,69,34.66
2025-05-20,69,28.14
2025-05-21,69,34.45
2025-05-22,69,35.41
2025-05-23,69,28.61
2025-05-26,69,34.08
2025-05-27,69,32.95
2025-05-28,69,25.78
2025-05-29,69,29.06
2025-05-30,69,38.27
2025-05-31,69,24.06
2025-06-03,69,33.97
2025-06-05,69,32.49
2025-06-06,69,22.85
2025-06-09,69,41.09
2025-06-11,69,35.83
2025-06-14,69,30.33
2025-06-16,69,30.32
2025-06-18,69,28.26
2025-06-20,69,39.08
2025-06-23,69,35.81
2025-06-27,69,27.65
2025-07-01,69,28.44
2025-07-02,69,38.5
2025-07-04,69,35.58
2025-07-05,69,30.26
2025-07-09,69,32.53
2025-07-11,69,41.32
2025-07-14,69,26.83
2025-07-15,69,35.52
2025-07-16,69,39.11
2025-07-17,69,41.4
2025-07-18,69,38.36
2025-07-20,69,28.84
2025-07-22,69,30.1
2025-07-24,69,31.48
2025-07-28,69,36.0
2025-07-29,69,35.54
2025-07-30,69,38.39
2025-07-31,69,41.35
2025-08-01,69,29.7
2025-08-02,69,33.07
2025-08-03,69,36.56
2025-08-05,69,25.49
2025-08-07,69,30.74
2025-08-08,69,30.57
2025-08-09,69,35.19
2025-08-12,69,32.11
2025-08-13,69,40.34
2025-08-14,69,25.73
2025-08-15,69,23.99
2025-08-16,69,32.5
2025-08-19,69,37.64
2025-08-20,69,26.69
2025-08-26,69,24.36
2025-08-27,69,35.2
2025-08-30,69,40.54
2025-09-02,69,40.85
2025-09-03,69,33.22
2025-09-06,69,40.28
2025-09-08,69,27.0
2025-09-09,69,33.59
2025-09-11,69,38.46
2025-09-16,69,37.73
2025-09-18,69,41.19
2025-09-19,69,32.43
2025-09-23,69,34.9
2025-09-25,69,33.84
2025-09-29,69,35.6
2025-09-30,69,31.64
2025-10-01,69,22.85
2025-10-02,69,30.56
2025-10-03,69,26.41
2025-10-05,69,39.52
2025-10-07,69,31.47
2025-10-10,69,31.19
2025-10-14,69,28.43
2025-10-15,69,41.52
2025-10-16,69,39.29
2025-10-17,69,36.28
2025-10-20,69,37.83
2025-10-21,69,35.72
2025-10-22,69,23.0
2025-10-23,69,32.96
2025-10-24,69,25.93
2025-10-27,69,31.25
2025-10-28,69,25.88
2025-10-30,69,35.19
2025-10-31,69,40.99
2025-11-01,69,38.34
2025-11-03,69,27.46
2025-11-04,69,28.43
2025-11-05,69,40.0
2025-11-06,69,30.44
2025-11-09,69,35.92
2025-11-10,69,24.97
2025-11-11,69,23.26
2025-11-12,69,27.3
2025-11-13,69,33.54
2025-11-20,69,27.22
2025-11-21,69,29.29
2025-11-22,69,27.92
2025-11-24,69,30.44
2025-11-25,69,36.21
2025-11-26,69,24.38
2025-12-01,69,36.2
2025-12-02,69,35.78
2025-12-03,69,24.83
2025-12-04,69,22.63
2025-12-05,69,32.44
2025-12-07,69,25.88
2025-12-10,69,32.78
2025-12-12,69,30.33
2025-12-15,69,28.51
2025-12-17,69,32.6
2025-12-18,69,41.31
2025-12-21,69,23.84
2025-12-22,69,27.87
2025-12-24,69,38.5
2025-12-25,69,33.49
2025-12-29,69,36.49
2025-12-31,69,29.43
2025-01-01,70,15.93
2025-01-06,70,26.97
2025-01-07,70,24.05
2025-01-09,70,16.55
2025-01-10,70,21.05
2025-01-13,70,19.11
2025-01-14,70,18.54
2025-01-15,70,16.89
2025-01-16,70,15.57
2025-01-17,70,25.8
2025-01-18,70,16.86
2025-01-21,70,16.22
2025-01-23,70,16.3
2025-01-24,70,27.66
2025-01-27,70,17.16
2025-01-28,70,27.58
2025-01-29,70,28.48
2025-01-30,70,20.8
2025-01-31,70,23.12
2025-02-03,70,20.66
2025-02-05,70,22.54
2025-02-06,70,21.16
2025-02-08,70,27.75
2025-02-10,70,15.48
2025-02-13,70,27.49
2025-02-17,70,22.85
2025-02-18,70,17.5
2025-02-20,70,23.05
2025-02-22,70,19.79
2025-02-24,70,26.59
2025-02-25,70,23.08
2025-02-26,70,15.95
2025-02-27,70,16.01
2025-02-28,70,23.14
2025-03-01,70,16.59
2025-03-05,70,27.12
2025-03-07,70,23.53
2025-03-10,70,28.07
2025-03-11,70,19.96
2025-03-18,70,21.57
2025-03-19,70,23.59
2025-03-20,70,17.35
2025-03-21,70,27.6
2025-03-22,70,16.79
2025-03-24,70,20.76
2025-03-25,70,17.13
2025-03-28,70,24.21
2025-03-31,70,18.96
2025-04-02,70,18.29
2025-04-03,70,25.48
2025-04-04,70,19.36
2025-04-07,70,20.35
2025-04-09,70,24.53
2025-04-11,70,17.7
2025-04-12,70,23.81
2025-04-14,70,20.5
2025-04-15,70,22.11
2025-04-16,70,23.64
2025-04-17,70,18.23
2025-04-21,70,18.36
2025-04-22,70,26.72
2025-04-25,70,26.24
2025-04-27,70,20.89
2025-04-28,70,18.47
2025-04-29,70,27.09
2025-05-02,70,20.82
2025-05-05,70,24.9
2025-05-06,70,16.05
2025-05-07,70,27.69
2025-05-08,70,21.31
2025-05-11,70,22.69
2025-05-12,70,16.66
2025-05-14,70,24.36
2025-05-15,70,18.33
2025-05-16,70,16.31
2025-05-19,70,24.11
2025-05-20,70,21.8
2025-05-22,70,26.94
2025-05-30,70,26.78
2025-06-02,70,17.32
2025-06-03,70,28.3
2025-06-08,70,18.36
2025-06-09,70,24.29
2025-06-11,70,16.61
2025-06-12,70,19.26
2025-06-13,70,18.89
2025-06-16,70,25.77
2025-06-18,70,26.19
2025-06-19,70,15.51
2025-06-20,70,25.33
2025-06-23,70,17.48
2025-06-26,70,19.3
2025-06-30,70,21.34
2025-07-02,70,24.99
2025-07-04,70,25.63
2025-07-05,70,25.01
2025-07-09,70,24.31
2025-07-11,70,16.75
2025-07-13,70,27.4
2025-07-14,70,18.8
2025-07-15,70,26.63
2025-07-17,70,25.67
2025-07-18,70,23.13
2025-07-20,70,22.41
2025-07-21,70,16.65
2025-07-22,70,17.2
2025-07-24,70,22.93
2025-07-25,70,27.33
2025-07-28,70,24.69
2025-07-29,70,25.03
2025-07-30,70,23.47
2025-07-31,70,17.5
2025-08-03,70,27.55
2025-08-04,70,25.11
2025-08-06,70,21.14
2025-08-07,70,20.53
2025-08-11,70,22.57
2025-08-12,70,27.53
2025-08-13,70,28.46
2025-08-14,70,23.66
2025-08-15,70,26.65
2025-08-19,70,16.4
2025-08-21,70,26.61
2025-08-28,70,27.86
2025-08-29,70,26.76
2025-08-30,70,15.78
2025-09-01,70,28.39
2025-09-02,70,16.02
2025-09-03,70,18.26
2025-09-04,70,22.07
2025-09-05,70,16.57
2025-09-06,70,17.83
2025-09-12,70,20.88
2025-09-15,70,22.85
2025-09-18,70,27.98
2025-09-20,70,27.22
2025-09-22,70,24.24
2025-09-23,70,24.3
2025-09-25,70,20.87
2025-09-28,70,27.58
2025-09-29,70,19.85
2025-10-03,70,17.16
2025-10-05,70,16.44
2025-10-08,70,17.59
2025-10-11,70,22.71
2025-10-14,70,24.83
2025-10-15,70,22.55
2025-10-17,70,26.56
2025-10-19,70,21.41
2025-10-20,70,21.71
2025-10-22,70,27.13
2025-10-23,70,18.37
2025-10-24,70,26.86
2025-10-25,70,16.95
2025-10-26,70,20.99
2025-10-27,70,15.66
2025-10-28,70,20.6
2025-11-02,70,26.58
2025-11-03,70,20.1
2025-11-10,70,27.98
2025-11-12,70,21.86
2025-11-13,70,27.98
2025-11-14,70,18.64
2025-11-18,70,22.0
2025-11-19,70,16.39
2025-11-20,70,22.16
2025-11-21,70,22.87
2025-11-22,70,27.86
2025-11-24,70,17.64
2025-11-25,70,17.76
2025-11-26,70,25.14
2025-11-27,70,21.15
2025-12-01,70,17.75
2025-12-02,70,18.49
2025-12-04,70,23.28
2025-12-06,70,25.07
2025-12-10,70,21.8
2025-12-11,70,18.06
2025-12-12,70,28.12
2025-12-14,70,15.52
2025-12-15,70,15.58
2025-12-16,70,16.23
2025-12-17,70,24.24
2025-12-19,70,26.45
2025-12-20,70,25.67
2025-12-21,70,26.47
2025-12-25,70,18.9
2025-12-28,70,21.69
2025-12-30,70,23.6
2025-01-01,71,43.47
2025-01-03,71,30.94
2025-01-04,71,24.52
2025-01-09,71,26.73
2025-01-10,71,36.99
2025-01-15,71,39.95
2025-01-16,71,37.68
2025-01-17,71,29.32
2025-01-18,71,27.72
2025-01-20,71,42.73
2025-01-21,71,27.96
2025-01-22,71,30.93
2025-01-24,71,40.36
2025-01-27,71,38.16
2025-01-29,71,29.43
2025-02-01,71,40.1
2025-02-03,71,43.42
2025-02-06,71,28.9
2025-02-10,71,30.26
2025-02-11,71,35.46
2025-02-12,71,28.49
2025-02-17,71,41.34
2025-02-20,71,29.3
2025-02-25,71,38.44
2025-03-01,71,37.26
2025-03-07,71,29.44
2025-03-10,71,42.01
2025-03-11,71,25.9
2025-03-12,71,25.35
2025-03-13,71,27.33
2025-03-16,71,29.94
2025-03-18,71,34.27
2025-03-20,71,30.65
2025-03-23,71,27.49
2025-03-26,71,35.09
2025-03-27,71,37.56
2025-03-28,71,24.82
2025-03-31,71,40.81
2025-04-04,71,26.41
2025-04-05,71,30.3
2025-04-06,71,34.72
2025-04-07,71,32.85
2025-04-08,71,31.31
2025-04-10,71,30.76
2025-04-14,71,36.45
2025-04-15,71,25.44
2025-04-17,71,24.93
2025-04-18,71,26.46
2025-04-20,71,26.73
2025-04-22,71,35.55
2025-04-23,71,33.33
2025-04-25,71,31.89
2025-04-27,71,29.79
2025-04-28,71,24.22
2025-04-29,71,24.75
2025-04-30,71,31.2
2025-05-01,71,39.16
2025-05-07,71,40.88
2025-05-09,71,37.8
2025-05-12,71,25.79
2025-05-13,71,25.06
2025-05-14,71,36.56
2025-05-16,71,29.12
2025-05-17,71,41.85
2025-05-20,71,33.76
2025-05-21,71,24.42
2025-05-23,71,30.6
2025-05-26,71,43.07
2025-05-27,71,40.74
2025-05-29,71,33.47
2025-05-30,71,31.03
2025-06-01,71,26.19
2025-06-02,71,34.75
2025-06-07,71,35.42
2025-06-10,71,43.38
2025-06-13,71,32.84
2025-06-19,71,25.25
2025-06-24,71,36.08
2025-06-26,71,34.29
2025-06-27,71,28.61
2025-06-29,71,39.69
2025-06-30,71,42.9
2025-07-03,71,33.49
2025-07-04,71,25.82
2025-07-07,71,32.36
2025-07-08,71,42.32
2025-07-09,71,28.63
2025-07-11,71,37.18
2025-07-14,71,41.24
2025-07-15,71,28.52
2025-07-16,71,32.16
2025-07-17,71,42.59
2025-07-19,71,29.96
2025-07-20,71,42.73
2025-07-21,71,32.97
2025-07-23,71,26.24
2025-07-24,71,36.66
2025-07-27,71,30.01
2025-07-30,71,24.66
2025-08-01,71,26.97
2025-08-05,71,40.68
2025-08-06,71,32.25
2025-08-07,71,34.09
2025-08-10,71,42.49
2025-08-11,71,31.53
2025-08-12,71,43.71
2025-08-13,71,32.93
2025-08-14,71,43.6
2025-08-16,71,40.19
2025-08-20,71,36.89
2025-08-22,71,29.05
2025-08-23,71,40.96
2025-08-25,71,40.65
2025-08-28,71,34.19
2025-08-30,71,30.47
2025-09-02,71,33.85
2025-09-03,71,28.46
2025-09-05,71,35.38
2025-09-06,71,32.66
2025-09-09,71,26.94
2025-09-10,71,30.48
2025-09-12,71,39.48
2025-09-17,71,42.72
2025-09-19,71,42.29
2025-09-22,71,41.81
2025-09-23,71,33.46
2025-09-24,71,35.12
2025-09-26,71,29.04
2025-09-30,71,36.8
2025-10-02,71,40.37
2025-10-03,71,35.94
2025-10-07,71,37.77
2025-10-08,71,33.02
2025-10-09,71,33.47
2025-10-13,71,33.75
2025-10-15,71,32.25
2025-10-16,71,29.8
2025-10-17,71,26.66
2025-10-19,71,35.7
2025-10-20,71,31.5
2025-10-21,71,36.66
2025-10-24,71,37.45
2025-10-25,71,26.31
2025-10-26,71,25.8
2025-10-27,71,34.65
2025-10-28,71,42.88
2025-10-31,71,41.17
2025-11-03,71,39.87
2025-11-04,71,25.35
2025-11-05,71,42.46
2025-11-06,71,25.84
2025-11-08,71,41.54
2025-11-10,71,24.25
2025-11-11,71,44.14
2025-11-13,71,31.68
2025-11-14,71,38.78
2025-11-16,71,39.04
2025-11-17,71,25.37
2025-11-19,71,33.78
2025-11-21,71,37.03
2025-11-26,71,27.31
2025-11-27,71,37.94
2025-11-28,71,32.09
2025-11-30,71,37.65
2025-12-01,71,31.49
2025-12-02,71,27.33
2025-12-03,71,31.78
2025-12-04,71,37.51
2025-12-05,71,40.04
2025-12-07,71,29.45
2025-12-08,71,43.09
2025-12-10,71,35.51
2025-12-14,71,29.49
2025-12-17,71,26.27
2025-12-20,71,24.96
2025-12-22,71,29.58
2025-12-23,71,43.25
2025-12-25,71,41.68
2025-12-29,71,41.11
2025-12-30,71,34.01
2025-12-31,71,31.71
2025-01-02,72,22.5
2025-01-03,72,20.06
2025-01-07,72,23.76
2025-01-08,72,23.78
2025-01-09,72,23.73
2025-01-10,72,30.12
2025-01-13,72,26.29
2025-01-15,72,29.95
2025-01-16,72,27.38
2025-01-19,72,30.81
2025-01-21,72,28.58
2025-01-23,72,32.87
2025-01-28,72,26.97
2025-01-31,72,18.43
2025-02-03,72,28.07
2025-02-05,72,32.15
2025-02-07,72,30.48
2025-02-10,72,20.15
2025-02-11,72,19.13
2025-02-12,72,22.61
2025-02-13,72,25.42
2025-02-14,72,27.86
2025-02-15,72,20.1
2025-02-17,72,23.95
2025-02-18,72,31.97
2025-02-20,72,26.79
2025-02-21,72,21.2
2025-02-24,72,28.31
2025-02-26,72,32.26
2025-03-05,72,30.99
2025-03-07,72,29.08
2025-03-09,72,23.66
2025-03-10,72,28.71
2025-03-11,72,18.72
2025-03-12,72,22.27
2025-03-14,72,21.39
2025-03-18,72,22.88
2025-03-19,72,27.39
2025-03-20,72,24.49
2025-03-23,72,31.3
2025-03-24,72,32.96
2025-03-26,72,33.26
2025-04-04,72,29.69
2025-04-07,72,19.96
2025-04-10,72,33.19
2025-04-11,72,19.93
2025-04-14,72,29.65
2025-04-15,72,30.34
2025-04-16,72,33.59
2025-04-19,72,33.12
2025-04-20,72,21.68
2025-04-21,72,33.28
2025-04-25,72,32.73
2025-04-28,72,22.67
2025-04-30,72,21.67
2025-05-02,72,18.4
2025-05-06,72,20.29
2025-05-08,72,22.69
2025-05-09,72,18.46
2025-05-11,72,21.47
2025-05-13,72,22.74
2025-05-16,72,21.09
2025-05-19,72,21.98
2025-05-20,72,20.28
2025-05-21,72,27.67
2025-05-22,72,24.44
2025-05-23,72,19.91
2025-05-26,72,22.79
2025-05-28,72,32.35
2025-05-29,72,29.62
2025-05-30,72,23.24
2025-05-31,72,28.28
2025-06-03,72,27.89
2025-06-04,72,26.9
2025-06-05,72,27.28
2025-06-09,72,31.25
2025-06-11,72,32.62
2025-06-13,72,29.37
2025-06-16,72,23.92
2025-06-17,72,27.77
2025-06-19,72,19.3
2025-06-21,72,31.97
2025-06-24,72,20.25
2025-06-25,72,21.27
2025-06-26,72,25.18
2025-07-02,72,30.68
2025-07-03,72,26.63
2025-07-07,72,32.84
2025-07-10,72,29.92
2025-07-11,72,32.91
2025-07-14,72,25.61
2025-07-16,72,31.42
2025-07-18,72,27.67
2025-07-21,72,19.18
2025-07-22,72,23.45
2025-07-25,72,29.97
2025-07-28,72,30.38
2025-07-29,72,31.42
2025-07-30,72,28.16
2025-08-01,72,24.2
2025-08-06,72,19.32
2025-08-08,72,25.71
2025-08-11,72,19.9
2025-08-13,72,25.23
2025-08-15,72,21.12
2025-08-17,72,28.79
2025-08-18,72,21.74
2025-08-19,72,33.29
2025-08-22,72,22.84
2025-08-26,72,26.46
2025-08-27,72,22.09
2025-08-30,72,32.98
2025-09-02,72,28.38
2025-09-05,72,18.28
2025-09-10,72,26.66
2025-09-12,72,28.95
2025-09-16,72,29.99
2025-09-17,72,23.38
2025-09-22,72,33.54
2025-09-23,72,19.3
2025-09-25,72,32.52
2025-09-26,72,24.22
2025-09-27,72,25.45
2025-09-29,72,28.66
2025-10-01,72,22.84
2025-10-02,72,21.68
2025-10-03,72,23.57
2025-10-05,72,19.11
2025-10-08,72,28.17
2025-10-09,72,29.79
2025-10-16,72,30.72
2025-10-19,72,30.96
2025-10-21,72,21.77
2025-10-23,72,26.25
2025-10-29,72,32.36
2025-10-30,72,25.62
2025-10-31,72,26.82
2025-11-06,72,21.41
2025-11-07,72,20.49
2025-11-10,72,28.8
2025-11-11,72,21.4
2025-11-12,72,27.57
2025-11-13,72,24.4
2025-11-14,72,28.54
2025-11-17,72,21.5
2025-11-18,72,33.36
2025-11-19,72,21.18
2025-11-20,72,29.25
2025-11-22,72,29.89
2025-11-25,72,18.28
2025-11-30,72,23.97
2025-12-02,72,29.11
2025-12-03,72,19.34
2025-12-05,72,24.26
2025-12-07,72,31.19
2025-12-08,72,29.64
2025-12-09,72,22.26
2025-12-11,72,21.41
2025-12-12,72,33.38
2025-12-15,72,32.15
2025-12-16,72,23.43
2025-12-17,72,30.84
2025-12-18,72,26.49
2025-12-19,72,23.06
2025-12-22,72,26.85
2025-12-24,72,25.9
2025-12-25,72,19.85
2025-12-26,72,26.21
2025-12-29,72,29.39
2025-12-31,72,23.35
2025-01-01,73,19.76
2025-01-02,73,23.61
2025-01-03,73,23.44
2025-01-05,73,20.7
2025-01-09,73,24.91
2025-01-11,73,26.49
2025-01-13,73,16.29
2025-01-16,73,24.87
2025-01-20,73,19.48
2025-01-21,73,29.64
2025-01-24,73,25.99
2025-01-28,73,16.89
2025-01-29,73,17.32
2025-01-30,73,21.88
2025-01-31,73,27.0
2025-02-03,73,23.87
2025-02-04,73,16.87
2025-02-06,73,19.92
2025-02-07,73,22.35
2025-02-11,73,27.55
2025-02-13,73,16.96
2025-02-14,73,17.79
2025-02-18,73,25.6
2025-02-20,73,26.05
2025-02-21,73,26.59
2025-02-22,73,21.07
2025-02-24,73,26.73
2025-02-25,73,20.58
2025-02-26,73,16.94
2025-02-27,73,28.68
2025-02-28,73,16.33
2025-03-03,73,23.12
2025-03-04,73,21.51
2025-03-06,73,29.34
2025-03-07,73,27.23
2025-03-10,73,27.86
2025-03-12,73,16.33
2025-03-14,73,18.53
2025-03-17,73,25.74
2025-03-19,73,28.5
2025-03-21,73,22.96
2025-03-24,73,24.64
2025-03-28,73,24.8
2025-03-29,73,21.75
2025-03-30,73,23.52
2025-03-31,73,23.08
2025-04-02,73,19.12
2025-04-03,73,28.61
2025-04-05,73,29.11
2025-04-06,73,25.11
2025-04-07,73,16.74
2025-04-08,73,26.81
2025-04-09,73,22.73
2025-04-11,73,27.59
2025-04-12,73,19.72
2025-04-16,73,29.7
2025-04-17,73,21.3
2025-04-19,73,23.77
2025-04-21,73,23.56
2025-04-22,73,28.38
2025-04-23,73,19.34
2025-04-24,73,23.23
2025-04-27,73,25.87
2025-04-28,73,27.27
2025-04-29,73,25.11
2025-04-30,73,25.33
2025-05-05,73,19.14
2025-05-08,73,19.91
2025-05-09,73,18.96
2025-05-12,73,16.78
2025-05-13,73,20.2
2025-05-14,73,28.15
2025-05-15,73,20.9
2025-05-16,73,27.71
2025-05-19,73,29.24
2025-05-20,73,26.74
2025-05-21,73,26.89
2025-05-22,73,28.87
2025-05-26,73,28.57
2025-05-27,73,16.35
2025-05-28,73,24.42
2025-05-29,73,23.97
2025-06-02,73,18.43
2025-06-03,73,22.49
2025-06-04,73,23.11
2025-06-05,73,25.7
2025-06-06,73,27.86
2025-06-07,73,21.84
2025-06-08,73,24.63
2025-06-09,73,21.27
2025-06-10,73,21.91
2025-06-12,73,27.05
2025-06-16,73,20.38
2025-06-17,73,25.04
2025-06-19,73,27.92
2025-06-23,73,24.4
2025-06-24,73,24.85
2025-06-30,73,23.29
2025-07-01,73,22.09
2025-07-02,73,22.58
2025-07-04,73,27.07
2025-07-07,73,18.54
2025-07-09,73,25.93
2025-07-11,73,21.77
2025-07-12,73,27.98
2025-07-13,73,17.97
2025-07-14,73,26.74
2025-07-16,73,18.29
2025-07-17,73,26.36
2025-07-18,73,22.48
2025-07-21,73,22.28
2025-07-22,73,22.53
2025-07-24,73,27.62
2025-07-25,73,21.42
2025-07-28,73,29.83
2025-07-31,73,20.91
2025-08-02,73,28.14
2025-08-05,73,27.89
2025-08-11,73,17.6
2025-08-13,73,23.03
2025-08-14,73,16.67
2025-08-19,73,27.81
2025-08-20,73,19.45
2025-08-21,73,16.52
2025-08-25,73,20.98
2025-08-27,73,29.06
2025-08-28,73,20.57
2025-09-01,73,27.66
2025-09-02,73,19.62
2025-09-03,73,27.97
2025-09-04,73,23.9
2025-09-07,73,16.98
2025-09-09,73,26.7
2025-09-10,73,16.69
2025-09-11,73,17.11
2025-09-12,73,19.06
2025-09-18,73,21.31
2025-09-19,73,26.83
2025-09-20,73,17.56
2025-09-21,73,29.29
2025-09-23,73,21.29
2025-09-24,73,18.28
2025-09-25,73,21.45
2025-09-29,73,29.09
2025-10-03,73,23.13
2025-10-06,73,21.42
2025-10-07,73,21.45
2025-10-12,73,19.94
2025-10-13,73,29.57
2025-10-14,73,23.01
2025-10-16,73,29.47
2025-10-17,73,28.97
2025-10-19,73,20.39
2025-10-20,73,21.36
2025-10-24,73,21.24
2025-10-25,73,16.96
2025-10-26,73,20.95
2025-10-27,73,18.92
2025-10-29,73,17.41
2025-11-03,73,29.04
2025-11-07,73,27.9
2025-11-12,73,24.21
2025-11-14,73,24.24
2025-11-18,73,19.31
2025-11-21,73,24.69
2025-11-24,73,22.65
2025-11-25,73,17.72
2025-11-26,73,25.35
2025-11-27,73,21.38
2025-11-28,73,21.02
2025-11-29,73,20.79
2025-12-03,73,28.83
2025-12-04,73,17.54
2025-12-06,73,29.89
2025-12-08,73,28.02
2025-12-09,73,18.51
2025-12-10,73,25.43
2025-12-11,73,24.69
2025-12-13,73,25.04
2025-12-16,73,26.58
2025-12-19,73,19.83
2025-12-20,73,21.61
2025-12-21,73,26.95
2025-12-22,73,27.4
2025-12-23,73,22.73
2025-12-24,73,24.4
2025-12-25,73,24.36
2025-12-26,73,17.86
2025-12-28,73,17.15
2025-12-29,73,26.86
2025-12-30,73,18.72
2025-12-31,73,21.03
2025-01-01,74,14.08
2025-01-02,74,18.68
2025-01-03,74,18.39
2025-01-07,74,15.3
2025-01-10,74,20.25
2025-01-16,74,20.47
2025-01-17,74,15.42
2025-01-21,74,14.78
2025-01-22,74,15.64
2025-01-24,74,15.64
2025-01-25,74,18.62
2025-01-26,74,17.97
2025-01-27,74,11.6
2025-01-29,74,16.95
2025-02-03,74,14.71
2025-02-04,74,19.87
2025-02-06,74,12.28
2025-02-07,74,17.64
2025-02-08,74,18.69
2025-02-11,74,20.4
2025-02-13,74,15.19
2025-02-16,74,12.43
2025-02-17,74,20.49
2025-02-19,74,14.27
2025-02-24,74,18.49
2025-02-25,74,19.05
2025-03-01,74,12.74
2025-03-07,74,11.44
2025-03-08,74,17.68
2025-03-10,74,19.61
2025-03-11,74,14.16
2025-03-12,74,15.45
2025-03-14,74,13.86
2025-03-18,74,13.49
2025-03-19,74,11.94
2025-03-21,74,15.85
2025-03-24,74,15.4
2025-03-25,74,13.66
2025-03-26,74,16.84
2025-03-27,74,15.12
2025-03-28,74,20.48
2025-03-31,74,18.98
2025-04-01,74,12.91
2025-04-06,74,14.3
2025-04-07,74,12.42
2025-04-09,74,20.27
2025-04-10,74,16.22
2025-04-11,74,12.63
2025-04-14,74,18.98
2025-04-17,74,16.43
2025-04-18,74,16.4
2025-04-22,74,18.33
2025-04-25,74,11.79
2025-04-27,74,17.42
2025-04-28,74,14.79
2025-04-29,74,11.23
2025-05-02,74,13.49
2025-05-06,74,11.92
2025-05-07,74,19.81
2025-05-09,74,14.35
2025-05-14,74,13.72
2025-05-17,74,13.0
2025-05-19,74,16.61
2025-05-23,74,16.4
2025-05-24,74,19.28
2025-05-26,74,12.74
2025-05-27,74,16.72
2025-05-28,74,17.73
2025-06-03,74,12.28
2025-06-04,74,16.9
2025-06-05,74,16.65
2025-06-06,74,19.72
2025-06-11,74,15.78
2025-06-13,74,12.05
2025-06-16,74,12.46
2025-06-17,74,17.72
2025-06-20,74,19.85
2025-06-27,74,14.15
2025-07-01,74,19.68
2025-07-02,74,13.82
2025-07-03,74,20.52
2025-07-09,74,16.53
2025-07-10,74,20.47
2025-07-14,74,15.38
2025-07-15,74,16.27
2025-07-16,74,20.72
2025-07-17,74,20.1
2025-07-20,74,20.76
2025-07-22,74,11.85
2025-07-24,74,13.32
2025-07-31,74,14.05
2025-08-01,74,14.12
2025-08-05,74,18.7
2025-08-06,74,11.23
2025-08-07,74,16.95
2025-08-08,74,13.15
2025-08-11,74,18.12
2025-08-12,74,14.59
2025-08-14,74,14.83
2025-08-18,74,13.2
2025-08-20,74,12.61
2025-08-21,74,13.52
2025-08-25,74,17.55
2025-08-26,74,17.18
2025-08-28,74,20.66
2025-09-04,74,17.09
2025-09-05,74,20.51
2025-09-10,74,16.76
2025-09-11,74,18.61
2025-09-12,74,18.01
2025-09-14,74,12.23
2025-09-15,74,11.51
2025-09-16,74,17.65
2025-09-17,74,17.07
2025-09-18,74,12.61
2025-09-19,74,18.45
2025-09-20,74,12.61
2025-09-23,74,17.25
2025-09-26,74,15.92
2025-09-28,74,20.28
2025-09-29,74,14.76
2025-10-01,74,11.58
2025-10-03,74,18.54
2025-10-04,74,14.88
2025-10-05,74,18.3
2025-10-06,74,15.6
2025-10-10,74,16.69
2025-10-16,74,18.38
2025-10-20,74,17.49
2025-10-21,74,16.7
2025-10-22,74,20.44
2025-10-25,74,15.06
2025-10-27,74,13.46
2025-10-29,74,11.69
2025-10-30,74,20.29
2025-11-03,74,20.29
2025-11-04,74,14.56
2025-11-05,74,19.01
2025-11-07,74,15.64
2025-11-09,74,18.73
2025-11-10,74,14.81
2025-11-11,74,15.22
2025-11-14,74,19.19
2025-11-17,74,17.6
2025-11-18,74,15.0
2025-11-21,74,13.6
2025-11-22,74,15.06
2025-11-23,74,12.5
2025-11-24,74,17.03
2025-11-25,74,11.63
2025-11-26,74,13.77
2025-11-27,74,16.38
2025-11-28,74,14.32
2025-12-01,74,14.04
2025-12-04,74,12.81
2025-12-05,74,15.82
2025-12-08,74,12.3
2025-12-09,74,20.15
2025-12-10,74,17.97
2025-12-11,74,14.02
2025-12-15,74,11.98
2025-12-16,74,15.22
2025-12-17,74,16.92
2025-12-18,74,13.2
2025-12-20,74,17.41
2025-12-22,74,15.2
2025-12-23,74,15.52
2025-12-25,74,12.63
2025-12-26,74,18.35
2025-12-27,74,19.34
2025-12-29,74,13.13
2025-12-30,74,16.91
2025-01-01,75,33.11
2025-01-02,75,25.67
2025-01-03,75,40.41
2025-01-08,75,38.54
2025-01-09,75,34.49
2025-01-10,75,25.11
2025-01-13,75,34.1
2025-01-14,75,35.43
2025-01-15,75,40.78
2025-01-16,75,25.17
2025-01-21,75,36.89
2025-01-23,75,44.52
2025-01-24,75,39.79
2025-01-25,75,41.28
2025-01-26,75,31.34
2025-01-28,75,43.04
2025-01-29,75,45.39
2025-01-30,75,39.12
2025-02-04,75,35.32
2025-02-07,75,30.95
2025-02-08,75,34.52
2025-02-10,75,42.02
2025-02-11,75,37.96
2025-02-12,75,40.5
2025-02-13,75,32.08
2025-02-15,75,33.19
2025-02-17,75,43.7
2025-02-19,75,32.89
2025-02-21,75,41.23
2025-02-25,75,45.1
2025-02-26,75,25.31
2025-02-27,75,27.64
2025-02-28,75,26.52
2025-03-01,75,27.16
2025-03-02,75,30.72
2025-03-06,75,25.09
2025-03-07,75,32.2
2025-03-10,75,33.11
2025-03-13,75,26.76
2025-03-14,75,26.64
2025-03-17,75,28.4
2025-03-18,75,37.98
2025-03-19,75,29.4
2025-03-21,75,28.76
2025-03-22,75,24.6
2025-03-24,75,37.79
2025-03-25,75,38.53
2025-03-27,75,38.48
2025-03-31,75,25.63
2025-04-01,75,43.99
2025-04-02,75,36.67
2025-04-04,75,28.31
2025-04-07,75,32.41
2025-04-08,75,25.21
2025-04-09,75,29.76
2025-04-10,75,29.46
2025-04-11,75,40.58
2025-04-13,75,28.9
2025-04-16,75,39.09
2025-04-17,75,42.34
2025-04-21,75,29.35
2025-04-22,75,27.83
2025-04-28,75,26.74
2025-04-29,75,25.52
2025-05-01,75,34.52
2025-05-05,75,31.89
2025-05-06,75,44.36
2025-05-08,75,34.08
2025-05-16,75,32.61
2025-05-18,75,31.27
2025-05-20,75,30.17
2025-05-21,75,30.56
2025-05-25,75,31.56
2025-05-26,75,25.4
2025-05-28,75,30.31
2025-05-29,75,27.34
2025-05-31,75,31.6
2025-06-01,75,33.66
2025-06-02,75,39.6
2025-06-04,75,26.93
2025-06-08,75,29.98
2025-06-12,75,38.17
2025-06-17,75,27.55
2025-06-18,75,39.18
2025-06-19,75,34.07
2025-06-20,75,43.55
2025-06-21,75,30.46
2025-06-22,75,30.28
2025-06-24,75,28.78
2025-06-25,75,36.41
2025-06-26,75,27.74
2025-06-27,75,42.58
2025-06-30,75,34.17
2025-07-02,75,38.88
2025-07-03,75,33.55
2025-07-08,75,30.81
2025-07-10,75,26.49
2025-07-11,75,38.08
2025-07-16,75,31.15
2025-07-17,75,38.03
2025-07-18,75,37.82
2025-07-20,75,27.03
2025-07-21,75,45.12
2025-07-22,75,45.22
2025-07-24,75,43.21
2025-07-25,75,34.04
2025-07-28,75,33.28
2025-07-30,75,35.77
2025-08-01,75,34.14
2025-08-02,75,42.19
2025-08-03,75,26.49
2025-08-05,75,38.93
2025-08-07,75,29.99
2025-08-08,75,37.25
2025-08-11,75,31.8
2025-08-12,75,33.29
2025-08-13,75,31.21
2025-08-15,75,44.39
2025-08-17,75,44.3
2025-08-18,75,36.2
2025-08-19,75,31.5
2025-08-21,75,36.48
2025-08-23,75,42.09
2025-08-24,75,29.69
2025-08-26,75,41.84
2025-08-28,75,36.72
2025-08-29,75,38.55
2025-08-31,75,31.48
2025-09-01,75,29.38
2025-09-04,75,36.46
2025-09-05,75,29.3
2025-09-07,75,34.32
2025-09-08,75,36.47
2025-09-09,75,42.8
2025-09-11,75,29.88
2025-09-15,75,29.46
2025-09-16,75,29.43
2025-09-17,75,44.82
2025-09-19,75,34.75
2025-09-20,75,37.23
2025-09-22,75,29.6
2025-09-24,75,35.28
2025-09-29,75,30.57
2025-10-02,75,44.03
2025-10-03,75,41.77
2025-10-05,75,33.92
2025-10-09,75,35.22
2025-10-10,75,28.29
2025-10-14,75,39.46
2025-10-16,75,39.11
2025-10-17,75,45.2
2025-10-18,75,33.2
2025-10-21,75,35.92
2025-10-23,75,33.12
2025-10-24,75,24.98
2025-10-28,75,29.99
2025-10-29,75,25.41
2025-10-31,75,34.6
2025-11-04,75,45.18
2025-11-06,75,37.0
2025-11-09,75,43.48
2025-11-10,75,35.95
2025-11-11,75,26.6
2025-11-13,75,45.46
2025-11-17,75,32.41
2025-11-18,75,37.38
2025-11-20,75,26.39
2025-11-21,75,29.08
2025-11-23,75,43.63
2025-11-26,75,45.15
2025-11-28,75,28.96
2025-12-01,75,30.35
2025-12-02,75,31.21
2025-12-04,75,39.43
2025-12-05,75,27.02
2025-12-06,75,41.24
2025-12-07,75,41.26
2025-12-08,75,38.75
2025-12-10,75,38.48
2025-12-11,75,39.35
2025-12-13,75,38.11
2025-12-14,75,32.46
2025-12-15,75,31.4
2025-12-16,75,36.18
2025-12-17,75,41.16
2025-12-20,75,25.08
2025-12-22,75,32.79
2025-12-23,75,27.0
2025-12-26,75,43.49
2025-12-29,75,33.56
2025-12-30,75,39.91
2025-12-31,75,40.55
2025-01-02,76,11.34
2025-01-03,76,9.79
2025-01-04,76,8.19
2025-01-06,76,10.27
2025-01-08,76,8.34
2025-01-10,76,11.35
2025-01-12,76,8.46
2025-01-13,76,8.34
2025-01-14,76,14.28
2025-01-15,76,13.4
2025-01-16,76,12.1
2025-01-17,76,9.51
2025-01-20,76,11.05
2025-01-21,76,10.72
2025-01-24,76,8.8
2025-01-27,76,10.52
2025-01-28,76,8.23
2025-01-30,76,12.34
2025-01-31,76,11.74
2025-02-01,76,13.57
2025-02-02,76,12.12
2025-02-04,76,9.93
2025-02-06,76,13.96
2025-02-07,76,10.27
2025-02-08,76,7.71
2025-02-10,76,14.21
2025-02-12,76,9.18
2025-02-14,76,13.19
2025-02-17,76,11.91
2025-02-18,76,10.16
2025-02-19,76,11.58
2025-02-20,76,12.72
2025-02-21,76,10.58
2025-02-22,76,11.75
2025-02-28,76,9.15
2025-03-03,76,9.01
2025-03-05,76,12.26
2025-03-11,76,12.1
2025-03-13,76,9.66
2025-03-14,76,11.34
2025-03-15,76,12.84
2025-03-16,76,8.58
2025-03-17,76,11.51
2025-03-18,76,10.13
2025-03-26,76,7.89
2025-03-27,76,13.83
2025-04-04,76,10.78
2025-04-08,76,7.96
2025-04-09,76,11.54
2025-04-10,76,13.92
2025-04-13,76,13.31
2025-04-14,76,12.01
2025-04-15,76,8.41
2025-04-16,76,10.19
2025-04-17,76,12.15
2025-04-21,76,11.0
2025-04-23,76,14.3
2025-04-24,76,13.71
2025-04-27,76,11.48
2025-04-28,76,12.91
2025-04-29,76,10.78
2025-05-02,76,13.45
2025-05-03,76,13.25
2025-05-07,76,9.55
2025-05-08,76,12.19
2025-05-15,76,12.92
2025-05-16,76,14.27
2025-05-19,76,12.05
2025-05-20,76,13.99
2025-05-21,76,9.65
2025-05-22,76,9.32
2025-05-23,76,10.14
2025-05-25,76,9.68
2025-05-27,76,9.62
2025-05-28,76,11.36
2025-05-29,76,11.86
2025-05-31,76,8.81
2025-06-01,76,10.65
2025-06-02,76,10.85
2025-06-04,76,10.11
2025-06-06,76,8.21
2025-06-08,76,12.99
2025-06-09,76,11.16
2025-06-11,76,8.38
2025-06-12,76,13.34
2025-06-14,76,12.43
2025-06-17,76,13.41
2025-06-18,76,13.63
2025-06-19,76,8.86
2025-06-23,76,10.23
2025-06-24,76,7.87
2025-06-25,76,11.62
2025-06-26,76,8.65
2025-06-28,76,12.15
2025-06-30,76,9.12
2025-07-01,76,11.06
2025-07-02,76,11.36
2025-07-04,76,12.72
2025-07-05,76,10.17
2025-07-06,76,10.64
2025-07-08,76,9.52
2025-07-09,76,8.39
2025-07-14,76,9.43
2025-07-16,76,14.11
2025-07-24,76,13.2
2025-07-25,76,10.65
2025-07-29,76,11.61
2025-07-30,76,10.74
2025-07-31,76,10.95
2025-08-04,76,12.28
2025-08-05,76,9.02
2025-08-07,76,14.09
2025-08-08,76,13.65
2025-08-11,76,10.11
2025-08-12,76,11.17
2025-08-13,76,12.38
2025-08-15,76,9.24
2025-08-18,76,11.84
2025-08-19,76,9.32
2025-08-20,76,10.71
2025-08-21,76,12.06
2025-08-22,76,9.55
2025-08-25,76,12.12
2025-08-27,76,12.63
2025-08-28,76,9.05
2025-08-29,76,11.63
2025-09-01,76,8.48
2025-09-04,76,8.11
2025-09-07,76,12.11
2025-09-08,76,9.42
2025-09-09,76,11.13
2025-09-11,76,9.67
2025-09-13,76,12.96
2025-09-15,76,9.01
2025-09-17,76,8.0
2025-09-19,76,9.96
2025-09-22,76,8.65
2025-09-23,76,11.83
2025-09-25,76,11.96
2025-09-26,76,13.6
2025-10-07,76,10.8
2025-10-08,76,10.55
2025-10-10,76,7.81
2025-10-13,76,13.85
2025-10-15,76,8.88
2025-10-19,76,7.89
2025-10-20,76,10.72
2025-10-23,76,12.95
2025-10-28,76,7.77
2025-10-30,76,12.89
2025-11-03,76,9.15
2025-11-04,76,11.29
2025-11-05,76,9.98
2025-11-06,76,12.37
2025-11-11,76,9.71
2025-11-12,76,10.05
2025-11-13,76,9.44
2025-11-14,76,11.04
2025-11-17,76,8.91
2025-11-19,76,8.71
2025-11-20,76,12.96
2025-11-24,76,11.9
2025-11-26,76,9.53
2025-11-27,76,8.86
2025-11-29,76,10.88
2025-12-01,76,12.12
2025-12-02,76,10.6
2025-12-05,76,13.01
2025-12-09,76,10.0
2025-12-11,76,13.11
2025-12-12,76,11.86
2025-12-17,76,8.19
2025-12-20,76,9.74
2025-12-23,76,8.8
2025-12-24,76,12.52
2025-12-26,76,8.6
2025-12-28,76,8.12
2025-01-02,77,17.92
2025-01-04,77,12.34
2025-01-05,77,14.14
2025-01-10,77,14.9
2025-01-11,77,11.55
2025-01-13,77,16.56
2025-01-14,77,16.85
2025-01-15,77,15.27
2025-01-16,77,13.35
2025-01-17,77,11.21
2025-01-19,77,20.04
2025-01-20,77,20.35
2025-01-21,77,16.13
2025-01-24,77,11.44
2025-01-26,77,16.94
2025-01-28,77,13.94
2025-01-29,77,11.46
2025-01-31,77,15.63
2025-02-01,77,13.47
2025-02-03,77,14.69
2025-02-04,77,13.04
2025-02-06,77,16.97
2025-02-07,77,17.28
2025-02-10,77,13.16
2025-02-11,77,16.14
2025-02-13,77,18.47
2025-02-14,77,11.95
2025-02-17,77,13.79
2025-02-21,77,18.31
2025-02-24,77,12.6
2025-02-26,77,11.24
2025-03-03,77,13.84
2025-03-05,77,19.81
2025-03-06,77,17.83
2025-03-07,77,16.11
2025-03-09,77,17.71
2025-03-10,77,18.95
2025-03-13,77,16.83
2025-03-16,77,18.64
2025-03-17,77,18.79
2025-03-21,77,19.6
2025-03-23,77,20.25
2025-03-24,77,17.19
2025-03-25,77,12.26
2025-03-26,77,16.52
2025-03-27,77,14.19
2025-03-28,77,18.83
2025-03-31,77,20.14
2025-04-02,77,11.27
2025-04-07,77,14.21
2025-04-08,77,12.18
2025-04-09,77,17.0
2025-04-11,77,13.84
2025-04-15,77,15.88
2025-04-16,77,16.26
2025-04-17,77,15.64
2025-04-18,77,18.01
2025-04-23,77,15.83
2025-04-25,77,15.47
2025-04-26,77,18.41
2025-04-27,77,17.26
2025-04-28,77,14.45
2025-04-29,77,16.65
2025-04-30,77,13.87
2025-05-01,77,13.76
2025-05-02,77,18.87
2025-05-04,77,12.76
2025-05-05,77,18.79
2025-05-07,77,19.09
2025-05-12,77,11.75
2025-05-14,77,14.44
2025-05-15,77,18.06
2025-05-16,77,13.16
2025-05-19,77,17.02
2025-05-20,77,12.75
2025-05-21,77,19.31
2025-05-26,77,13.31
2025-05-30,77,19.81
2025-05-31,77,13.64
2025-06-02,77,13.5
2025-06-05,77,15.68
2025-06-10,77,16.48
2025-06-11,77,11.46
2025-06-12,77,13.17
2025-06-13,77,15.55
2025-06-16,77,16.48
2025-06-17,77,16.6
2025-06-20,77,18.38
2025-06-25,77,18.04
2025-06-29,77,15.46
2025-06-30,77,14.88
2025-07-01,77,19.19
2025-07-04,77,14.93
2025-07-08,77,15.73
2025-07-09,77,11.72
2025-07-11,77,20.46
2025-07-14,77,12.44
2025-07-15,77,20.09
2025-07-16,77,16.08
2025-07-17,77,18.71
2025-07-19,77,17.12
2025-07-21,77,13.94
2025-07-22,77,20.7
2025-07-23,77,14.8
2025-07-24,77,20.32
2025-07-26,77,11.77
2025-07-29,77,17.19
2025-07-30,77,18.77
2025-07-31,77,14.88
2025-08-01,77,13.62
2025-08-02,77,11.43
2025-08-03,77,19.22
2025-08-05,77,17.61
2025-08-07,77,12.05
2025-08-08,77,14.79
2025-08-11,77,17.76
2025-08-12,77,14.2
2025-08-15,77,12.06
2025-08-19,77,12.39
2025-08-21,77,12.1
2025-08-22,77,13.03
2025-08-27,77,16.13
2025-08-30,77,16.96
2025-09-01,77,16.17
2025-09-02,77,16.79
2025-09-04,77,12.23
2025-09-05,77,17.31
2025-09-08,77,14.7
2025-09-09,77,15.62
2025-09-10,77,14.2
2025-09-11,77,18.91
2025-09-12,77,14.75
2025-09-13,77,18.27
2025-09-15,77,11.93
2025-09-16,77,18.75
2025-09-19,77,11.78
2025-09-21,77,18.02
2025-09-23,77,14.35
2025-09-24,77,19.43
2025-09-25,77,20.55
2025-09-28,77,20.34
2025-09-30,77,14.92
2025-10-01,77,12.48
2025-10-02,77,20.79
2025-10-06,77,12.05
2025-10-07,77,20.0
2025-10-08,77,17.91
2025-10-10,77,20.56
2025-10-11,77,18.74
2025-10-15,77,14.15
2025-10-17,77,14.83
2025-10-26,77,14.55
2025-10-28,77,17.41
2025-10-29,77,20.05
2025-11-01,77,11.44
2025-11-02,77,14.29
2025-11-03,77,14.75
2025-11-04,77,18.42
2025-11-06,77,20.38
2025-11-07,77,12.22
2025-11-08,77,20.63
2025-11-11,77,19.32
2025-11-12,77,18.25
2025-11-16,77,17.03
2025-11-18,77,18.22
2025-11-19,77,12.9
2025-11-21,77,13.3
2025-11-25,77,20.37
2025-11-26,77,17.92
2025-11-27,77,15.79
2025-11-28,77,16.59
2025-12-01,77,17.95
2025-12-02,77,19.06
2025-12-04,77,17.6
2025-12-06,77,15.94
2025-12-08,77,17.45
2025-12-09,77,19.89
2025-12-12,77,11.53
2025-12-17,77,18.21
2025-12-22,77,18.46
2025-12-24,77,15.75
2025-12-31,77,20.42
2025-01-01,78,11.61
2025-01-02,78,9.62
2025-01-06,78,12.54
2025-01-08,78,13.86
2025-01-13,78,15.02
2025-01-14,78,15.34
2025-01-15,78,9.45
2025-01-19,78,14.73
2025-01-20,78,11.79
2025-01-23,78,12.14
2025-01-29,78,8.52
2025-01-30,78,14.08
2025-01-31,78,14.26
2025-02-03,78,9.04
2025-02-06,78,12.65
2025-02-08,78,13.21
2025-02-11,78,13.89
2025-02-12,78,11.09
2025-02-13,78,13.89
2025-02-14,78,9.67
2025-02-17,78,13.23
2025-02-19,78,13.05
2025-02-20,78,11.05
2025-02-21,78,11.19
2025-02-24,78,12.01
2025-02-25,78,9.43
2025-02-26,78,9.85
2025-03-03,78,13.52
2025-03-05,78,14.93
2025-03-06,78,12.02
2025-03-07,78,14.43
2025-03-10,78,13.29
2025-03-11,78,11.91
2025-03-13,78,8.9
2025-03-14,78,11.49
2025-03-15,78,11.22
2025-03-17,78,9.06
2025-03-25,78,8.97
2025-03-27,78,14.96
2025-04-01,78,14.76
2025-04-02,78,15.45
2025-04-03,78,13.74
2025-04-04,78,11.51
2025-04-06,78,11.59
2025-04-07,78,11.99
2025-04-08,78,14.05
2025-04-09,78,9.0
2025-04-10,78,14.79
2025-04-15,78,9.62
2025-04-16,78,10.04
2025-04-18,78,12.71
2025-04-19,78,14.1
2025-04-21,78,15.58
2025-04-22,78,11.24
2025-04-25,78,13.69
2025-04-28,78,13.28
2025-04-29,78,11.17
2025-05-01,78,9.08
2025-05-02,78,12.92
2025-05-06,78,15.51
2025-05-08,78,10.32
2025-05-09,78,9.73
2025-05-12,78,9.32
2025-05-13,78,8.73
2025-05-14,78,10.8
2025-05-16,78,15.07
2025-05-17,78,12.86
2025-05-18,78,14.35
2025-05-19,78,15.26
2025-05-20,78,10.14
2025-05-21,78,13.84
2025-05-23,78,13.85
2025-05-27,78,11.58
2025-05-29,78,14.69
2025-06-01,78,10.16
2025-06-02,78,15.48
2025-06-03,78,11.04
2025-06-04,78,8.69
2025-06-05,78,9.11
2025-06-06,78,15.36
2025-06-09,78,14.24
2025-06-12,78,14.73
2025-06-13,78,11.26
2025-06-16,78,9.19
2025-06-18,78,8.42
2025-06-19,78,12.12
2025-06-20,78,9.49
2025-06-23,78,12.58
2025-06-24,78,12.31
2025-06-25,78,8.75
2025-06-26,78,9.3
2025-06-27,78,14.93
2025-07-01,78,13.65
2025-07-02,78,14.63
2025-07-04,78,11.81
2025-07-09,78,10.38
2025-07-10,78,15.52
2025-07-15,78,15.13
2025-07-16,78,9.07
2025-07-17,78,12.73
2025-07-18,78,13.43
2025-07-22,78,10.23
2025-07-23,78,10.51
2025-07-26,78,14.32
2025-07-29,78,13.6
2025-07-30,78,8.9
2025-07-31,78,9.28
2025-08-01,78,10.27
2025-08-05,78,15.16
2025-08-07,78,13.21
2025-08-09,78,13.81
2025-08-19,78,14.38
2025-08-20,78,12.46
2025-08-21,78,10.89
2025-08-22,78,14.56
2025-08-27,78,12.37
2025-08-28,78,15.14
2025-08-29,78,15.5
2025-08-31,78,9.78
2025-09-01,78,13.08
2025-09-02,78,11.11
2025-09-03,78,14.44
2025-09-08,78,10.49
2025-09-09,78,12.34
2025-09-12,78,12.14
2025-09-15,78,11.74
2025-09-18,78,8.4
2025-09-19,78,14.64
2025-09-22,78,12.79
2025-09-24,78,10.94
2025-09-25,78,14.41
2025-09-26,78,12.95
2025-10-02,78,13.6
2025-10-03,78,14.84
2025-10-04,78,13.01
2025-10-06,78,8.69
2025-10-07,78,10.36
2025-10-10,78,10.48
2025-10-12,78,15.57
2025-10-13,78,13.72
2025-10-14,78,9.38
2025-10-15,78,13.26
2025-10-16,78,12.75
2025-10-17,78,11.63
2025-10-20,78,11.72
2025-10-24,78,10.36
2025-10-25,78,9.38
2025-10-27,78,9.94
2025-10-28,78,10.56
2025-10-29,78,10.4
2025-10-31,78,9.64
2025-11-01,78,12.0
2025-11-03,78,12.3
2025-11-05,78,14.72
2025-11-07,78,11.0
2025-11-11,78,10.41
2025-11-13,78,12.34
2025-11-15,78,14.56
2025-11-17,78,12.91
2025-11-19,78,9.21
2025-11-20,78,14.97
2025-11-21,78,9.02
2025-11-23,78,9.01
2025-11-24,78,12.06
2025-11-25,78,13.13
2025-11-27,78,13.03
2025-11-28,78,11.58
2025-12-01,78,8.96
2025-12-02,78,12.27
2025-12-03,78,15.43
2025-12-04,78,14.8
2025-12-05,78,9.77
2025-12-08,78,10.15
2025-12-09,78,14.2
2025-12-10,78,12.99
2025-12-12,78,13.48
2025-12-15,78,14.4
2025-12-16,78,12.85
2025-12-17,78,9.48
2025-12-19,78,10.82
2025-12-22,78,14.71
2025-12-23,78,12.76
2025-12-24,78,10.69
2025-12-30,78,12.22
2025-01-03,79,25.55
2025-01-04,79,30.71
2025-01-06,79,34.11
2025-01-07,79,30.81
2025-01-08,79,32.33
2025-01-12,79,28.15
2025-01-13,79,33.96
2025-01-14,79,25.56
2025-01-15,79,26.67
2025-01-17,79,43.67
2025-01-20,79,32.17
2025-01-21,79,26.9
2025-01-22,79,34.58
2025-01-23,79,29.77
2025-01-27,79,24.37
2025-01-28,79,42.56
2025-01-30,79,38.67
2025-02-03,79,33.23
2025-02-04,79,36.68
2025-02-07,79,27.25
2025-02-09,79,27.04
2025-02-11,79,40.23
2025-02-12,79,30.53
2025-02-13,79,37.11
2025-02-15,79,28.98
2025-02-16,79,39.05
2025-02-17,79,26.91
2025-02-18,79,40.76
2025-02-19,79,24.41
2025-02-20,79,31.28
2025-02-21,79,31.92
2025-02-25,79,26.95
2025-02-27,79,43.43
2025-03-02,79,24.43
2025-03-05,79,37.85
2025-03-06,79,35.6
2025-03-07,79,33.09
2025-03-08,79,37.44
2025-03-12,79,30.49
2025-03-13,79,28.93
2025-03-17,79,39.57
2025-03-18,79,29.94
2025-03-19,79,27.59
2025-03-20,79,36.59
2025-03-21,79,25.04
2025-03-24,79,33.03
2025-03-25,79,39.47
2025-04-02,79,37.08
2025-04-03,79,37.98
2025-04-07,79,42.23
2025-04-10,79,35.21
2025-04-11,79,29.92
2025-04-13,79,43.3
2025-04-16,79,29.88
2025-04-17,79,29.93
2025-04-21,79,42.01
2025-04-22,79,43.5
2025-04-25,79,28.63
2025-04-27,79,41.18
2025-04-29,79,29.4
2025-05-05,79,24.29
2025-05-06,79,42.56
2025-05-07,79,28.48
2025-05-12,79,25.76
2025-05-14,79,41.81
2025-05-15,79,38.73
2025-05-20,79,24.37
2025-05-22,79,29.02
2025-05-27,79,42.73
2025-05-29,79,43.74
2025-05-30,79,43.68
2025-06-02,79,29.41
2025-06-03,79,25.99
2025-06-08,79,34.76
2025-06-09,79,24.01
2025-06-13,79,40.51
2025-06-15,79,43.41
2025-06-16,79,27.22
2025-06-17,79,27.21
2025-06-18,79,36.74
2025-06-21,79,42.07
2025-06-23,79,35.08
2025-06-24,79,37.43
2025-06-27,79,25.68
2025-06-30,79,43.39
2025-07-01,79,34.75
2025-07-02,79,42.56
2025-07-07,79,39.05
2025-07-08,79,44.1
2025-07-10,79,31.59
2025-07-12,79,26.71
2025-07-16,79,41.64
2025-07-17,79,28.65
2025-07-21,79,38.06
2025-07-22,79,40.54
2025-07-25,79,41.08
2025-07-27,79,42.19
2025-07-29,79,28.83
2025-07-30,79,43.45
2025-08-01,79,33.32
2025-08-04,79,30.71
2025-08-11,79,37.73
2025-08-12,79,30.6
2025-08-15,79,34.48
2025-08-18,79,37.91
2025-08-21,79,25.5
2025-08-25,79,36.96
2025-08-26,79,32.35
2025-08-27,79,37.76
2025-08-29,79,29.78
2025-09-01,79,27.88
2025-09-02,79,30.43
2025-09-08,79,27.83
2025-09-10,79,43.94
2025-09-11,79,31.5
2025-09-12,79,42.53
2025-09-14,79,29.48
2025-09-16,79,25.67
2025-09-17,79,25.51
2025-09-18,79,30.38
2025-09-19,79,33.75
2025-09-20,79,32.83
2025-09-26,79,34.14
2025-09-29,79,28.36
2025-10-01,79,33.03
2025-10-02,79,27.34
2025-10-06,79,38.39
2025-10-07,79,43.52
2025-10-08,79,39.62
2025-10-13,79,34.09
2025-10-14,79,42.24
2025-10-15,79,25.58
2025-10-16,79,34.27
2025-10-19,79,29.85
2025-10-21,79,44.08
2025-10-25,79,43.03
2025-10-26,79,34.94
2025-10-27,79,34.25
2025-10-28,79,39.73
2025-10-31,79,34.98
2025-11-05,79,31.72
2025-11-08,79,24.77
2025-11-11,79,39.45
2025-11-12,79,30.65
2025-11-13,79,42.86
2025-11-14,79,29.5
2025-11-17,79,31.03
2025-11-18,79,35.06
2025-11-19,79,39.7
2025-11-20,79,42.53
2025-11-21,79,41.4
2025-11-24,79,31.7
2025-11-28,79,28.22
2025-12-01,79,43.55
2025-12-03,79,24.2
2025-12-04,79,37.78
2025-12-08,79,27.21
2025-12-11,79,27.23
2025-12-12,79,24.79
2025-12-13,79,31.56
2025-12-14,79,38.83
2025-12-19,79,26.79
2025-12-22,79,35.53
2025-12-23,79,41.88
2025-12-25,79,24.4
2025-12-26,79,42.43
2025-12-27,79,32.68
2025-12-28,79,31.42
2025-12-30,79,39.62
2025-01-06,80,19.5
2025-01-07,80,20.87
2025-01-09,80,22.96
2025-01-10,80,14.31
2025-01-13,80,20.18
2025-01-14,80,14.63
2025-01-16,80,23.53
2025-01-17,80,19.73
2025-01-21,80,14.58
2025-01-23,80,24.91
2025-01-24,80,18.93
2025-01-27,80,25.3
2025-01-28,80,24.09
2025-01-29,80,23.26
2025-01-30,80,23.59
2025-01-31,80,19.39
2025-02-01,80,22.9
2025-02-02,80,16.31
2025-02-03,80,14.08
2025-02-05,80,15.79
2025-02-06,80,19.99
2025-02-07,80,18.41
2025-02-11,80,24.42
2025-02-12,80,22.66
2025-02-13,80,17.53
2025-02-17,80,14.71
2025-02-20,80,23.18
2025-02-21,80,22.77
2025-02-24,80,25.59
2025-02-27,80,17.48
2025-02-28,80,24.15
2025-03-05,80,18.89
2025-03-06,80,22.39
2025-03-10,80,21.93
2025-03-13,80,25.04
2025-03-17,80,24.32
2025-03-18,80,14.46
2025-03-20,80,17.3
2025-03-22,80,25.35
2025-03-23,80,18.52
2025-03-24,80,22.77
2025-03-25,80,25.83
2025-03-28,80,19.72
2025-03-31,80,19.82
2025-04-02,80,18.86
2025-04-05,80,15.84
2025-04-06,80,15.02
2025-04-07,80,16.75
2025-04-08,80,17.93
2025-04-09,80,25.3
2025-04-10,80,18.66
2025-04-11,80,20.59
2025-04-14,80,24.26
2025-04-16,80,16.95
2025-04-20,80,24.43
2025-04-21,80,22.37
2025-04-22,80,14.23
2025-04-23,80,21.88
2025-04-24,80,23.17
2025-04-25,80,20.4
2025-04-29,80,16.31
2025-05-01,80,19.72
2025-05-02,80,25.94
2025-05-04,80,20.61
2025-05-06,80,19.24
2025-05-07,80,14.35
2025-05-09,80,20.37
2025-05-13,80,24.86
2025-05-14,80,23.44
2025-05-15,80,16.77
2025-05-16,80,17.61
2025-05-20,80,25.46
2025-05-21,80,21.28
2025-05-23,80,21.83
2025-05-24,80,15.22
2025-05-26,80,19.32
2025-05-27,80,19.05
2025-05-28,80,23.06
2025-05-29,80,24.05
2025-06-02,80,17.17
2025-06-03,80,18.58
2025-06-05,80,23.97
2025-06-07,80,25.34
2025-06-10,80,16.64
2025-06-11,80,21.37
2025-06-12,80,22.5
2025-06-14,80,18.86
2025-06-16,80,18.16
2025-06-17,80,17.99
2025-06-18,80,15.2
2025-06-19,80,20.9
2025-06-20,80,14.21
2025-06-23,80,24.38
2025-06-24,80,16.73
2025-06-26,80,24.55
2025-06-29,80,14.99
2025-06-30,80,24.69
2025-07-01,80,14.39
2025-07-02,80,16.5
2025-07-03,80,15.93
2025-07-05,80,19.27
2025-07-06,80,20.63
2025-07-07,80,14.34
2025-07-08,80,20.85
2025-07-09,80,23.19
2025-07-10,80,22.99
2025-07-11,80,24.43
2025-07-13,80,23.87
2025-07-16,80,21.09
2025-07-17,80,22.05
2025-07-21,80,17.59
2025-07-22,80,14.46
2025-07-23,80,16.08
2025-07-24,80,19.53
2025-07-28,80,24.23
2025-07-29,80,25.79
2025-07-30,80,16.23
2025-07-31,80,14.18
2025-08-01,80,18.02
2025-08-03,80,22.11
2025-08-05,80,17.56
2025-08-06,80,14.19
2025-08-10,80,16.48
2025-08-12,80,25.55
2025-08-15,80,16.77
2025-08-18,80,22.48
2025-08-21,80,16.03
2025-08-22,80,19.91
2025-08-25,80,17.45
2025-08-26,80,19.73
2025-08-27,80,18.43
2025-09-01,80,22.9
2025-09-02,80,16.65
2025-09-03,80,18.63
2025-09-08,80,20.24
2025-09-10,80,15.06
2025-09-12,80,15.17
2025-09-14,80,21.55
2025-09-16,80,25.57
2025-09-18,80,22.98
2025-09-19,80,23.0
2025-09-21,80,21.94
2025-09-23,80,14.96
2025-09-24,80,15.32
2025-09-25,80,17.92
2025-09-26,80,15.32
2025-09-30,80,23.24
2025-10-06,80,19.85
2025-10-07,80,25.98
2025-10-08,80,25.5
2025-10-10,80,15.42
2025-10-11,80,22.08
2025-10-14,80,15.87
2025-10-15,80,17.12
2025-10-17,80,20.57
2025-10-21,80,18.02
2025-10-23,80,21.72
2025-10-29,80,22.46
2025-10-30,80,23.82
2025-10-31,80,25.25
2025-11-03,80,18.17
2025-11-04,80,14.82
2025-11-05,80,19.5
2025-11-06,80,14.17
2025-11-07,80,15.74
2025-11-08,80,15.45
2025-11-10,80,17.08
2025-11-11,80,16.01
2025-11-12,80,18.11
2025-11-17,80,25.36
2025-11-18,80,20.67
2025-11-19,80,20.55
2025-11-20,80,23.41
2025-11-22,80,23.61
2025-11-23,80,16.37
2025-11-25,80,19.56
2025-11-26,80,20.65
2025-11-27,80,24.99
2025-11-29,80,18.25
2025-12-02,80,20.71
2025-12-03,80,21.02
2025-12-05,80,25.64
2025-12-06,80,19.37
2025-12-07,80,20.6
2025-12-08,80,17.0
2025-12-10,80,18.97
2025-12-11,80,15.39
2025-12-12,80,18.04
2025-12-15,80,21.29
2025-12-16,80,17.8
2025-12-17,80,14.89
2025-12-18,80,17.72
2025-12-21,80,15.23
2025-12-22,80,15.09
2025-12-25,80,18.83
2025-12-26,80,21.73
2025-12-27,80,25.44
2025-12-30,80,21.05
2025-01-03,81,22.03
2025-01-08,81,21.55
2025-01-11,81,20.48
2025-01-13,81,21.94
2025-01-14,81,15.95
2025-01-15,81,15.06
2025-01-16,81,21.39
2025-01-20,81,16.98
2025-01-22,81,14.62
2025-01-27,81,20.66
2025-01-28,81,19.62
2025-01-29,81,14.41
2025-01-31,81,14.24
2025-02-04,81,15.79
2025-02-05,81,21.22
2025-02-06,81,18.95
2025-02-07,81,15.75
2025-02-12,81,16.69
2025-02-13,81,13.38
2025-02-14,81,15.12
2025-02-18,81,18.68
2025-02-19,81,18.88
2025-02-20,81,14.52
2025-02-21,81,20.56
2025-02-24,81,19.65
2025-02-26,81,20.05
2025-02-27,81,21.09
2025-03-01,81,12.27
2025-03-05,81,18.17
2025-03-10,81,16.1
2025-03-12,81,15.89
2025-03-14,81,20.59
2025-03-15,81,14.7
2025-03-20,81,17.16
2025-03-21,81,21.63
2025-03-24,81,15.89
2025-03-25,81,17.35
2025-03-26,81,12.64
2025-03-27,81,17.73
2025-03-29,81,16.83
2025-04-01,81,18.8
2025-04-02,81,13.52
2025-04-03,81,15.25
2025-04-07,81,14.11
2025-04-08,81,14.7
2025-04-09,81,13.52
2025-04-11,81,18.18
2025-04-12,81,20.45
2025-04-14,81,16.51
2025-04-17,81,13.83
2025-04-18,81,20.45
2025-04-21,81,19.54
2025-04-22,81,16.02
2025-04-23,81,13.15
2025-04-24,81,20.33
2025-04-28,81,13.3
2025-04-29,81,21.64
2025-04-30,81,20.17
2025-05-01,81,15.96
2025-05-02,81,20.64
2025-05-03,81,21.08
2025-05-04,81,12.0
2025-05-05,81,20.91
2025-05-06,81,15.52
2025-05-07,81,12.28
2025-05-08,81,22.08
2025-05-10,81,20.92
2025-05-12,81,18.43
2025-05-13,81,20.87
2025-05-15,81,17.72
2025-05-16,81,16.71
2025-05-19,81,19.38
2025-05-21,81,17.71
2025-05-23,81,21.2
2025-05-24,81,20.4
2025-05-26,81,20.77
2025-05-30,81,20.82
2025-06-04,81,16.54
2025-06-06,81,12.86
2025-06-09,81,19.99
2025-06-10,81,18.77
2025-06-11,81,17.57
2025-06-12,81,21.55
2025-06-13,81,12.0
2025-06-14,81,13.64
2025-06-17,81,20.48
2025-06-18,81,20.68
2025-06-19,81,21.43
2025-06-24,81,14.23
2025-06-25,81,20.79
2025-06-27,81,13.49
2025-06-30,81,15.81
2025-07-01,81,13.58
2025-07-04,81,21.54
2025-07-08,81,12.76
2025-07-09,81,12.41
2025-07-12,81,12.38
2025-07-13,81,21.39
2025-07-17,81,14.52
2025-07-18,81,18.07
2025-07-20,81,16.35
2025-07-22,81,12.67
2025-07-23,81,13.58
2025-07-25,81,20.92
2025-07-26,81,18.0
2025-07-28,81,15.81
2025-07-29,81,15.41
2025-07-31,81,12.18
2025-08-03,81,16.54
2025-08-04,81,12.18
2025-08-05,81,19.61
2025-08-06,81,20.51
2025-08-07,81,19.81
2025-08-08,81,18.38
2025-08-12,81,21.59
2025-08-14,81,22.01
2025-08-15,81,16.0
2025-08-18,81,19.48
2025-08-19,81,19.72
2025-08-20,81,15.33
2025-08-21,81,16.92
2025-08-25,81,14.9
2025-08-26,81,12.6
2025-08-27,81,16.57
2025-08-28,81,17.14
2025-09-01,81,19.91
2025-09-02,81,15.28
2025-09-04,81,14.85
2025-09-05,81,20.63
2025-09-06,81,12.88
2025-09-08,81,20.5
2025-09-10,81,12.06
2025-09-12,81,15.36
2025-09-15,81,15.33
2025-09-18,81,20.66
2025-09-20,81,17.45
2025-09-23,81,16.94
2025-09-24,81,19.04
2025-09-25,81,14.89
2025-09-28,81,21.47
2025-09-29,81,13.42
2025-10-01,81,15.25
2025-10-03,81,14.32
2025-10-04,81,14.87
2025-10-07,81,13.81
2025-10-08,81,15.92
2025-10-11,81,14.03
2025-10-12,81,20.35
2025-10-13,81,15.66
2025-10-16,81,13.21
2025-10-17,81,13.04
2025-10-20,81,12.9
2025-10-22,81,12.83
2025-10-26,81,12.93
2025-10-27,81,19.76
2025-10-29,81,19.71
2025-10-31,81,19.1
2025-11-04,81,13.13
2025-11-05,81,20.02
2025-11-10,81,17.67
2025-11-11,81,14.64
2025-11-17,81,20.18
2025-11-18,81,14.34
2025-11-19,81,14.85
2025-11-20,81,18.97
2025-11-24,81,15.59
2025-11-25,81,16.64
2025-11-27,81,20.73
2025-11-28,81,16.62
2025-12-07,81,19.72
2025-12-10,81,21.0
2025-12-12,81,14.01
2025-12-15,81,16.21
2025-12-16,81,21.0
2025-12-17,81,15.5
2025-12-18,81,20.81
2025-12-20,81,20.32
2025-12-22,81,18.2
2025-12-26,81,18.77
2025-12-27,81,20.19
2025-12-29,81,19.13
2025-12-30,81,19.72
2025-12-31,81,17.2
2025-01-01,82,12.06
2025-01-02,82,12.25
2025-01-03,82,14.97
2025-01-07,82,13.7
2025-01-09,82,14.36
2025-01-13,82,14.7
2025-01-14,82,14.39
2025-01-15,82,14.75
2025-01-16,82,12.39
2025-01-20,82,13.83
2025-01-24,82,16.06
2025-01-26,82,13.55
2025-01-27,82,16.67
2025-01-28,82,18.36
2025-01-29,82,18.22
2025-01-30,82,11.88
2025-02-03,82,15.24
2025-02-04,82,11.91
2025-02-05,82,11.07
2025-02-07,82,16.16
2025-02-09,82,19.49
2025-02-10,82,18.65
2025-02-14,82,11.59
2025-02-19,82,10.65
2025-02-20,82,15.6
2025-02-21,82,16.42
2025-02-23,82,15.87
2025-02-25,82,19.08
2025-02-26,82,14.16
2025-02-28,82,14.32
2025-03-03,82,14.6
2025-03-04,82,16.15
2025-03-05,82,16.36
2025-03-07,82,12.72
2025-03-09,82,16.65
2025-03-11,82,18.46
2025-03-12,82,11.64
2025-03-13,82,15.36
2025-03-14,82,18.16
2025-03-17,82,16.52
2025-03-19,82,11.72
2025-03-20,82,19.15
2025-03-24,82,14.51
2025-03-25,82,13.34
2025-03-29,82,14.07
2025-03-31,82,11.88
2025-04-01,82,13.95
2025-04-03,82,18.25
2025-04-05,82,16.94
2025-04-07,82,18.37
2025-04-08,82,13.61
2025-04-09,82,12.3
2025-04-10,82,14.35
2025-04-11,82,18.75
2025-04-13,82,12.11
2025-04-15,82,19.07
2025-04-17,82,11.59
2025-04-18,82,16.49
2025-04-19,82,15.92
2025-04-24,82,12.33
2025-04-25,82,11.8
2025-04-27,82,16.46
2025-04-30,82,14.88
2025-05-01,82,18.75
2025-05-02,82,10.98
2025-05-05,82,19.48
2025-05-08,82,12.66
2025-05-14,82,12.5
2025-05-15,82,19.41
2025-05-16,82,16.06
2025-05-18,82,15.8
2025-05-19,82,18.19
2025-05-22,82,10.81
2025-05-25,82,11.33
2025-05-26,82,11.85
2025-05-27,82,17.05
2025-05-28,82,18.63
2025-05-29,82,14.95
2025-05-30,82,18.38
2025-06-02,82,13.01
2025-06-06,82,14.78
2025-06-09,82,13.32
2025-06-11,82,14.82
2025-06-12,82,11.81
2025-06-13,82,17.0
2025-06-29,82,18.71
2025-06-30,82,11.95
2025-07-02,82,12.16
2025-07-03,82,10.81
2025-07-04,82,15.83
2025-07-09,82,16.39
2025-07-10,82,16.28
2025-07-11,82,19.3
2025-07-12,82,15.05
2025-07-15,82,13.26
2025-07-16,82,12.14
2025-07-18,82,17.46
2025-07-20,82,11.99
2025-07-23,82,16.83
2025-07-25,82,15.51
2025-07-27,82,14.1
2025-07-29,82,14.15
2025-07-30,82,14.63
2025-07-31,82,16.01
2025-08-01,82,17.77
2025-08-02,82,16.2
2025-08-06,82,16.59
2025-08-07,82,11.62
2025-08-09,82,12.55
2025-08-10,82,14.73
2025-08-12,82,15.38
2025-08-13,82,13.52
2025-08-14,82,15.53
2025-08-15,82,18.16
2025-08-16,82,11.27
2025-08-21,82,16.16
2025-08-22,82,17.32
2025-08-26,82,14.8
2025-08-27,82,17.21
2025-08-28,82,13.83
2025-09-01,82,17.06
2025-09-03,82,12.43
2025-09-08,82,16.12
2025-09-09,82,16.52
2025-09-10,82,11.72
2025-09-11,82,12.83
2025-09-16,82,18.78
2025-09-22,82,14.61
2025-09-23,82,16.04
2025-09-24,82,10.79
2025-09-25,82,12.2
2025-09-29,82,12.14
2025-10-02,82,17.72
2025-10-04,82,18.75
2025-10-07,82,12.62
2025-10-09,82,18.44
2025-10-10,82,16.57
2025-10-13,82,14.18
2025-10-16,82,14.07
2025-10-17,82,12.77
2025-10-19,82,16.84
2025-10-20,82,12.68
2025-10-21,82,17.97
2025-10-22,82,11.6
2025-10-23,82,17.5
2025-10-24,82,18.88
2025-10-27,82,14.61
2025-10-29,82,11.44
2025-10-30,82,16.11
2025-11-03,82,14.92
2025-11-07,82,14.97
2025-11-10,82,11.95
2025-11-11,82,13.78
2025-11-12,82,12.57
2025-11-14,82,16.86
2025-11-17,82,11.92
2025-11-20,82,11.16
2025-11-22,82,12.75
2025-11-25,82,19.09
2025-11-26,82,11.15
2025-11-28,82,15.65
2025-11-30,82,16.41
2025-12-01,82,12.95
2025-12-08,82,13.73
2025-12-09,82,15.46
2025-12-11,82,19.09
2025-12-12,82,13.85
2025-12-15,82,13.31
2025-12-16,82,18.06
2025-12-18,82,11.42
2025-12-19,82,12.09
2025-12-20,82,12.61
2025-12-22,82,15.54
2025-12-23,82,17.83
2025-12-25,82,10.95
2025-12-26,82,11.42
2025-12-29,82,12.69
2025-12-31,82,12.55
2025-01-01,83,5.15
2025-01-02,83,5.73
2025-01-03,83,4.86
2025-01-06,83,4.45
2025-01-08,83,7.39
2025-01-10,83,5.05
2025-01-14,83,5.63
2025-01-15,83,5.2
2025-01-19,83,6.17
2025-01-20,83,7.54
2025-01-22,83,4.27
2025-01-27,83,4.75
2025-01-28,83,6.35
2025-01-31,83,4.55
2025-02-04,83,5.8
2025-02-05,83,7.02
2025-02-06,83,7.51
2025-02-10,83,6.28
2025-02-11,83,6.14
2025-02-12,83,7.49
2025-02-18,83,4.81
2025-02-19,83,6.32
2025-02-20,83,6.81
2025-02-21,83,7.48
2025-02-24,83,6.4
2025-02-25,83,4.72
2025-02-26,83,7.77
2025-02-27,83,5.15
2025-02-28,83,7.06
2025-03-01,83,6.84
2025-03-02,83,7.19
2025-03-04,83,7.16
2025-03-07,83,6.43
2025-03-08,83,7.16
2025-03-11,83,4.67
2025-03-13,83,5.08
2025-03-15,83,5.55
2025-03-17,83,5.8
2025-03-22,83,4.56
2025-03-28,83,7.61
2025-03-31,83,6.9
2025-04-04,83,7.6
2025-04-06,83,6.43
2025-04-07,83,6.21
2025-04-15,83,5.46
2025-04-17,83,7.65
2025-04-18,83,6.47
2025-04-20,83,7.16
2025-04-21,83,5.38
2025-04-26,83,6.9
2025-04-29,83,7.33
2025-05-01,83,4.31
2025-05-02,83,7.03
2025-05-05,83,4.29
2025-05-07,83,6.54
2025-05-08,83,5.27
2025-05-09,83,7.28
2025-05-10,83,7.01
2025-05-12,83,7.36
2025-05-13,83,7.77
2025-05-15,83,5.83
2025-05-16,83,6.1
2025-05-19,83,6.25
2025-05-22,83,4.82
2025-05-23,83,4.98
2025-05-26,83,7.15
2025-05-27,83,6.41
2025-05-28,83,4.75
2025-05-29,83,5.27
2025-06-02,83,7.58
2025-06-03,83,5.48
2025-06-04,83,4.95
2025-06-05,83,7.61
2025-06-06,83,5.77
2025-06-07,83,4.83
2025-06-09,83,5.09
2025-06-11,83,4.23
2025-06-13,83,6.99
2025-06-16,83,7.32
2025-06-17,83,7.7
2025-06-18,83,7.18
2025-06-20,83,5.65
2025-06-24,83,6.21
2025-06-25,83,4.4
2025-06-26,83,5.88
2025-07-01,83,7.34
2025-07-02,83,7.55
2025-07-03,83,5.88
2025-07-07,83,5.38
2025-07-08,83,4.93
2025-07-09,83,7.24
2025-07-14,83,7.26
2025-07-15,83,6.22
2025-07-16,83,6.09
2025-07-21,83,4.39
2025-07-22,83,7.52
2025-07-23,83,6.96
2025-07-25,83,5.4
2025-07-27,83,4.24
2025-07-28,83,6.13
2025-07-31,83,4.42
2025-08-01,83,5.99
2025-08-04,83,4.75
2025-08-05,83,5.87
2025-08-11,83,5.05
2025-08-13,83,5.06
2025-08-14,83,4.98
2025-08-15,83,7.32
2025-08-18,83,7.16
2025-08-19,83,6.46
2025-08-20,83,7.13
2025-08-25,83,4.9
2025-08-26,83,4.43
2025-08-27,83,7.39
2025-08-28,83,6.95
2025-08-29,83,4.68
2025-09-01,83,4.94
2025-09-02,83,6.45
2025-09-03,83,5.13
2025-09-04,83,6.72
2025-09-05,83,6.39
2025-09-10,83,6.31
2025-09-15,83,6.14
2025-09-16,83,4.61
2025-09-17,83,4.21
2025-09-24,83,7.37
2025-09-28,83,7.45
2025-10-02,83,4.66
2025-10-04,83,4.54
2025-10-06,83,5.61
2025-10-07,83,7.36
2025-10-12,83,5.74
2025-10-13,83,4.62
2025-10-14,83,5.57
2025-10-15,83,4.81
2025-10-16,83,5.2
2025-10-17,83,4.59
2025-10-20,83,6.07
2025-10-22,83,4.37
2025-10-23,83,7.34
2025-10-25,83,4.27
2025-10-26,83,5.88
2025-10-27,83,7.7
2025-10-29,83,5.5
2025-10-30,83,6.26
2025-11-04,83,5.74
2025-11-06,83,5.95
2025-11-10,83,5.66
2025-11-11,83,5.41
2025-11-13,83,6.3
2025-11-14,83,5.48
2025-11-17,83,4.4
2025-11-18,83,6.31
2025-11-21,83,5.97
2025-11-22,83,7.23
2025-11-24,83,4.69
2025-11-25,83,5.08
2025-11-27,83,7.72
2025-12-01,83,6.68
2025-12-02,83,7.62
2025-12-03,83,6.46
2025-12-05,83,7.63
2025-12-06,83,6.31
2025-12-08,83,4.41
2025-12-09,83,5.35
2025-12-10,83,5.01
2025-12-11,83,4.51
2025-12-14,83,6.69
2025-12-16,83,7.22
2025-12-21,83,5.34
2025-12-22,83,4.61
2025-12-23,83,5.8
2025-12-24,83,4.92
2025-12-25,83,6.38
2025-12-26,83,5.69
2025-12-27,83,7.03
2025-12-29,83,4.71
2025-01-02,84,18.81
2025-01-04,84,28.03
2025-01-06,84,19.91
2025-01-07,84,19.06
2025-01-08,84,20.7
2025-01-09,84,19.11
2025-01-12,84,24.59
2025-01-15,84,22.94
2025-01-17,84,21.15
2025-01-20,84,26.9
2025-01-21,84,28.02
2025-01-23,84,26.49
2025-01-24,84,29.76
2025-01-25,84,23.52
2025-01-28,84,29.99
2025-01-29,84,27.01
2025-01-31,84,29.49
2025-02-04,84,17.92
2025-02-05,84,31.81
2025-02-06,84,30.1
2025-02-10,84,21.28
2025-02-12,84,31.1
2025-02-13,84,17.9
2025-02-14,84,30.82
2025-02-15,84,28.58
2025-02-16,84,24.98
2025-02-17,84,22.5
2025-02-18,84,25.84
2025-02-19,84,22.98
2025-02-20,84,19.54
2025-02-25,84,20.88
2025-02-26,84,29.52
2025-02-27,84,23.8
2025-02-28,84,21.23
2025-03-03,84,17.58
2025-03-04,84,31.66
2025-03-05,84,30.08
2025-03-06,84,29.9
2025-03-07,84,23.9
2025-03-10,84,23.75
2025-03-14,84,31.73
2025-03-18,84,24.99
2025-03-19,84,29.54
2025-03-20,84,20.66
2025-03-25,84,32.0
2025-03-26,84,26.44
2025-03-30,84,31.93
2025-03-31,84,20.05
2025-04-02,84,20.17
2025-04-03,84,32.41
2025-04-04,84,23.52
2025-04-07,84,19.96
2025-04-09,84,18.89
2025-04-10,84,19.89
2025-04-16,84,18.61
2025-04-18,84,29.05
2025-04-19,84,21.72
2025-04-21,84,31.87
2025-04-25,84,25.28
2025-04-27,84,30.45
2025-05-02,84,23.16
2025-05-06,84,30.5
2025-05-07,84,25.82
2025-05-08,84,27.15
2025-05-10,84,27.66
2025-05-15,84,19.38
2025-05-19,84,29.04
2025-05-20,84,24.52
2025-05-22,84,22.76
2025-05-23,84,30.99
2025-05-27,84,22.61
2025-05-28,84,27.89
2025-05-29,84,19.82
2025-06-01,84,31.81
2025-06-03,84,31.47
2025-06-05,84,20.52
2025-06-09,84,18.0
2025-06-10,84,18.88
2025-06-11,84,27.1
2025-06-12,84,23.15
2025-06-14,84,24.81
2025-06-16,84,28.08
2025-06-18,84,29.22
2025-06-19,84,19.81
2025-06-20,84,31.32
2025-06-24,84,27.31
2025-06-25,84,26.15
2025-06-27,84,31.16
2025-06-28,84,20.06
2025-07-01,84,31.4
2025-07-07,84,29.27
2025-07-08,84,29.32
2025-07-11,84,29.12
2025-07-12,84,31.93
2025-07-13,84,28.3
2025-07-14,84,28.54
2025-07-15,84,26.94
2025-07-16,84,32.0
2025-07-17,84,31.62
2025-07-18,84,21.37
2025-07-22,84,32.24
2025-07-24,84,26.06
2025-07-25,84,21.21
2025-07-26,84,30.69
2025-07-29,84,19.69
2025-07-30,84,30.4
2025-07-31,84,18.81
2025-08-01,84,23.0
2025-08-04,84,17.69
2025-08-06,84,30.02
2025-08-07,84,24.88
2025-08-08,84,30.92
2025-08-09,84,21.92
2025-08-11,84,18.1
2025-08-12,84,31.83
2025-08-13,84,22.52
2025-08-19,84,27.46
2025-08-20,84,19.4
2025-08-21,84,28.15
2025-08-25,84,28.18
2025-08-27,84,21.05
2025-08-29,84,25.9
2025-08-31,84,19.21
2025-09-03,84,20.63
2025-09-04,84,23.97
2025-09-06,84,28.31
2025-09-08,84,17.89
2025-09-11,84,26.45
2025-09-13,84,20.84
2025-09-14,84,32.46
2025-09-15,84,21.5
2025-09-16,84,32.25
2025-09-17,84,28.38
2025-09-18,84,29.25
2025-09-20,84,19.34
2025-09-22,84,29.25
2025-09-23,84,27.25
2025-09-24,84,23.24
2025-09-25,84,21.87
2025-09-26,84,25.06
2025-09-27,84,30.04
2025-10-02,84,22.22
2025-10-03,84,23.27
2025-10-07,84,31.85
2025-10-09,84,20.46
2025-10-14,84,25.08
2025-10-16,84,24.92
2025-10-17,84,27.66
2025-10-20,84,19.89
2025-10-23,84,18.64
2025-10-26,84,25.38
2025-10-28,84,32.42
2025-10-29,84,22.22
2025-10-30,84,28.68
2025-11-02,84,21.34
2025-11-03,84,26.96
2025-11-05,84,31.79
2025-11-07,84,19.03
2025-11-10,84,27.74
2025-11-11,84,17.54
2025-11-16,84,22.81
2025-11-19,84,23.31
2025-11-20,84,29.33
2025-11-24,84,21.43
2025-11-25,84,32.25
2025-11-26,84,22.36
2025-11-28,84,31.75
2025-12-02,84,23.54
2025-12-03,84,24.69
2025-12-04,84,31.08
2025-12-05,84,20.23
2025-12-06,84,28.58
2025-12-08,84,18.43
2025-12-09,84,19.04
2025-12-10,84,21.73
2025-12-12,84,31.45
2025-12-18,84,18.33
2025-12-21,84,31.62
2025-12-23,84,20.01
2025-12-24,84,19.65
2025-12-26,84,25.92
2025-12-29,84,26.05
2025-12-31,84,20.56
2025-01-01,85,15.21
2025-01-03,85,17.0
2025-01-05,85,15.27
2025-01-06,85,10.21
2025-01-07,85,16.91
2025-01-09,85,13.48
2025-01-10,85,12.41
2025-01-13,85,13.71
2025-01-16,85,13.47
2025-01-17,85,18.09
2025-01-19,85,13.25
2025-01-20,85,14.84
2025-01-21,85,10.1
2025-01-22,85,12.18
2025-01-23,85,16.81
2025-01-24,85,10.06
2025-01-27,85,12.19
2025-01-29,85,17.56
2025-01-31,85,12.13
2025-02-01,85,18.2
2025-02-03,85,9.96
2025-02-07,85,13.18
2025-02-08,85,17.46
2025-02-11,85,10.88
2025-02-14,85,13.31
2025-02-18,85,14.36
2025-02-21,85,18.16
2025-02-22,85,13.82
2025-02-24,85,17.97
2025-02-25,85,12.74
2025-02-26,85,12.22
2025-02-27,85,13.41
2025-02-28,85,16.6
2025-03-01,85,16.81
2025-03-03,85,13.0
2025-03-04,85,16.49
2025-03-06,85,14.45
2025-03-07,85,18.19
2025-03-10,85,11.87
2025-03-14,85,15.43
2025-03-17,85,16.0
2025-03-18,85,10.04
2025-03-24,85,10.71
2025-03-27,85,11.62
2025-03-30,85,10.7
2025-04-01,85,12.17
2025-04-02,85,11.35
2025-04-03,85,12.76
2025-04-04,85,16.55
2025-04-07,85,10.13
2025-04-08,85,15.83
2025-04-09,85,13.8
2025-04-11,85,12.7
2025-04-15,85,17.8
2025-04-17,85,15.09
2025-04-18,85,14.43
2025-04-21,85,12.81
2025-04-22,85,14.84
2025-04-23,85,16.45
2025-04-24,85,15.16
2025-04-25,85,16.64
2025-04-28,85,13.0
2025-04-29,85,11.61
2025-04-30,85,17.31
2025-05-01,85,12.58
2025-05-03,85,12.91
2025-05-05,85,14.9
2025-05-06,85,12.63
2025-05-09,85,15.21
2025-05-10,85,12.9
2025-05-12,85,16.94
2025-05-15,85,16.1
2025-05-18,85,18.01
2025-05-19,85,13.24
2025-05-20,85,10.73
2025-05-21,85,14.41
2025-05-22,85,14.89
2025-05-23,85,13.96
2025-05-26,85,10.89
2025-05-27,85,10.02
2025-05-29,85,14.41
2025-05-30,85,14.45
2025-05-31,85,16.26
2025-06-02,85,11.97
2025-06-03,85,15.01
2025-06-04,85,16.55
2025-06-05,85,9.85
2025-06-06,85,10.77
2025-06-08,85,16.67
2025-06-09,85,14.56
2025-06-10,85,11.03
2025-06-12,85,13.04
2025-06-13,85,11.73
2025-06-16,85,17.51
2025-06-18,85,11.26
2025-06-19,85,14.22
2025-06-20,85,12.43
2025-06-23,85,15.77
2025-06-26,85,10.53
2025-06-27,85,17.83
2025-06-30,85,15.8
2025-07-04,85,15.0
2025-07-07,85,15.14
2025-07-09,85,14.02
2025-07-12,85,15.89
2025-07-16,85,17.94
2025-07-17,85,15.53
2025-07-18,85,11.02
2025-07-21,85,12.65
2025-07-22,85,17.1
2025-07-23,85,12.28
2025-07-26,85,16.55
2025-07-28,85,16.15
2025-07-30,85,14.02
2025-08-01,85,13.69
2025-08-02,85,12.38
2025-08-03,85,14.04
2025-08-04,85,13.02
2025-08-05,85,16.07
2025-08-07,85,17.81
2025-08-11,85,17.88
2025-08-12,85,15.62
2025-08-13,85,17.38
2025-08-14,85,14.16
2025-08-16,85,10.26
2025-08-17,85,11.03
2025-08-18,85,15.03
2025-08-21,85,12.15
2025-08-25,85,17.43
2025-08-26,85,10.17
2025-08-28,85,11.87
2025-09-01,85,10.01
2025-09-02,85,16.99
2025-09-03,85,13.34
2025-09-04,85,9.91
2025-09-06,85,16.24
2025-09-08,85,17.7
2025-09-12,85,14.53
2025-09-15,85,11.84
2025-09-17,85,13.96
2025-09-18,85,17.44
2025-09-22,85,12.05
2025-09-23,85,10.88
2025-09-25,85,16.06
2025-09-26,85,11.7
2025-09-30,85,12.58
2025-10-06,85,13.17
2025-10-07,85,10.82
2025-10-08,85,9.94
2025-10-09,85,15.89
2025-10-11,85,12.16
2025-10-13,85,10.78
2025-10-14,85,14.68
2025-10-18,85,16.08
2025-10-20,85,17.66
2025-10-23,85,17.07
2025-10-27,85,10.23
2025-10-29,85,17.56
2025-10-31,85,12.99
2025-11-02,85,10.06
2025-11-03,85,17.72
2025-11-09,85,15.55
2025-11-11,85,11.91
2025-11-12,85,10.63
2025-11-13,85,13.03
2025-11-17,85,10.04
2025-11-18,85,17.48
2025-11-19,85,14.61
2025-11-20,85,9.97
2025-11-21,85,15.76
2025-11-22,85,11.72
2025-11-25,85,17.73
2025-11-26,85,11.47
2025-11-27,85,13.59
2025-12-01,85,11.62
2025-12-03,85,16.27
2025-12-05,85,13.83
2025-12-07,85,13.9
2025-12-08,85,11.18
2025-12-10,85,16.19
2025-12-12,85,16.35
2025-12-16,85,14.85
2025-12-17,85,16.44
2025-12-23,85,12.98
2025-12-24,85,9.88
2025-12-25,85,10.3
2025-12-30,85,13.93
2025-01-01,86,33.7
2025-01-02,86,38.48
2025-01-03,86,36.75
2025-01-07,86,22.64
2025-01-09,86,39.01
2025-01-10,86,27.73
2025-01-11,86,27.6
2025-01-16,86,35.87
2025-01-17,86,24.27
2025-01-21,86,32.57
2025-01-22,86,29.46
2025-01-23,86,27.89
2025-01-24,86,32.97
2025-01-25,86,27.91
2025-01-27,86,34.91
2025-01-29,86,27.12
2025-02-01,86,33.89
2025-02-03,86,38.9
2025-02-04,86,31.3
2025-02-05,86,26.58
2025-02-07,86,22.13
2025-02-10,86,27.03
2025-02-11,86,37.15
2025-02-12,86,28.09
2025-02-13,86,28.76
2025-02-14,86,38.73
2025-02-17,86,22.54
2025-02-18,86,28.35
2025-02-22,86,33.97
2025-02-25,86,27.62
2025-02-26,86,36.49
2025-02-27,86,31.64
2025-03-03,86,21.92
2025-03-04,86,22.51
2025-03-05,86,22.9
2025-03-06,86,24.05
2025-03-14,86,37.95
2025-03-19,86,32.39
2025-03-20,86,38.62
2025-03-24,86,28.06
2025-03-26,86,27.55
2025-03-27,86,36.76
2025-03-28,86,26.14
2025-04-02,86,35.74
2025-04-04,86,39.68
2025-04-06,86,38.02
2025-04-07,86,36.9
2025-04-08,86,24.75
2025-04-09,86,24.6
2025-04-11,86,34.37
2025-04-12,86,36.62
2025-04-14,86,39.67
2025-04-15,86,26.25
2025-04-16,86,30.61
2025-04-17,86,37.99
2025-04-21,86,25.49
2025-04-23,86,32.95
2025-04-24,86,33.84
2025-04-28,86,26.64
2025-04-29,86,26.45
2025-05-01,86,31.31
2025-05-02,86,24.28
2025-05-05,86,34.44
2025-05-08,86,38.16
2025-05-11,86,25.85
2025-05-12,86,38.42
2025-05-14,86,22.59
2025-05-15,86,28.22
2025-05-16,86,35.96
2025-05-25,86,35.83
2025-05-26,86,23.41
2025-05-27,86,27.28
2025-05-28,86,34.31
2025-05-29,86,34.72
2025-06-01,86,33.49
2025-06-02,86,30.44
2025-06-03,86,39.79
2025-06-06,86,31.25
2025-06-08,86,27.34
2025-06-09,86,27.56
2025-06-10,86,28.06
2025-06-17,86,26.56
2025-06-20,86,30.38
2025-06-23,86,38.31
2025-06-24,86,31.18
2025-06-25,86,38.29
2025-06-27,86,30.85
2025-06-30,86,33.47
2025-07-01,86,38.18
2025-07-02,86,36.6
2025-07-04,86,25.4
2025-07-07,86,26.46
2025-07-10,86,34.62
2025-07-11,86,29.22
2025-07-15,86,24.88
2025-07-17,86,35.07
2025-07-18,86,25.24
2025-07-20,86,28.85
2025-07-21,86,30.69
2025-07-22,86,24.12
2025-07-23,86,33.33
2025-07-24,86,28.91
2025-07-25,86,35.44
2025-07-27,86,39.21
2025-07-29,86,24.13
2025-07-30,86,37.34
2025-07-31,86,21.88
2025-08-06,86,32.38
2025-08-08,86,25.84
2025-08-14,86,30.4
2025-08-15,86,34.33
2025-08-18,86,33.01
2025-08-20,86,39.59
2025-08-21,86,22.13
2025-08-22,86,34.75
2025-08-26,86,32.78
2025-08-28,86,30.6
2025-08-30,86,28.79
2025-09-03,86,39.27
2025-09-04,86,34.74
2025-09-05,86,35.67
2025-09-07,86,39.1
2025-09-08,86,35.71
2025-09-09,86,37.73
2025-09-10,86,29.77
2025-09-15,86,39.4
2025-09-17,86,35.51
2025-09-20,86,35.42
2025-09-22,86,39.88
2025-09-23,86,29.53
2025-09-24,86,23.5
2025-09-25,86,32.91
2025-09-26,86,32.98
2025-09-30,86,37.37
2025-10-03,86,24.58
2025-10-06,86,24.79
2025-10-07,86,34.29
2025-10-09,86,23.46
2025-10-10,86,31.06
2025-10-13,86,37.35
2025-10-15,86,32.12
2025-10-16,86,24.34
2025-10-18,86,25.19
2025-10-22,86,34.63
2025-10-23,86,39.19
2025-10-24,86,23.58
2025-10-27,86,32.42
2025-10-31,86,37.15
2025-11-01,86,30.76
2025-11-02,86,22.37
2025-11-04,86,23.93
2025-11-05,86,39.84
2025-11-06,86,26.72
2025-11-11,86,30.48
2025-11-14,86,30.98
2025-11-17,86,25.04
2025-11-19,86,30.12
2025-11-20,86,21.97
2025-11-24,86,36.7
2025-11-25,86,34.01
2025-11-26,86,29.74
2025-11-27,86,35.87
2025-11-30,86,24.56
2025-12-01,86,36.61
2025-12-02,86,22.58
2025-12-03,86,22.33
2025-12-11,86,23.21
2025-12-12,86,30.93
2025-12-17,86,26.98
2025-12-22,86,34.55
2025-12-23,86,32.86
2025-12-26,86,34.62
2025-12-30,86,29.31
2025-01-02,87,31.32
2025-01-03,87,47.58
2025-01-05,87,33.75
2025-01-06,87,39.94
2025-01-07,87,31.62
2025-01-08,87,43.56
2025-01-09,87,42.72
2025-01-10,87,30.66
2025-01-13,87,31.99
2025-01-14,87,46.92
2025-01-15,87,41.56
2025-01-16,87,47.43
2025-01-20,87,33.2
2025-01-21,87,27.66
2025-01-22,87,47.63
2025-01-23,87,35.02
2025-01-26,87,34.7
2025-01-29,87,46.36
2025-01-31,87,26.0
2025-02-04,87,30.82
2025-02-07,87,42.5
2025-02-10,87,43.17
2025-02-12,87,33.68
2025-02-13,87,39.87
2025-02-14,87,42.81
2025-02-16,87,37.12
2025-02-17,87,39.59
2025-02-18,87,43.19
2025-02-19,87,35.46
2025-02-20,87,28.57
2025-02-24,87,39.02
2025-02-25,87,27.22
2025-02-26,87,28.94
2025-02-27,87,43.11
2025-02-28,87,35.46
2025-03-03,87,41.39
2025-03-05,87,32.5
2025-03-06,87,34.01
2025-03-10,87,45.65
2025-03-11,87,42.64
2025-03-12,87,28.55
2025-03-13,87,32.03
2025-03-14,87,46.06
2025-03-16,87,36.53
2025-03-17,87,31.93
2025-03-19,87,43.3
2025-03-20,87,37.45
2025-03-21,87,43.94
2025-03-22,87,45.0
2025-03-23,87,46.25
2025-03-24,87,37.72
2025-03-25,87,35.83
2025-03-26,87,35.23
2025-03-27,87,36.1
2025-03-28,87,45.07
2025-03-29,87,47.67
2025-03-31,87,31.34
2025-04-01,87,40.81
2025-04-02,87,42.18
2025-04-07,87,44.46
2025-04-08,87,34.0
2025-04-09,87,29.75
2025-04-10,87,47.82
2025-04-11,87,36.14
2025-04-12,87,33.38
2025-04-13,87,47.12
2025-04-14,87,42.17
2025-04-15,87,43.0
2025-04-16,87,41.47
2025-04-18,87,31.02
2025-04-19,87,45.31
2025-04-20,87,38.32
2025-04-21,87,43.62
2025-04-22,87,41.16
2025-04-28,87,30.0
2025-04-30,87,40.99
2025-05-01,87,25.93
2025-05-02,87,36.91
2025-05-07,87,32.18
2025-05-09,87,42.26
2025-05-12,87,45.54
2025-05-13,87,34.26
2025-05-15,87,35.05
2025-05-16,87,45.87
2025-05-18,87,42.54
2025-05-19,87,34.7
2025-05-25,87,31.02
2025-05-26,87,26.21
2025-05-30,87,35.94
2025-06-03,87,41.31
2025-06-04,87,41.3
2025-06-05,87,43.15
2025-06-06,87,45.76
2025-06-07,87,36.66
2025-06-08,87,35.97
2025-06-09,87,43.74
2025-06-10,87,39.19
2025-06-11,87,37.4
2025-06-13,87,34.05
2025-06-14,87,38.15
2025-06-17,87,47.45
2025-06-18,87,31.83
2025-06-19,87,29.68
2025-06-22,87,38.74
2025-06-24,87,38.73
2025-06-25,87,38.81
2025-06-26,87,40.69
2025-07-01,87,32.34
2025-07-02,87,27.13
2025-07-03,87,26.45
2025-07-05,87,26.61
2025-07-07,87,27.7
2025-07-08,87,27.03
2025-07-10,87,38.15
2025-07-13,87,32.12
2025-07-14,87,27.1
2025-07-15,87,31.45
2025-07-16,87,37.23
2025-07-19,87,37.58
2025-07-22,87,35.62
2025-07-24,87,43.81
2025-07-25,87,27.57
2025-07-26,87,46.96
2025-07-27,87,32.38
2025-07-30,87,35.57
2025-07-31,87,44.52
2025-08-02,87,33.75
2025-08-04,87,39.47
2025-08-05,87,44.07
2025-08-06,87,44.02
2025-08-07,87,26.23
2025-08-08,87,31.64
2025-08-15,87,35.62
2025-08-18,87,26.62
2025-08-19,87,28.11
2025-08-20,87,38.88
2025-08-21,87,26.53
2025-08-22,87,36.25
2025-08-26,87,31.58
2025-08-29,87,34.74
2025-08-30,87,31.52
2025-09-01,87,40.11
2025-09-02,87,29.97
2025-09-08,87,47.13
2025-09-09,87,46.93
2025-09-11,87,31.81
2025-09-15,87,36.83
2025-09-16,87,42.0
2025-09-18,87,42.14
2025-09-19,87,39.21
2025-09-20,87,43.99
2025-09-22,87,47.89
2025-09-24,87,33.96
2025-09-29,87,30.94
2025-09-30,87,46.41
2025-10-02,87,38.34
2025-10-06,87,29.09
2025-10-08,87,28.43
2025-10-09,87,44.39
2025-10-10,87,30.24
2025-10-16,87,40.31
2025-10-18,87,26.72
2025-10-20,87,34.62
2025-10-21,87,34.82
2025-10-24,87,37.56
2025-10-27,87,30.85
2025-10-29,87,39.75
2025-10-30,87,44.08
2025-10-31,87,47.83
2025-11-01,87,28.98
2025-11-05,87,39.21
2025-11-06,87,32.41
2025-11-07,87,34.56
2025-11-09,87,35.8
2025-11-10,87,46.75
2025-11-11,87,26.34
2025-11-17,87,42.1
2025-11-19,87,27.41
2025-11-20,87,44.77
2025-11-21,87,41.78
2025-11-22,87,26.63
2025-11-25,87,29.72
2025-11-26,87,26.98
2025-12-03,87,36.86
2025-12-05,87,45.19
2025-12-08,87,47.73
2025-12-12,87,31.29
2025-12-13,87,36.36
2025-12-16,87,41.02
2025-12-17,87,46.75
2025-12-18,87,39.72
2025-12-20,87,44.82
2025-12-21,87,34.72
2025-12-23,87,38.79
2025-12-24,87,27.32
2025-12-26,87,32.64
2025-12-27,87,38.05
2025-12-30,87,32.23
2025-12-31,87,37.88
2025-01-05,88,34.85
2025-01-06,88,28.75
2025-01-07,88,47.75
2025-01-09,88,30.92
2025-01-10,88,31.05
2025-01-11,88,27.98
2025-01-13,88,29.44
2025-01-14,88,34.58
2025-01-15,88,42.82
2025-01-16,88,39.61
2025-01-22,88,47.06
2025-01-28,88,43.1
2025-01-29,88,32.39
2025-02-03,88,39.6
2025-02-05,88,43.8
2025-02-06,88,47.62
2025-02-08,88,44.0
2025-02-10,88,26.1
2025-02-11,88,31.26
2025-02-13,88,40.62
2025-02-14,88,33.68
2025-02-15,88,37.06
2025-02-17,88,44.92
2025-02-20,88,35.24
2025-02-21,88,27.66
2025-02-23,88,43.95
2025-02-28,88,36.65
2025-03-03,88,28.49
2025-03-04,88,35.33
2025-03-10,88,41.33
2025-03-11,88,36.31
2025-03-13,88,30.32
2025-03-19,88,44.86
2025-03-20,88,28.0
2025-03-21,88,34.16
2025-03-22,88,29.59
2025-03-25,88,28.22
2025-03-27,88,33.9
2025-03-28,88,35.02
2025-03-30,88,35.52
2025-03-31,88,32.74
2025-04-01,88,35.38
2025-04-07,88,27.04
2025-04-08,88,28.41
2025-04-11,88,36.25
2025-04-14,88,33.66
2025-04-15,88,45.56
2025-04-16,88,42.6
2025-04-17,88,42.64
2025-04-18,88,42.59
2025-04-20,88,27.93
2025-04-22,88,41.1
2025-04-24,88,42.47
2025-04-25,88,32.0
2025-04-28,88,45.23
2025-04-29,88,42.3
2025-04-30,88,32.25
2025-05-01,88,31.99
2025-05-02,88,45.56
2025-05-04,88,37.0
2025-05-05,88,45.07
2025-05-06,88,36.52
2025-05-08,88,28.73
2025-05-09,88,47.36
2025-05-12,88,47.18
2025-05-14,88,45.09
2025-05-20,88,48.09
2025-05-22,88,29.4
2025-05-23,88,43.19
2025-05-26,88,47.09
2025-05-28,88,38.01
2025-05-30,88,26.84
2025-06-02,88,48.01
2025-06-03,88,36.82
2025-06-04,88,41.46
2025-06-05,88,40.53
2025-06-06,88,39.46
2025-06-10,88,27.26
2025-06-12,88,30.64
2025-06-13,88,44.89
2025-06-18,88,28.88
2025-06-19,88,44.16
2025-06-20,88,38.74
2025-06-22,88,28.15
2025-06-24,88,40.18
2025-06-25,88,41.97
2025-06-26,88,33.23
2025-06-27,88,31.12
2025-06-29,88,39.21
2025-06-30,88,42.44
2025-07-02,88,37.63
2025-07-03,88,43.34
2025-07-06,88,41.35
2025-07-08,88,31.25
2025-07-15,88,44.02
2025-07-16,88,31.75
2025-07-20,88,38.95
2025-07-21,88,30.41
2025-07-22,88,36.23
2025-07-23,88,47.1
2025-07-24,88,37.55
2025-07-25,88,45.59
2025-07-28,88,39.28
2025-07-29,88,40.26
2025-07-30,88,41.79
2025-08-01,88,28.05
2025-08-04,88,27.78
2025-08-05,88,26.61
2025-08-08,88,46.26
2025-08-09,88,34.21
2025-08-11,88,33.61
2025-08-12,88,43.43
2025-08-13,88,26.28
2025-08-18,88,28.5
2025-08-19,88,36.8
2025-08-20,88,43.18
2025-08-21,88,40.77
2025-08-22,88,31.25
2025-08-24,88,31.03
2025-08-28,88,37.82
2025-08-29,88,33.31
2025-08-30,88,39.45
2025-09-03,88,40.33
2025-09-06,88,45.49
2025-09-08,88,32.87
2025-09-09,88,42.1
2025-09-10,88,36.21
2025-09-19,88,34.17
2025-09-24,88,34.17
2025-09-25,88,47.74
2025-09-27,88,33.72
2025-09-28,88,29.28
2025-09-29,88,47.34
2025-10-01,88,38.08
2025-10-06,88,47.54
2025-10-09,88,47.83
2025-10-10,88,47.78
2025-10-18,88,34.16
2025-10-21,88,33.63
2025-10-22,88,45.72
2025-10-24,88,42.78
2025-10-27,88,36.61
2025-10-30,88,33.5
2025-10-31,88,42.01
2025-11-02,88,41.74
2025-11-04,88,40.0
2025-11-05,88,35.69
2025-11-06,88,41.08
2025-11-07,88,38.49
2025-11-11,88,39.11
2025-11-12,88,32.9
2025-11-13,88,26.8
2025-11-14,88,31.91
2025-11-17,88,37.66
2025-11-19,88,44.7
2025-11-20,88,42.23
2025-11-21,88,27.28
2025-11-24,88,38.65
2025-11-26,88,32.56
2025-12-01,88,29.19
2025-12-03,88,35.17
2025-12-04,88,28.22
2025-12-05,88,40.49
2025-12-08,88,31.52
2025-12-09,88,30.95
2025-12-10,88,47.1
2025-12-11,88,40.36
2025-12-17,88,47.28
2025-12-18,88,43.15
2025-12-19,88,46.42
2025-12-23,88,34.54
2025-12-24,88,32.18
2025-12-25,88,38.04
2025-12-26,88,40.85
2025-01-02,89,20.1
2025-01-03,89,23.09
2025-01-07,89,23.85
2025-01-08,89,26.76
2025-01-09,89,17.88
2025-01-10,89,28.39
2025-01-12,89,21.89
2025-01-13,89,18.47
2025-01-15,89,22.12
2025-01-16,89,22.43
2025-01-17,89,22.93
2025-01-18,89,20.37
2025-01-19,89,21.18
2025-01-20,89,23.73
2025-01-22,89,17.8
2025-01-23,89,28.16
2025-01-24,89,16.31
2025-01-27,89,26.42
2025-01-28,89,18.65
2025-01-30,89,17.02
2025-01-31,89,16.41
2025-02-05,89,22.24
2025-02-06,89,26.9
2025-02-07,89,19.58
2025-02-09,89,17.21
2025-02-10,89,19.44
2025-02-11,89,26.22
2025-02-12,89,22.21
2025-02-13,89,25.87
2025-02-15,89,19.62
2025-02-17,89,20.73
2025-02-18,89,17.53
2025-02-19,89,26.0
2025-02-20,89,21.45
2025-02-21,89,17.74
2025-02-22,89,15.58
2025-02-24,89,19.03
2025-02-26,89,25.81
2025-02-27,89,18.66
2025-02-28,89,15.45
2025-03-01,89,17.28
2025-03-02,89,22.37
2025-03-04,89,18.56
2025-03-06,89,24.35
2025-03-08,89,16.55
2025-03-10,89,19.04
2025-03-11,89,18.45
2025-03-13,89,21.36
2025-03-14,89,21.56
2025-03-18,89,22.68
2025-03-19,89,20.81
2025-03-20,89,24.79
2025-03-21,89,25.29
2025-03-24,89,26.48
2025-03-31,89,15.65
2025-04-02,89,20.64
2025-04-03,89,18.04
2025-04-04,89,19.86
2025-04-05,89,22.53
2025-04-06,89,27.81
2025-04-08,89,18.83
2025-04-09,89,27.34
2025-04-10,89,23.45
2025-04-17,89,28.25
2025-04-22,89,26.31
2025-04-23,89,27.38
2025-04-24,89,17.42
2025-04-26,89,26.53
2025-04-29,89,16.32
2025-05-01,89,27.86
2025-05-03,89,21.28
2025-05-04,89,19.75
2025-05-05,89,23.32
2025-05-07,89,19.74
2025-05-08,89,17.66
2025-05-13,89,24.9
2025-05-16,89,20.9
2025-05-19,89,25.34
2025-05-20,89,19.27
2025-05-21,89,17.1
2025-05-22,89,25.46
2025-05-27,89,16.63
2025-05-28,89,21.32
2025-06-02,89,21.36
2025-06-04,89,18.18
2025-06-05,89,22.19
2025-06-06,89,21.11
2025-06-12,89,23.63
2025-06-14,89,26.52
2025-06-15,89,25.95
2025-06-16,89,25.19
2025-06-17,89,20.4
2025-06-18,89,18.97
2025-06-20,89,20.77
2025-06-22,89,16.84
2025-06-23,89,23.91
2025-06-27,89,28.09
2025-06-30,89,16.03
2025-07-02,89,25.03
2025-07-03,89,15.48
2025-07-04,89,19.97
2025-07-07,89,17.08
2025-07-08,89,15.87
2025-07-10,89,23.25
2025-07-15,89,23.33
2025-07-17,89,17.54
2025-07-18,89,27.72
2025-07-20,89,16.49
2025-07-21,89,17.08
2025-07-22,89,19.99
2025-07-25,89,27.13
2025-07-28,89,16.09
2025-07-29,89,18.72
2025-07-31,89,17.12
2025-08-04,89,26.64
2025-08-05,89,23.47
2025-08-07,89,27.43
2025-08-08,89,26.2
2025-08-12,89,25.92
2025-08-13,89,26.08
2025-08-17,89,21.54
2025-08-20,89,16.84
2025-08-21,89,24.18
2025-08-24,89,23.76
2025-08-26,89,27.66
2025-08-27,89,27.1
2025-09-03,89,16.01
2025-09-04,89,25.79
2025-09-07,89,21.15
2025-09-08,89,21.4
2025-09-11,89,23.23
2025-09-12,89,17.12
2025-09-15,89,23.95
2025-09-16,89,18.33
2025-09-17,89,20.47
2025-09-18,89,27.63
2025-09-23,89,23.52
2025-09-24,89,17.15
2025-09-27,89,20.05
2025-09-28,89,24.85
2025-10-02,89,16.66
2025-10-08,89,28.09
2025-10-09,89,17.02
2025-10-10,89,26.76
2025-10-13,89,22.61
2025-10-14,89,18.06
2025-10-15,89,21.22
2025-10-18,89,22.7
2025-10-20,89,23.95
2025-10-21,89,27.53
2025-10-23,89,24.68
2025-10-24,89,16.01
2025-10-27,89,24.24
2025-10-30,89,26.2
2025-11-03,89,18.56
2025-11-04,89,26.82
2025-11-06,89,25.77
2025-11-09,89,19.99
2025-11-10,89,15.49
2025-11-11,89,25.43
2025-11-12,89,20.68
2025-11-18,89,23.63
2025-11-19,89,22.41
2025-11-21,89,18.26
2025-11-24,89,26.04
2025-11-25,89,20.85
2025-11-29,89,19.96
2025-11-30,89,27.03
2025-12-01,89,26.65
2025-12-03,89,16.96
2025-12-04,89,15.88
2025-12-06,89,23.22
2025-12-07,89,15.5
2025-12-08,89,22.68
2025-12-09,89,23.52
2025-12-15,89,23.13
2025-12-16,89,19.85
2025-12-18,89,20.42
2025-12-19,89,26.89
2025-12-20,89,20.44
2025-12-22,89,27.91
2025-12-24,89,24.02
2025-12-26,89,16.68
2025-12-28,89,18.8
2025-12-30,89,25.24
2025-12-31,89,25.43
2025-01-01,90,15.06
2025-01-02,90,14.88
2025-01-03,90,11.38
2025-01-08,90,16.84
2025-01-10,90,11.38
2025-01-13,90,13.57
2025-01-16,90,16.24
2025-01-17,90,19.11
2025-01-20,90,15.9
2025-01-22,90,14.96
2025-01-23,90,14.08
2025-01-25,90,15.0
2025-01-27,90,10.54
2025-01-28,90,18.8
2025-01-29,90,11.73
2025-01-30,90,17.43
2025-02-01,90,18.9
2025-02-02,90,13.03
2025-02-03,90,16.21
2025-02-04,90,18.86
2025-02-05,90,18.21
2025-02-06,90,18.2
2025-02-07,90,13.76
2025-02-11,90,12.91
2025-02-12,90,17.73
2025-02-13,90,14.55
2025-02-17,90,11.55
2025-02-21,90,16.05
2025-02-24,90,15.57
2025-02-25,90,18.0
2025-02-26,90,18.69
2025-02-27,90,11.3
2025-02-28,90,19.45
2025-03-02,90,12.74
2025-03-03,90,10.51
2025-03-04,90,13.93
2025-03-06,90,17.98
2025-03-07,90,14.85
2025-03-09,90,12.86
2025-03-10,90,17.41
2025-03-11,90,14.9
2025-03-13,90,15.08
2025-03-14,90,17.55
2025-03-18,90,15.08
2025-03-24,90,12.12
2025-03-25,90,11.84
2025-03-26,90,11.08
2025-03-27,90,13.08
2025-03-31,90,18.14
2025-04-01,90,14.56
2025-04-03,90,16.42
2025-04-04,90,14.86
2025-04-05,90,11.2
2025-04-06,90,17.76
2025-04-10,90,13.81
2025-04-14,90,14.32
2025-04-15,90,11.64
2025-04-16,90,13.43
2025-04-17,90,12.03
2025-04-18,90,15.5
2025-04-22,90,15.54
2025-04-24,90,11.81
2025-04-25,90,18.43
2025-04-29,90,18.31
2025-04-30,90,17.09
2025-05-02,90,11.62
2025-05-03,90,16.36
2025-05-04,90,16.45
2025-05-06,90,17.21
2025-05-07,90,19.14
2025-05-08,90,14.9
2025-05-12,90,16.8
2025-05-13,90,11.48
2025-05-16,90,16.49
2025-05-17,90,12.28
2025-05-19,90,19.0
2025-05-23,90,18.77
2025-05-26,90,14.49
2025-05-28,90,15.07
2025-05-29,90,17.37
2025-05-30,90,12.8
2025-06-03,90,17.9
2025-06-04,90,13.26
2025-06-10,90,14.7
2025-06-11,90,17.67
2025-06-12,90,11.03
2025-06-13,90,13.11
2025-06-19,90,18.5
2025-06-20,90,18.28
2025-06-23,90,17.77
2025-06-25,90,18.5
2025-06-27,90,14.57
2025-07-01,90,11.67
2025-07-02,90,16.51
2025-07-04,90,12.66
2025-07-07,90,13.34
2025-07-09,90,15.03
2025-07-10,90,16.63
2025-07-11,90,18.99
2025-07-12,90,16.89
2025-07-14,90,19.44
2025-07-15,90,13.78
2025-07-16,90,17.73
2025-07-17,90,15.51
2025-07-18,90,15.65
2025-07-20,90,11.11
2025-07-21,90,18.17
2025-07-23,90,18.37
2025-07-24,90,14.11
2025-07-25,90,17.61
2025-07-26,90,13.22
2025-07-29,90,16.84
2025-07-30,90,12.72
2025-07-31,90,15.14
2025-08-01,90,11.74
2025-08-02,90,14.0
2025-08-04,90,18.17
2025-08-05,90,17.47
2025-08-06,90,11.11
2025-08-07,90,18.48
2025-08-08,90,18.56
2025-08-13,90,13.02
2025-08-14,90,16.8
2025-08-16,90,17.13
2025-08-17,90,14.61
2025-08-18,90,18.34
2025-08-22,90,10.96
2025-08-23,90,18.2
2025-08-25,90,13.06
2025-08-26,90,11.16
2025-08-27,90,16.3
2025-08-28,90,19.03
2025-08-31,90,14.55
2025-09-01,90,18.56
2025-09-02,90,17.75
2025-09-04,90,14.0
2025-09-08,90,17.57
2025-09-09,90,14.55
2025-09-10,90,18.85
2025-09-11,90,15.2
2025-09-12,90,18.58
2025-09-13,90,14.23
2025-09-15,90,16.97
2025-09-16,90,14.28
2025-09-17,90,18.89
2025-09-18,90,13.8
2025-09-22,90,14.65
2025-09-24,90,17.56
2025-09-25,90,11.77
2025-09-30,90,16.78
2025-10-02,90,14.87
2025-10-04,90,13.57
2025-10-06,90,18.06
2025-10-07,90,14.01
2025-10-09,90,18.55
2025-10-10,90,19.25
2025-10-14,90,18.18
2025-10-15,90,19.39
2025-10-16,90,16.59
2025-10-17,90,12.22
2025-10-20,90,14.35
2025-10-22,90,13.22
2025-10-24,90,13.08
2025-10-26,90,12.73
2025-10-27,90,14.05
2025-10-28,90,15.14
2025-10-31,90,11.71
2025-11-01,90,15.88
2025-11-03,90,19.17
2025-11-04,90,18.82
2025-11-06,90,12.36
2025-11-07,90,12.42
2025-11-11,90,13.61
2025-11-13,90,17.78
2025-11-14,90,12.13
2025-11-15,90,12.49
2025-11-16,90,14.63
2025-11-17,90,13.71
2025-11-18,90,16.44
2025-11-21,90,18.01
2025-11-22,90,11.16
2025-11-24,90,12.57
2025-11-25,90,16.47
2025-11-26,90,12.04
2025-11-28,90,13.23
2025-12-01,90,19.2
2025-12-02,90,15.95
2025-12-03,90,11.89
2025-12-04,90,15.31
2025-12-05,90,13.48
2025-12-09,90,13.44
2025-12-11,90,12.95
2025-12-12,90,12.9
2025-12-13,90,13.04
2025-12-15,90,11.98
2025-12-17,90,17.64
2025-12-18,90,19.12
2025-12-23,90,19.27
2025-12-24,90,12.81
2025-12-28,90,12.1
2025-12-29,90,11.63
2025-12-30,90,17.49
2025-12-31,90,14.45
2025-01-03,91,43.51
2025-01-04,91,43.91
2025-01-06,91,46.11
2025-01-07,91,38.67
2025-01-08,91,36.69
2025-01-09,91,33.76
2025-01-10,91,28.38
2025-01-13,91,38.12
2025-01-15,91,41.66
2025-01-17,91,38.91
2025-01-19,91,33.21
2025-01-21,91,34.69
2025-01-24,91,38.73
2025-01-28,91,34.13
2025-01-29,91,49.2
2025-01-31,91,40.49
2025-02-01,91,42.5
2025-02-05,91,41.51
2025-02-06,91,32.14
2025-02-10,91,37.68
2025-02-14,91,29.5
2025-02-16,91,50.53
2025-02-17,91,31.3
2025-02-18,91,39.29
2025-02-21,91,27.78
2025-02-24,91,31.59
2025-02-25,91,42.65
2025-02-26,91,44.7
2025-02-27,91,47.0
2025-02-28,91,35.02
2025-03-03,91,49.49
2025-03-05,91,44.28
2025-03-10,91,45.8
2025-03-12,91,35.58
2025-03-14,91,42.0
2025-03-17,91,46.27
2025-03-18,91,43.89
2025-03-19,91,43.65
2025-03-20,91,30.44
2025-03-21,91,49.87
2025-03-26,91,41.42
2025-03-27,91,29.56
2025-03-29,91,38.02
2025-04-01,91,36.5
2025-04-05,91,41.99
2025-04-06,91,45.72
2025-04-07,91,48.23
2025-04-08,91,45.19
2025-04-09,91,40.34
2025-04-11,91,34.29
2025-04-12,91,27.42
2025-04-13,91,39.37
2025-04-16,91,33.67
2025-04-18,91,31.56
2025-04-21,91,45.17
2025-04-22,91,49.42
2025-04-25,91,33.85
2025-04-29,91,44.25
2025-05-02,91,42.03
2025-05-04,91,29.75
2025-05-05,91,38.36
2025-05-06,91,29.23
2025-05-07,91,45.19
2025-05-08,91,47.04
2025-05-09,91,43.76
2025-05-12,91,29.2
2025-05-15,91,49.73
2025-05-16,91,37.67
2025-05-19,91,36.9
2025-05-20,91,30.19
2025-05-21,91,48.81
2025-05-22,91,29.68
2025-05-25,91,49.83
2025-05-27,91,48.34
2025-05-30,91,32.39
2025-05-31,91,41.49
2025-06-03,91,34.09
2025-06-04,91,41.92
2025-06-05,91,41.67
2025-06-07,91,33.06
2025-06-10,91,39.72
2025-06-12,91,29.77
2025-06-16,91,42.87
2025-06-18,91,43.52
2025-06-20,91,39.5
2025-06-22,91,44.89
2025-06-25,91,46.12
2025-06-26,91,33.54
2025-06-27,91,48.57
2025-06-30,91,45.25
2025-07-01,91,27.71
2025-07-03,91,38.1
2025-07-09,91,33.97
2025-07-10,91,36.15
2025-07-11,91,33.19
2025-07-14,91,31.36
2025-07-17,91,30.19
2025-07-20,91,27.64
2025-07-21,91,43.32
2025-07-24,91,43.69
2025-07-25,91,43.41
2025-07-27,91,32.84
2025-07-30,91,28.79
2025-07-31,91,32.38
2025-08-01,91,36.77
2025-08-02,91,44.27
2025-08-04,91,40.47
2025-08-05,91,37.02
2025-08-08,91,47.13
2025-08-12,91,40.18
2025-08-15,91,36.07
2025-08-17,91,46.33
2025-08-18,91,27.91
2025-08-19,91,45.28
2025-08-20,91,36.26
2025-08-21,91,32.53
2025-08-22,91,34.77
2025-08-23,91,36.51
2025-08-25,91,38.52
2025-08-26,91,36.16
2025-08-29,91,42.04
2025-09-02,91,50.29
2025-09-04,91,39.98
2025-09-08,91,28.13
2025-09-11,91,45.77
2025-09-12,91,41.0
2025-09-15,91,47.27
2025-09-17,91,43.41
2025-09-19,91,36.38
2025-09-23,91,47.49
2025-09-26,91,28.51
2025-09-29,91,44.62
2025-09-30,91,34.15
2025-10-01,91,29.25
2025-10-02,91,36.7
2025-10-07,91,49.86
2025-10-09,91,28.67
2025-10-10,91,31.49
2025-10-12,91,38.57
2025-10-13,91,31.56
2025-10-14,91,27.98
2025-10-16,91,43.64
2025-10-18,91,34.6
2025-10-21,91,39.11
2025-10-26,91,45.19
2025-10-27,91,37.09
2025-10-31,91,50.27
2025-11-01,91,29.55
2025-11-04,91,41.23
2025-11-05,91,28.3
2025-11-07,91,49.19
2025-11-08,91,34.37
2025-11-10,91,36.67
2025-11-11,91,30.74
2025-11-13,91,40.71
2025-11-14,91,40.77
2025-11-17,91,40.26
2025-11-18,91,41.08
2025-11-19,91,28.22
2025-11-21,91,48.83
2025-11-24,91,27.92
2025-11-25,91,29.22
2025-11-26,91,33.57
2025-11-27,91,29.9
2025-11-28,91,35.85
2025-11-30,91,48.69
2025-12-01,91,41.9
2025-12-02,91,40.38
2025-12-03,91,48.93
2025-12-08,91,43.75
2025-12-09,91,43.27
2025-12-10,91,34.58
2025-12-11,91,35.1
2025-12-15,91,44.19
2025-12-17,91,44.95
2025-12-18,91,30.31
2025-12-19,91,44.7
2025-12-20,91,28.5
2025-12-22,91,43.49
2025-12-23,91,30.4
2025-12-24,91,39.48
2025-12-26,91,48.42
2025-12-27,91,41.25
2025-12-31,91,35.94
2025-01-01,92,5.09
2025-01-02,92,7.75
2025-01-03,92,6.75
2025-01-06,92,6.26
2025-01-07,92,6.79
2025-01-09,92,4.29
2025-01-10,92,6.12
2025-01-13,92,7.38
2025-01-14,92,5.49
2025-01-15,92,5.25
2025-01-17,92,4.39
2025-01-18,92,6.12
2025-01-21,92,6.6
2025-01-22,92,4.58
2025-01-27,92,5.89
2025-01-28,92,6.87
2025-01-29,92,5.64
2025-01-30,92,5.07
2025-01-31,92,6.44
2025-02-01,92,6.9
2025-02-05,92,4.9
2025-02-07,92,6.34
2025-02-08,92,6.47
2025-02-10,92,7.73
2025-02-11,92,6.64
2025-02-13,92,6.89
2025-02-14,92,7.08
2025-02-17,92,6.83
2025-02-18,92,6.61
2025-02-19,92,7.03
2025-02-20,92,6.43
2025-02-21,92,5.36
2025-02-27,92,4.32
2025-02-28,92,5.42
2025-03-04,92,6.97
2025-03-05,92,6.2
2025-03-06,92,5.72
2025-03-11,92,7.2
2025-03-14,92,5.02
2025-03-17,92,4.96
2025-03-19,92,7.4
2025-03-20,92,7.73
2025-03-25,92,7.61
2025-03-26,92,4.85
2025-03-27,92,4.49
2025-03-28,92,7.63
2025-03-31,92,7.44
2025-04-01,92,7.59
2025-04-02,92,7.3
2025-04-10,92,6.53
2025-04-11,92,7.33
2025-04-12,92,7.75
2025-04-14,92,7.57
2025-04-15,92,5.89
2025-04-17,92,6.1
2025-04-20,92,4.77
2025-04-21,92,5.71
2025-04-22,92,5.27
2025-04-23,92,7.38
2025-04-24,92,4.98
2025-04-26,92,6.63
2025-04-28,92,5.66
2025-04-29,92,7.23
2025-05-01,92,6.29
2025-05-02,92,6.77
2025-05-04,92,4.91
2025-05-05,92,4.82
2025-05-09,92,5.65
2025-05-12,92,5.01
2025-05-14,92,4.25
2025-05-15,92,5.19
2025-05-16,92,5.48
2025-05-17,92,5.0
2025-05-18,92,7.62
2025-05-19,92,4.25
2025-05-21,92,6.24
2025-05-22,92,7.74
2025-05-26,92,7.66
2025-05-27,92,5.06
2025-05-28,92,4.95
2025-05-29,92,5.08
2025-06-02,92,6.44
2025-06-03,92,7.39
2025-06-04,92,4.44
2025-06-09,92,5.04
2025-06-11,92,6.53
2025-06-13,92,4.32
2025-06-16,92,4.21
2025-06-17,92,4.52
2025-06-18,92,5.4
2025-06-19,92,6.74
2025-06-20,92,6.58
2025-06-23,92,4.97
2025-06-26,92,4.59
2025-06-28,92,7.34
2025-06-30,92,7.23
2025-07-01,92,7.04
2025-07-02,92,4.45
2025-07-04,92,7.54
2025-07-06,92,5.02
2025-07-08,92,7.28
2025-07-09,92,5.89
2025-07-11,92,5.3
2025-07-16,92,7.24
2025-07-19,92,7.58
2025-07-21,92,6.29
2025-07-22,92,6.58
2025-07-24,92,7.63
2025-07-25,92,5.86
2025-07-28,92,7.2
2025-07-29,92,4.45
2025-08-02,92,7.44
2025-08-04,92,7.67
2025-08-05,92,6.84
2025-08-07,92,6.68
2025-08-08,92,4.89
2025-08-11,92,7.78
2025-08-12,92,5.93
2025-08-14,92,7.45
2025-08-20,92,7.55
2025-08-21,92,6.0
2025-08-22,92,7.61
2025-08-23,92,4.93
2025-08-24,92,5.83
2025-08-25,92,6.87
2025-08-26,92,6.79
2025-08-27,92,5.03
2025-08-29,92,4.6
2025-08-31,92,4.74
2025-09-01,92,4.54
2025-09-02,92,7.25
2025-09-03,92,4.6
2025-09-05,92,4.77
2025-09-07,92,5.74
2025-09-08,92,7.65
2025-09-09,92,6.95
2025-09-10,92,5.76
2025-09-11,92,5.97
2025-09-12,92,7.73
2025-09-15,92,6.21
2025-09-17,92,5.76
2025-09-18,92,5.08
2025-09-19,92,7.66
2025-09-20,92,4.74
2025-09-22,92,6.93
2025-09-23,92,6.12
2025-09-24,92,5.67
2025-09-25,92,6.05
2025-09-26,92,7.04
2025-09-29,92,7.3
2025-09-30,92,5.94
2025-10-01,92,7.41
2025-10-03,92,6.91
2025-10-04,92,4.31
2025-10-06,92,4.76
2025-10-09,92,4.61
2025-10-10,92,4.29
2025-10-11,92,7.59
2025-10-12,92,6.35
2025-10-15,92,6.35
2025-10-17,92,5.33
2025-10-18,92,6.02
2025-10-19,92,6.81
2025-10-21,92,6.8
2025-10-22,92,6.9
2025-10-25,92,6.43
2025-10-27,92,5.36
2025-10-28,92,5.72
2025-10-29,92,5.72
2025-10-31,92,5.17
2025-11-03,92,7.37
2025-11-05,92,6.23
2025-11-06,92,5.5
2025-11-11,92,4.4
2025-11-12,92,4.36
2025-11-13,92,7.77
2025-11-17,92,6.34
2025-11-18,92,5.56
2025-11-19,92,6.41
2025-11-20,92,4.57
2025-11-24,92,7.39
2025-11-25,92,6.78
2025-11-26,92,6.49
2025-11-30,92,7.12
2025-12-01,92,7.25
2025-12-03,92,7.8
2025-12-04,92,6.71
2025-12-09,92,5.82
2025-12-11,92,4.59
2025-12-12,92,5.73
2025-12-16,92,6.8
2025-12-17,92,4.28
2025-12-19,92,4.97
2025-12-23,92,4.81
2025-12-24,92,4.74
2025-01-01,93,28.18
2025-01-03,93,32.32
2025-01-04,93,23.85
2025-01-08,93,30.89
2025-01-09,93,37.06
2025-01-11,93,39.0
2025-01-12,93,40.34
2025-01-13,93,33.93
2025-01-14,93,31.55
2025-01-16,93,34.27
2025-01-18,93,38.5
2025-01-20,93,38.3
2025-01-21,93,41.92
2025-01-22,93,42.5
2025-01-23,93,38.76
2025-01-24,93,28.83
2025-01-28,93,41.71
2025-01-30,93,24.15
2025-02-11,93,24.47
2025-02-12,93,38.6
2025-02-13,93,26.69
2025-02-14,93,35.66
2025-02-15,93,24.95
2025-02-17,93,34.14
2025-02-18,93,35.28
2025-02-19,93,26.64
2025-02-21,93,39.48
2025-02-25,93,33.69
2025-02-26,93,37.5
2025-02-28,93,33.68
2025-03-05,93,29.06
2025-03-06,93,27.77
2025-03-10,93,29.55
2025-03-13,93,38.97
2025-03-14,93,42.64
2025-03-19,93,34.71
2025-03-21,93,30.99
2025-03-24,93,25.22
2025-03-25,93,35.22
2025-03-26,93,35.08
2025-03-31,93,40.02
2025-04-01,93,40.16
2025-04-05,93,23.33
2025-04-06,93,38.91
2025-04-07,93,37.88
2025-04-08,93,37.58
2025-04-09,93,31.82
2025-04-11,93,24.58
2025-04-14,93,37.19
2025-04-16,93,38.41
2025-04-17,93,33.51
2025-04-18,93,31.14
2025-04-21,93,41.06
2025-04-22,93,33.66
2025-04-23,93,35.77
2025-04-28,93,29.99
2025-04-29,93,41.77
2025-04-30,93,26.25
2025-05-01,93,24.04
2025-05-06,93,28.25
2025-05-08,93,31.9
2025-05-15,93,27.72
2025-05-16,93,40.93
2025-05-18,93,38.02
2025-05-19,93,23.56
2025-05-20,93,40.59
2025-05-21,93,42.68
2025-05-22,93,30.05
2025-05-23,93,24.1
2025-05-26,93,26.4
2025-05-27,93,26.48
2025-05-31,93,41.93
2025-06-02,93,34.57
2025-06-04,93,28.47
2025-06-05,93,25.39
2025-06-06,93,36.81
2025-06-09,93,38.14
2025-06-11,93,37.98
2025-06-12,93,40.14
2025-06-13,93,41.62
2025-06-16,93,38.86
2025-06-17,93,33.75
2025-06-20,93,28.21
2025-06-23,93,40.37
2025-06-25,93,23.86
2025-06-27,93,35.64
2025-07-02,93,36.94
2025-07-03,93,25.78
2025-07-05,93,32.64
2025-07-08,93,36.85
2025-07-09,93,34.62
2025-07-10,93,27.11
2025-07-12,93,26.58
2025-07-14,93,29.5
2025-07-16,93,34.17
2025-07-17,93,36.41
2025-07-18,93,37.9
2025-07-21,93,30.58
2025-07-25,93,33.77
2025-07-26,93,42.21
2025-07-27,93,41.01
2025-07-30,93,29.93
2025-07-31,93,31.46
2025-08-04,93,34.68
2025-08-06,93,27.67
2025-08-07,93,30.34
2025-08-12,93,24.41
2025-08-14,93,28.25
2025-08-15,93,31.53
2025-08-18,93,38.55
2025-08-19,93,36.02
2025-08-20,93,29.73
2025-08-23,93,36.02
2025-08-29,93,34.68
2025-09-01,93,41.44
2025-09-02,93,28.65
2025-09-03,93,33.0
2025-09-05,93,24.48
2025-09-08,93,41.2
2025-09-10,93,35.64
2025-09-17,93,29.46
2025-09-24,93,28.94
2025-09-25,93,39.9
2025-09-28,93,24.13
2025-09-30,93,36.55
2025-10-02,93,41.96
2025-10-07,93,28.95
2025-10-09,93,42.77
2025-10-10,93,30.68
2025-10-11,93,35.84
2025-10-12,93,41.47
2025-10-13,93,41.46
2025-10-14,93,33.27
2025-10-17,93,38.71
2025-10-23,93,38.2
2025-10-27,93,24.68
2025-10-29,93,28.67
2025-10-30,93,24.58
2025-11-02,93,40.21
2025-11-05,93,31.33
2025-11-09,93,40.93
2025-11-13,93,42.34
2025-11-15,93,24.92
2025-11-18,93,27.34
2025-11-19,93,38.22
2025-11-20,93,39.39
2025-11-21,93,32.27
2025-11-24,93,35.11
2025-11-25,93,39.16
2025-11-27,93,25.19
2025-12-01,93,39.76
2025-12-02,93,38.4
2025-12-04,93,41.13
2025-12-08,93,28.43
2025-12-09,93,34.13
2025-12-10,93,26.51
2025-12-11,93,26.8
2025-12-12,93,36.24
2025-12-15,93,32.5
2025-12-16,93,36.05
2025-12-18,93,36.97
2025-12-21,93,29.58
2025-12-22,93,29.08
2025-12-23,93,34.08
2025-12-24,93,37.41
2025-12-25,93,26.16
2025-12-26,93,33.91
2025-12-28,93,27.26
2025-12-29,93,37.46
2025-01-01,94,21.14
2025-01-02,94,13.72
2025-01-08,94,21.83
2025-01-14,94,24.61
2025-01-15,94,24.55
2025-01-16,94,18.32
2025-01-18,94,15.86
2025-01-21,94,18.44
2025-01-22,94,16.4
2025-01-23,94,15.06
2025-01-24,94,21.43
2025-01-27,94,21.04
2025-01-29,94,18.93
2025-02-03,94,16.54
2025-02-05,94,17.91
2025-02-06,94,23.38
2025-02-10,94,19.04
2025-02-11,94,20.79
2025-02-12,94,18.98
2025-02-13,94,13.85
2025-02-15,94,16.51
2025-02-17,94,19.59
2025-02-18,94,16.21
2025-02-19,94,14.87
2025-02-20,94,22.94
2025-02-21,94,21.02
2025-02-28,94,16.08
2025-03-02,94,17.11
2025-03-04,94,18.28
2025-03-05,94,16.15
2025-03-06,94,22.75
2025-03-09,94,21.86
2025-03-13,94,20.37
2025-03-14,94,20.77
2025-03-17,94,21.28
2025-03-19,94,23.54
2025-03-24,94,21.04
2025-03-28,94,24.14
2025-03-30,94,18.43
2025-03-31,94,14.35
2025-04-01,94,19.43
2025-04-03,94,23.7
2025-04-07,94,17.9
2025-04-09,94,14.22
2025-04-10,94,18.57
2025-04-14,94,23.3
2025-04-15,94,23.8
2025-04-16,94,21.09
2025-04-17,94,14.93
2025-04-18,94,14.07
2025-04-21,94,18.89
2025-04-22,94,19.38
2025-04-23,94,19.39
2025-04-24,94,16.56
2025-04-25,94,14.99
2025-04-29,94,20.44
2025-05-01,94,16.57
2025-05-02,94,15.78
2025-05-05,94,14.69
2025-05-06,94,17.93
2025-05-07,94,16.98
2025-05-08,94,20.87
2025-05-12,94,21.87
2025-05-13,94,19.67
2025-05-14,94,13.84
2025-05-15,94,14.5
2025-05-16,94,17.16
2025-05-19,94,22.11
2025-05-20,94,22.48
2025-05-23,94,17.53
2025-05-25,94,13.75
2025-05-26,94,21.62
2025-05-27,94,20.55
2025-05-28,94,20.73
2025-05-29,94,14.61
2025-05-30,94,15.8
2025-05-31,94,18.64
2025-06-05,94,16.01
2025-06-13,94,18.68
2025-06-16,94,18.98
2025-06-18,94,16.12
2025-06-19,94,23.37
2025-06-20,94,19.51
2025-06-23,94,24.11
2025-06-25,94,22.64
2025-07-01,94,14.1
2025-07-02,94,20.11
2025-07-03,94,13.36
2025-07-08,94,21.22
2025-07-09,94,13.41
2025-07-10,94,24.5
2025-07-11,94,21.08
2025-07-12,94,16.85
2025-07-13,94,23.34
2025-07-14,94,15.93
2025-07-16,94,16.04
2025-07-17,94,24.28
2025-07-18,94,24.65
2025-07-19,94,13.54
2025-07-21,94,17.31
2025-07-22,94,16.27
2025-07-25,94,23.68
2025-07-27,94,16.8
2025-07-29,94,19.71
2025-08-02,94,20.92
2025-08-05,94,16.56
2025-08-06,94,17.64
2025-08-07,94,22.93
2025-08-10,94,17.19
2025-08-12,94,19.64
2025-08-13,94,24.69
2025-08-14,94,13.84
2025-08-18,94,19.26
2025-08-19,94,19.42
2025-08-25,94,20.9
2025-08-26,94,16.1
2025-08-29,94,22.1
2025-09-02,94,24.37
2025-09-03,94,23.42
2025-09-10,94,13.7
2025-09-11,94,22.88
2025-09-14,94,18.16
2025-09-17,94,21.2
2025-09-18,94,19.76
2025-09-21,94,23.27
2025-09-22,94,21.79
2025-09-23,94,20.84
2025-09-25,94,24.47
2025-09-26,94,13.43
2025-09-29,94,23.99
2025-10-01,94,23.11
2025-10-02,94,16.47
2025-10-08,94,23.32
2025-10-09,94,18.22
2025-10-14,94,14.63
2025-10-19,94,23.38
2025-10-20,94,13.53
2025-10-24,94,15.9
2025-10-29,94,20.78
2025-11-03,94,24.1
2025-11-04,94,24.6
2025-11-07,94,14.82
2025-11-08,94,23.18
2025-11-10,94,23.92
2025-11-11,94,22.01
2025-11-12,94,15.73
2025-11-15,94,19.48
2025-11-17,94,18.05
2025-11-21,94,19.08
2025-11-23,94,20.08
2025-11-26,94,17.06
2025-11-27,94,21.29
2025-11-30,94,21.21
2025-12-05,94,19.29
2025-12-06,94,24.08
2025-12-08,94,13.81
2025-12-09,94,13.34
2025-12-10,94,24.15
2025-12-11,94,19.52
2025-12-12,94,22.23
2025-12-14,94,23.18
2025-12-17,94,18.51
2025-12-24,94,21.2
2025-12-26,94,16.69
2025-01-01,95,24.35
2025-01-02,95,26.94
2025-01-10,95,33.5
2025-01-14,95,22.61
2025-01-15,95,39.2
2025-01-16,95,29.53
2025-01-17,95,26.83
2025-01-18,95,39.81
2025-01-19,95,39.56
2025-01-21,95,29.55
2025-01-23,95,40.23
2025-01-24,95,28.33
2025-01-25,95,40.74
2025-01-30,95,37.5
2025-02-02,95,40.45
2025-02-03,95,33.51
2025-02-04,95,30.64
2025-02-06,95,31.56
2025-02-07,95,29.12
2025-02-10,95,35.57
2025-02-13,95,40.36
2025-02-16,95,39.67
2025-02-18,95,36.11
2025-02-20,95,33.09
2025-02-21,95,32.19
2025-02-23,95,27.56
2025-02-24,95,24.84
2025-02-28,95,35.66
2025-03-01,95,26.23
2025-03-02,95,40.94
2025-03-03,95,25.76
2025-03-05,95,30.74
2025-03-09,95,24.17
2025-03-11,95,31.1
2025-03-12,95,29.85
2025-03-13,95,36.67
2025-03-15,95,38.8
2025-03-17,95,33.85
2025-03-19,95,38.61
2025-03-20,95,32.9
2025-03-21,95,25.86
2025-03-23,95,39.76
2025-03-28,95,38.25
2025-03-30,95,34.91
2025-04-01,95,38.07
2025-04-02,95,30.88
2025-04-03,95,23.11
2025-04-04,95,31.05
2025-04-07,95,24.43
2025-04-08,95,35.33
2025-04-11,95,22.71
2025-04-12,95,33.05
2025-04-14,95,23.5
2025-04-17,95,25.55
2025-04-21,95,33.48
2025-04-22,95,39.22
2025-04-24,95,34.16
2025-04-25,95,31.31
2025-04-30,95,39.25
2025-05-01,95,22.45
2025-05-02,95,36.55
2025-05-03,95,40.43
2025-05-05,95,33.56
2025-05-08,95,28.42
2025-05-10,95,29.24
2025-05-13,95,35.05
2025-05-14,95,35.58
2025-05-15,95,36.05
2025-05-16,95,37.29
2025-05-19,95,36.26
2025-05-20,95,27.81
2025-05-21,95,27.88
2025-05-22,95,37.15
2025-05-24,95,33.16
2025-05-27,95,23.18
2025-05-28,95,28.4
2025-05-29,95,31.77
2025-06-02,95,26.85
2025-06-03,95,24.76
2025-06-04,95,33.43
2025-06-06,95,28.84
2025-06-07,95,28.36
2025-06-09,95,34.83
2025-06-10,95,30.59
2025-06-11,95,30.11
2025-06-16,95,41.59
2025-06-18,95,41.09
2025-06-22,95,36.81
2025-06-24,95,36.86
2025-07-01,95,22.8
2025-07-03,95,40.13
2025-07-05,95,24.57
2025-07-07,95,32.8
2025-07-08,95,37.61
2025-07-10,95,35.55
2025-07-11,95,38.96
2025-07-12,95,31.88
2025-07-13,95,25.8
2025-07-14,95,28.31
2025-07-15,95,28.27
2025-07-16,95,27.89
2025-07-18,95,25.5
2025-07-19,95,22.74
2025-07-21,95,27.43
2025-07-24,95,24.51
2025-07-25,95,30.88
2025-07-28,95,31.9
2025-07-31,95,25.06
2025-08-03,95,35.41
2025-08-06,95,30.9
2025-08-07,95,32.5
2025-08-11,95,23.45
2025-08-14,95,36.02
2025-08-20,95,27.79
2025-08-22,95,29.69
2025-08-23,95,25.09
2025-08-24,95,29.08
2025-08-27,95,34.6
2025-09-02,95,29.91
2025-09-03,95,29.03
2025-09-04,95,39.67
2025-09-07,95,23.9
2025-09-10,95,32.81
2025-09-12,95,26.27
2025-09-13,95,26.92
2025-09-15,95,39.06
2025-09-16,95,30.39
2025-09-17,95,39.44
2025-09-20,95,37.42
2025-09-21,95,25.38
2025-09-22,95,31.32
2025-09-23,95,29.09
2025-09-24,95,41.15
2025-09-26,95,39.27
2025-09-27,95,28.82
2025-09-29,95,25.2
2025-10-01,95,40.1
2025-10-02,95,39.45
2025-10-03,95,33.41
2025-10-06,95,29.23
2025-10-07,95,29.19
2025-10-08,95,38.71
2025-10-10,95,36.42
2025-10-13,95,24.09
2025-10-17,95,22.99
2025-10-18,95,40.05
2025-10-22,95,37.31
2025-10-23,95,29.77
2025-10-25,95,28.54
2025-10-28,95,29.63
2025-10-29,95,41.29
2025-10-31,95,26.46
2025-11-03,95,30.97
2025-11-04,95,36.04
2025-11-06,95,33.08
2025-11-12,95,27.33
2025-11-14,95,29.1
2025-11-17,95,35.72
2025-11-19,95,33.05
2025-11-20,95,28.31
2025-11-21,95,36.47
2025-11-24,95,33.06
2025-11-25,95,32.19
2025-11-26,95,36.63
2025-11-27,95,37.47
2025-11-29,95,38.35
2025-12-01,95,41.56
2025-12-03,95,39.4
2025-12-04,95,36.17
2025-12-05,95,33.01
2025-12-06,95,35.44
2025-12-08,95,23.77
2025-12-10,95,35.31
2025-12-11,95,29.34
2025-12-16,95,23.68
2025-12-17,95,41.22
2025-12-18,95,24.61
2025-12-19,95,36.04
2025-12-20,95,29.05
2025-12-21,95,41.13
2025-12-22,95,35.66
2025-12-25,95,28.37
2025-12-27,95,36.17
2025-12-30,95,32.0
2025-12-31,95,41.19
2025-01-01,96,25.4
2025-01-03,96,35.88
2025-01-05,96,30.18
2025-01-06,96,28.08
2025-01-07,96,30.58
2025-01-08,96,36.68
2025-01-09,96,27.25
2025-01-10,96,32.1
2025-01-14,96,38.62
2025-01-16,96,31.46
2025-01-17,96,37.73
2025-01-20,96,36.09
2025-01-21,96,30.75
2025-01-22,96,35.48
2025-01-24,96,23.11
2025-01-25,96,32.09
2025-01-26,96,26.76
2025-01-28,96,31.46
2025-01-29,96,23.17
2025-01-30,96,30.3
2025-01-31,96,22.0
2025-02-01,96,28.28
2025-02-03,96,29.77
2025-02-04,96,32.97
2025-02-05,96,24.06
2025-02-07,96,23.04
2025-02-08,96,32.28
2025-02-13,96,28.44
2025-02-14,96,28.4
2025-02-15,96,35.5
2025-02-18,96,31.76
2025-02-19,96,33.06
2025-02-20,96,25.97
2025-02-21,96,38.09
2025-02-27,96,27.93
2025-02-28,96,22.61
2025-03-02,96,35.39
2025-03-04,96,23.99
2025-03-05,96,23.5
2025-03-06,96,34.61
2025-03-07,96,21.0
2025-03-08,96,35.72
2025-03-11,96,26.66
2025-03-14,96,37.33
2025-03-16,96,21.19
2025-03-19,96,26.77
2025-03-20,96,33.14
2025-03-23,96,30.36
2025-03-24,96,38.1
2025-03-30,96,32.11
2025-04-03,96,33.22
2025-04-04,96,22.17
2025-04-05,96,28.01
2025-04-08,96,34.72
2025-04-09,96,31.94
2025-04-12,96,35.86
2025-04-14,96,26.93
2025-04-17,96,21.62
2025-04-19,96,26.94
2025-04-20,96,30.21
2025-04-21,96,25.06
2025-04-22,96,22.34
2025-04-23,96,25.77
2025-04-24,96,37.87
2025-05-01,96,33.53
2025-05-02,96,37.91
2025-05-05,96,30.27
2025-05-06,96,28.49
2025-05-07,96,29.09
2025-05-08,96,36.34
2025-05-09,96,31.2
2025-05-10,96,37.44
2025-05-12,96,29.34
2025-05-13,96,34.38
2025-05-15,96,21.98
2025-05-19,96,28.59
2025-05-21,96,36.21
2025-05-22,96,27.56
2025-05-25,96,25.39
2025-05-27,96,38.88
2025-05-29,96,37.12
2025-06-01,96,24.6
2025-06-02,96,28.49
2025-06-03,96,26.94
2025-06-04,96,36.06
2025-06-07,96,22.66
2025-06-09,96,32.51
2025-06-13,96,33.77
2025-06-17,96,37.97
2025-06-19,96,21.62
2025-06-23,96,31.04
2025-06-24,96,38.68
2025-06-26,96,26.3
2025-06-30,96,25.57
2025-07-01,96,28.69
2025-07-03,96,28.87
2025-07-04,96,27.53
2025-07-10,96,28.16
2025-07-15,96,38.65
2025-07-18,96,27.85
2025-07-24,96,29.74
2025-07-25,96,34.79
2025-07-28,96,34.17
2025-07-29,96,38.34
2025-07-31,96,35.02
2025-08-06,96,37.34
2025-08-07,96,33.01
2025-08-12,96,36.45
2025-08-13,96,27.32
2025-08-14,96,25.42
2025-08-19,96,36.87
2025-08-20,96,31.59
2025-08-26,96,27.66
2025-08-27,96,36.96
2025-08-29,96,23.74
2025-09-01,96,31.99
2025-09-02,96,24.42
2025-09-03,96,30.71
2025-09-04,96,38.68
2025-09-05,96,33.75
2025-09-10,96,27.38
2025-09-11,96,37.02
2025-09-16,96,21.25
2025-09-17,96,21.84
2025-09-18,96,31.28
2025-09-24,96,30.9
2025-09-25,96,33.38
2025-09-26,96,26.6
2025-09-29,96,33.8
2025-10-01,96,30.4
2025-10-03,96,28.47
2025-10-07,96,31.91
2025-10-08,96,21.53
2025-10-09,96,22.95
2025-10-10,96,29.31
2025-10-11,96,31.53
2025-10-13,96,34.62
2025-10-14,96,38.33
2025-10-15,96,31.74
2025-10-20,96,25.38
2025-10-22,96,23.25
2025-10-23,96,30.01
2025-10-24,96,29.15
2025-10-26,96,23.24
2025-10-29,96,32.32
2025-10-31,96,23.09
2025-11-01,96,21.81
2025-11-02,96,22.07
2025-11-04,96,31.46
2025-11-07,96,32.18
2025-11-12,96,24.54
2025-11-16,96,23.83
2025-11-18,96,27.95
2025-11-20,96,32.35
2025-11-21,96,22.94
2025-11-24,96,25.81
2025-11-27,96,22.99
2025-11-29,96,33.98
2025-11-30,96,26.97
2025-12-01,96,21.5
2025-12-02,96,26.74
2025-12-11,96,25.74
2025-12-12,96,26.62
2025-12-13,96,35.44
2025-12-16,96,31.84
2025-12-17,96,22.91
2025-12-18,96,25.84
2025-12-19,96,37.75
2025-12-20,96,29.33
2025-12-21,96,27.41
2025-12-26,96,24.27
2025-12-30,96,27.27
2025-12-31,96,37.12
2025-01-01,97,5.85
2025-01-02,97,7.34
2025-01-09,97,6.91
2025-01-14,97,7.13
2025-01-19,97,4.27
2025-01-21,97,5.56
2025-01-22,97,5.16
2025-01-23,97,7.02
2025-01-24,97,6.88
2025-01-27,97,7.34
2025-01-28,97,5.55
2025-01-31,97,6.8
2025-02-02,97,4.65
2025-02-03,97,4.28
2025-02-04,97,4.67
2025-02-07,97,5.82
2025-02-11,97,5.44
2025-02-13,97,6.79
2025-02-18,97,7.0
2025-02-20,97,5.06
2025-02-21,97,4.39
2025-02-24,97,5.88
2025-02-25,97,4.46
2025-02-27,97,6.45
2025-03-02,97,7.02
2025-03-05,97,5.0
2025-03-07,97,6.27
2025-03-10,97,5.29
2025-03-11,97,5.93
2025-03-13,97,7.02
2025-03-14,97,7.28
2025-03-18,97,5.41
2025-03-19,97,4.8
2025-03-22,97,6.25
2025-03-23,97,5.25
2025-03-24,97,6.85
2025-03-25,97,7.01
2025-03-26,97,6.93
2025-03-28,97,6.81
2025-03-29,97,4.99
2025-03-30,97,5.62
2025-03-31,97,5.71
2025-04-01,97,4.76
2025-04-04,97,6.79
2025-04-06,97,5.54
2025-04-10,97,6.6
2025-04-11,97,6.87
2025-04-13,97,6.47
2025-04-15,97,5.68
2025-04-19,97,5.55
2025-04-20,97,6.55
2025-04-24,97,4.65
2025-04-28,97,6.19
2025-04-29,97,5.12
2025-04-30,97,6.43
2025-05-01,97,7.8
2025-05-02,97,6.19
2025-05-05,97,6.24
2025-05-06,97,5.59
2025-05-07,97,4.65
2025-05-10,97,7.62
2025-05-11,97,5.05
2025-05-12,97,6.82
2025-05-13,97,4.41
2025-05-14,97,6.12
2025-05-21,97,4.67
2025-05-24,97,5.98
2025-05-26,97,5.08
2025-05-27,97,5.71
2025-05-28,97,6.2
2025-05-29,97,6.29
2025-05-30,97,5.13
2025-06-03,97,6.13
2025-06-04,97,6.7
2025-06-05,97,6.88
2025-06-10,97,7.42
2025-06-11,97,4.35
2025-06-12,97,7.71
2025-06-16,97,5.89
2025-06-17,97,4.38
2025-06-18,97,6.8
2025-06-19,97,4.28
2025-06-20,97,6.91
2025-06-23,97,4.99
2025-06-24,97,5.69
2025-06-26,97,7.5
2025-06-30,97,6.3
2025-07-02,97,6.66
2025-07-03,97,5.85
2025-07-05,97,4.59
2025-07-06,97,5.55
2025-07-09,97,4.69
2025-07-10,97,4.73
2025-07-11,97,6.23
2025-07-14,97,4.73
2025-07-15,97,5.52
2025-07-17,97,4.27
2025-07-18,97,7.45
2025-07-21,97,6.64
2025-07-22,97,6.85
2025-07-24,97,4.86
2025-07-25,97,6.49
2025-07-29,97,6.27
2025-07-30,97,4.8
2025-07-31,97,6.88
2025-08-04,97,5.8
2025-08-05,97,6.35
2025-08-06,97,4.72
2025-08-08,97,6.26
2025-08-11,97,4.21
2025-08-13,97,7.39
2025-08-14,97,6.31
2025-08-15,97,5.65
2025-08-19,97,7.52
2025-08-21,97,4.26
2025-08-22,97,4.38
2025-08-25,97,5.7
2025-08-26,97,5.06
2025-08-27,97,4.59
2025-08-28,97,5.63
2025-09-02,97,6.01
2025-09-03,97,6.76
2025-09-04,97,6.32
2025-09-05,97,6.1
2025-09-08,97,6.25
2025-09-11,97,7.67
2025-09-12,97,7.74
2025-09-13,97,7.8
2025-09-14,97,6.77
2025-09-18,97,4.39
2025-09-19,97,6.51
2025-09-21,97,5.11
2025-09-22,97,6.82
2025-09-24,97,7.53
2025-09-26,97,6.02
2025-09-30,97,5.26
2025-10-01,97,4.95
2025-10-03,97,7.19
2025-10-07,97,4.88
2025-10-09,97,4.89
2025-10-10,97,7.3
2025-10-12,97,7.39
2025-10-13,97,7.76
2025-10-14,97,6.1
2025-10-15,97,5.78
2025-10-16,97,5.31
2025-10-17,97,5.22
2025-10-19,97,5.99
2025-10-27,97,6.57
2025-10-28,97,5.2
2025-10-29,97,5.5
2025-10-30,97,6.12
2025-10-31,97,6.06
2025-11-03,97,5.45
2025-11-07,97,5.6
2025-11-10,97,5.22
2025-11-12,97,7.56
2025-11-13,97,6.96
2025-11-14,97,4.91
2025-11-19,97,4.89
2025-11-25,97,4.25
2025-11-26,97,7.13
2025-11-27,97,6.25
2025-11-28,97,6.05
2025-12-01,97,7.08
2025-12-05,97,6.01
2025-12-12,97,6.88
2025-12-15,97,6.02
2025-12-16,97,7.27
2025-12-17,97,6.34
2025-12-18,97,6.37
2025-12-19,97,7.52
2025-12-21,97,6.34
2025-12-26,97,4.65
2025-12-29,97,5.05
2025-01-02,98,8.42
2025-01-03,98,13.55
2025-01-06,98,12.41
2025-01-07,98,14.22
2025-01-09,98,12.51
2025-01-10,98,14.05
2025-01-11,98,9.27
2025-01-13,98,9.97
2025-01-14,98,10.65
2025-01-15,98,13.5
2025-01-16,98,13.91
2025-01-17,98,9.55
2025-01-20,98,13.65
2025-01-21,98,9.91
2025-01-23,98,11.42
2025-01-24,98,8.87
2025-01-25,98,13.65
2025-01-26,98,11.11
2025-01-27,98,10.23
2025-01-28,98,10.67
2025-01-31,98,7.86
2025-02-03,98,10.71
2025-02-04,98,10.84
2025-02-05,98,14.26
2025-02-06,98,10.2
2025-02-11,98,13.71
2025-02-12,98,8.49
2025-02-14,98,12.56
2025-02-20,98,12.31
2025-02-21,98,12.44
2025-02-22,98,10.72
2025-02-23,98,9.92
2025-02-25,98,12.22
2025-02-26,98,8.31
2025-02-27,98,13.44
2025-03-02,98,8.56
2025-03-05,98,10.28
2025-03-07,98,12.69
2025-03-10,98,11.3
2025-03-11,98,10.67
2025-03-12,98,9.45
2025-03-16,98,8.81
2025-03-19,98,12.55
2025-03-21,98,10.58
2025-03-23,98,8.95
2025-03-24,98,13.65
2025-03-25,98,11.15
2025-03-28,98,8.58
2025-03-31,98,12.94
2025-04-01,98,10.96
2025-04-02,98,10.43
2025-04-03,98,11.33
2025-04-09,98,11.57
2025-04-11,98,7.85
2025-04-14,98,9.6
2025-04-16,98,8.13
2025-04-17,98,14.3
2025-04-18,98,9.45
2025-04-19,98,9.49
2025-04-23,98,10.27
2025-04-24,98,7.72
2025-04-27,98,9.59
2025-04-28,98,12.87
2025-04-29,98,12.91
2025-05-01,98,14.09
2025-05-02,98,9.52
2025-05-04,98,10.35
2025-05-07,98,11.95
2025-05-09,98,11.47
2025-05-12,98,8.33
2025-05-14,98,12.12
2025-05-15,98,12.44
2025-05-16,98,13.91
2025-05-17,98,8.15
2025-05-19,98,10.77
2025-05-21,98,12.06
2025-05-22,98,12.13
2025-05-23,98,10.74
2025-05-29,98,10.42
2025-05-30,98,7.82
2025-05-31,98,14.03
2025-06-03,98,11.47
2025-06-04,98,9.7
2025-06-09,98,8.36
2025-06-10,98,13.29
2025-06-11,98,11.32
2025-06-12,98,14.21
2025-06-16,98,10.76
2025-06-17,98,9.91
2025-06-18,98,9.79
2025-06-20,98,9.84
2025-06-24,98,12.67
2025-06-25,98,8.83
2025-06-26,98,10.46
2025-06-27,98,12.29
2025-07-01,98,11.39
2025-07-02,98,10.05
2025-07-04,98,10.41
2025-07-05,98,12.49
2025-07-06,98,13.54
2025-07-07,98,13.75
2025-07-11,98,13.86
2025-07-14,98,8.15
2025-07-16,98,12.0
2025-07-18,98,13.96
2025-07-24,98,10.98
2025-07-29,98,7.78
2025-07-31,98,9.89
2025-08-05,98,11.2
2025-08-07,98,12.95
2025-08-08,98,8.17
2025-08-09,98,10.4
2025-08-11,98,8.29
2025-08-12,98,11.29
2025-08-13,98,8.12
2025-08-18,98,12.55
2025-08-19,98,7.85
2025-08-20,98,8.05
2025-08-21,98,8.07
2025-08-25,98,8.18
2025-08-26,98,11.66
2025-08-28,98,10.46
2025-08-30,98,10.34
2025-09-01,98,13.24
2025-09-03,98,10.14
2025-09-05,98,8.67
2025-09-10,98,13.87
2025-09-11,98,9.55
2025-09-12,98,7.81
2025-09-14,98,8.59
2025-09-15,98,9.2
2025-09-16,98,8.0
2025-09-17,98,9.04
2025-09-18,98,11.55
2025-09-19,98,8.63
2025-09-24,98,11.4
2025-09-26,98,12.13
2025-09-29,98,10.01
2025-09-30,98,8.73
2025-10-01,98,9.07
2025-10-05,98,8.38
2025-10-07,98,8.0
2025-10-09,98,10.25
2025-10-11,98,12.46
2025-10-13,98,13.42
2025-10-14,98,13.49
2025-10-15,98,14.19
2025-10-20,98,9.44
2025-10-21,98,11.77
2025-10-23,98,10.36
2025-10-27,98,8.45
2025-10-29,98,8.72
2025-10-31,98,11.4
2025-11-03,98,10.21
2025-11-05,98,11.38
2025-11-06,98,9.15
2025-11-07,98,12.11
2025-11-10,98,12.71
2025-11-11,98,10.65
2025-11-12,98,9.81
2025-11-13,98,8.23
2025-11-14,98,13.8
2025-11-17,98,13.62
2025-11-18,98,10.67
2025-11-19,98,13.46
2025-11-20,98,7.71
2025-11-22,98,8.71
2025-11-24,98,13.21
2025-11-25,98,11.31
2025-11-26,98,11.46
2025-11-27,98,8.35
2025-11-29,98,12.17
2025-12-01,98,9.26
2025-12-02,98,9.64
2025-12-04,98,14.21
2025-12-07,98,8.86
2025-12-08,98,12.13
2025-12-09,98,13.02
2025-12-10,98,11.44
2025-12-11,98,11.23
2025-12-12,98,9.57
2025-12-15,98,13.02
2025-12-17,98,11.4
2025-12-18,98,8.96
2025-12-24,98,10.87
2025-12-25,98,8.26
2025-12-26,98,11.4
2025-12-29,98,10.04
2025-12-30,98,8.93
2025-01-01,99,15.22
2025-01-06,99,10.58
2025-01-07,99,17.42
2025-01-10,99,17.25
2025-01-13,99,16.09
2025-01-15,99,12.42
2025-01-16,99,16.88
2025-01-21,99,18.25
2025-01-22,99,17.53
2025-01-23,99,18.32
2025-01-24,99,12.66
2025-01-26,99,14.32
2025-01-27,99,15.31
2025-01-30,99,11.46
2025-01-31,99,11.79
2025-02-04,99,17.25
2025-02-06,99,19.16
2025-02-07,99,10.82
2025-02-10,99,13.77
2025-02-11,99,16.82
2025-02-13,99,16.41
2025-02-14,99,15.88
2025-02-17,99,14.75
2025-02-18,99,10.9
2025-02-19,99,10.72
2025-02-20,99,11.15
2025-02-21,99,19.32
2025-02-22,99,13.8
2025-02-24,99,15.55
2025-02-25,99,12.5
2025-02-27,99,13.89
2025-02-28,99,13.05
2025-03-05,99,15.99
2025-03-10,99,17.54
2025-03-11,99,18.46
2025-03-12,99,16.76
2025-03-13,99,18.21
2025-03-15,99,14.77
2025-03-16,99,11.77
2025-03-18,99,14.06
2025-03-20,99,13.1
2025-03-21,99,15.81
2025-03-22,99,11.75
2025-03-25,99,18.0
2025-03-27,99,15.92
2025-03-28,99,18.07
2025-04-01,99,13.16
2025-04-02,99,16.61
2025-04-03,99,14.68
2025-04-07,99,15.78
2025-04-09,99,17.65
2025-04-10,99,16.53
2025-04-15,99,14.28
2025-04-16,99,15.34
2025-04-17,99,19.21
2025-04-18,99,12.89
2025-04-21,99,11.23
2025-04-22,99,10.86
2025-04-23,99,16.2
2025-04-28,99,11.25
2025-04-30,99,19.19
2025-05-01,99,11.7
2025-05-02,99,12.36
2025-05-05,99,12.68
2025-05-06,99,15.08
2025-05-07,99,17.04
2025-05-09,99,15.82
2025-05-12,99,12.42
2025-05-13,99,14.04
2025-05-14,99,11.39
2025-05-16,99,12.53
2025-05-19,99,19.35
2025-05-20,99,17.45
2025-05-26,99,16.27
2025-05-30,99,17.93
2025-06-03,99,19.08
2025-06-05,99,15.19
2025-06-06,99,11.01
2025-06-07,99,10.55
2025-06-09,99,18.96
2025-06-10,99,16.42
2025-06-11,99,16.47
2025-06-13,99,13.33
2025-06-16,99,12.96
2025-06-17,99,16.61
2025-06-19,99,10.59
2025-06-20,99,19.07
2025-06-22,99,18.68
2025-06-24,99,16.81
2025-06-25,99,13.53
2025-06-26,99,13.8
2025-06-30,99,14.15
2025-07-01,99,17.35
2025-07-02,99,12.13
2025-07-03,99,15.61
2025-07-08,99,19.29
2025-07-09,99,18.78
2025-07-10,99,15.28
2025-07-11,99,13.86
2025-07-16,99,19.26
2025-07-17,99,18.73
2025-07-22,99,15.5
2025-07-23,99,13.26
2025-07-24,99,18.7
2025-07-29,99,16.06
2025-07-31,99,16.08
2025-08-01,99,14.02
2025-08-04,99,19.16
2025-08-06,99,13.02
2025-08-08,99,15.33
2025-08-09,99,19.46
2025-08-11,99,17.21
2025-08-21,99,16.72
2025-08-24,99,17.94
2025-08-25,99,16.68
2025-08-27,99,17.21
2025-08-29,99,17.24
2025-09-01,99,14.54
2025-09-03,99,12.9
2025-09-09,99,11.03
2025-09-10,99,15.58
2025-09-11,99,16.7
2025-09-12,99,17.62
2025-09-14,99,13.19
2025-09-18,99,19.23
2025-09-20,99,14.8
2025-09-22,99,18.62
2025-09-24,99,18.72
2025-09-25,99,14.57
2025-09-29,99,15.15
2025-09-30,99,16.18
2025-10-03,99,15.56
2025-10-05,99,15.96
2025-10-06,99,11.09
2025-10-07,99,12.25
2025-10-08,99,13.84
2025-10-09,99,12.72
2025-10-10,99,13.66
2025-10-14,99,10.61
2025-10-15,99,14.65
2025-10-16,99,13.08
2025-10-17,99,17.68
2025-10-19,99,17.74
2025-10-20,99,13.06
2025-10-21,99,12.87
2025-10-22,99,18.91
2025-10-24,99,14.51
2025-10-28,99,12.2
2025-10-29,99,18.76
2025-10-30,99,18.58
2025-11-02,99,13.29
2025-11-03,99,16.41
2025-11-05,99,13.87
2025-11-10,99,11.16
2025-11-11,99,17.1
2025-11-12,99,16.15
2025-11-14,99,18.81
2025-11-16,99,18.02
2025-11-21,99,16.62
2025-11-23,99,15.98
2025-11-25,99,14.1
2025-11-27,99,19.38
2025-11-30,99,13.16
2025-12-01,99,16.38
2025-12-02,99,17.95
2025-12-04,99,17.56
2025-12-05,99,11.07
2025-12-06,99,10.52
2025-12-09,99,16.46
2025-12-11,99,18.08
2025-12-12,99,17.74
2025-12-14,99,14.58
2025-12-17,99,12.51
2025-12-18,99,10.92
2025-12-19,99,12.82
2025-12-20,99,14.07
2025-12-22,99,15.74
2025-12-23,99,17.86
2025-12-24,99,12.51
2025-12-28,99,10.65
2025-12-29,99,12.27
2025-12-30,99,12.86
2025-12-31,99,17.29
2025-01-01,100,22.81
2025-01-04,100,15.75
2025-01-06,100,17.23
2025-01-07,100,15.38
2025-01-08,100,18.69
2025-01-09,100,22.25
2025-01-13,100,18.52
2025-01-14,100,16.17
2025-01-17,100,14.71
2025-01-19,100,22.06
2025-01-21,100,23.66
2025-01-22,100,15.88
2025-01-26,100,20.5
2025-01-27,100,21.28
2025-01-30,100,22.99
2025-02-03,100,19.05
2025-02-05,100,18.46
2025-02-06,100,15.74
2025-02-07,100,18.49
2025-02-11,100,20.49
2025-02-12,100,21.15
2025-02-13,100,17.2
2025-02-14,100,17.58
2025-02-16,100,16.46
2025-02-18,100,20.45
2025-02-19,100,22.54
2025-02-21,100,21.47
2025-02-23,100,19.89
2025-02-25,100,19.09
2025-03-03,100,18.5
2025-03-05,100,20.18
2025-03-06,100,15.46
2025-03-07,100,17.97
2025-03-11,100,22.32
2025-03-12,100,16.48
2025-03-13,100,17.91
2025-03-14,100,20.74
2025-03-18,100,23.11
2025-03-20,100,20.41
2025-03-21,100,24.05
2025-03-23,100,20.55
2025-03-26,100,21.68
2025-04-01,100,18.74
2025-04-02,100,18.71
2025-04-06,100,22.45
2025-04-08,100,21.45
2025-04-11,100,16.23
2025-04-14,100,16.87
2025-04-15,100,17.7
2025-04-18,100,24.67
2025-04-21,100,22.19
2025-04-22,100,17.06
2025-04-24,100,17.22
2025-04-28,100,21.04
2025-04-29,100,16.85
2025-04-30,100,15.38
2025-05-01,100,23.16
2025-05-02,100,21.23
2025-05-07,100,20.43
2025-05-09,100,14.08
2025-05-14,100,20.66
2025-05-21,100,13.43
2025-05-22,100,18.01
2025-05-23,100,18.53
2025-05-26,100,18.48
2025-05-28,100,13.47
2025-05-29,100,24.25
2025-06-01,100,19.8
2025-06-04,100,21.68
2025-06-06,100,19.63
2025-06-10,100,19.78
2025-06-11,100,23.99
2025-06-12,100,24.22
2025-06-16,100,15.15
2025-06-17,100,18.73
2025-06-19,100,22.2
2025-06-20,100,13.52
2025-06-21,100,19.82
2025-06-22,100,20.23
2025-06-23,100,21.17
2025-06-24,100,22.67
2025-06-25,100,22.38
2025-06-26,100,17.78
2025-06-27,100,18.36
2025-06-29,100,14.3
2025-06-30,100,14.71
2025-07-01,100,21.11
2025-07-02,100,15.55
2025-07-04,100,13.92
2025-07-10,100,14.08
2025-07-13,100,16.96
2025-07-18,100,17.07
2025-07-19,100,24.53
2025-07-22,100,21.26
2025-07-28,100,17.91
2025-07-30,100,23.16
2025-07-31,100,19.19
2025-08-01,100,19.04
2025-08-03,100,21.9
2025-08-04,100,23.96
2025-08-05,100,13.77
2025-08-08,100,24.39
2025-08-11,100,13.56
2025-08-14,100,19.62
2025-08-21,100,22.09
2025-08-26,100,16.93
2025-08-28,100,23.25
2025-08-29,100,19.58
2025-08-31,100,21.18
2025-09-05,100,19.62
2025-09-07,100,22.74
2025-09-09,100,16.63
2025-09-10,100,24.29
2025-09-14,100,23.08
2025-09-15,100,23.94
2025-09-18,100,17.23
2025-09-19,100,21.21
2025-09-22,100,22.37
2025-09-25,100,17.02
2025-09-26,100,18.61
2025-09-29,100,23.17
2025-09-30,100,16.52
2025-10-05,100,21.43
2025-10-06,100,17.76
2025-10-08,100,21.67
2025-10-09,100,16.03
2025-10-10,100,22.11
2025-10-11,100,24.28
2025-10-12,100,13.46
2025-10-15,100,15.07
2025-10-16,100,20.46
2025-10-17,100,20.38
2025-10-18,100,15.09
2025-10-19,100,21.25
2025-10-22,100,21.79
2025-10-30,100,22.08
2025-11-04,100,24.29
2025-11-07,100,15.8
2025-11-11,100,14.56
2025-11-12,100,19.4
2025-11-13,100,16.1
2025-11-14,100,19.7
2025-11-16,100,22.86
2025-11-17,100,21.19
2025-11-18,100,22.1
2025-11-19,100,23.24
2025-11-20,100,13.4
2025-11-24,100,18.0
2025-11-25,100,21.89
2025-11-27,100,14.95
2025-11-28,100,23.61
2025-11-30,100,19.61
2025-12-01,100,13.57
2025-12-08,100,17.7
2025-12-09,100,18.7
2025-12-11,100,24.06
2025-12-13,100,15.2
2025-12-14,100,24.4
2025-12-15,100,15.22
2025-12-16,100,17.22
2025-12-18,100,15.12
2025-12-21,100,19.57
2025-12-22,100,24.4
2025-12-23,100,14.92
2025-12-25,100,19.21
2025-12-29,100,20.67
2025-12-30,100,17.03
2025-01-03,101,23.23
2025-01-08,101,20.32
2025-01-09,101,30.64
2025-01-11,101,23.26
2025-01-15,101,21.33
2025-01-16,101,28.65
2025-01-17,101,30.31
2025-01-19,101,30.83
2025-01-20,101,30.07
2025-01-21,101,26.67
2025-01-28,101,27.61
2025-01-30,101,31.67
2025-02-05,101,24.2
2025-02-10,101,28.33
2025-02-12,101,35.65
2025-02-18,101,37.09
2025-02-19,101,31.45
2025-02-20,101,23.85
2025-02-21,101,23.05
2025-02-27,101,33.47
2025-02-28,101,24.95
2025-03-03,101,24.39
2025-03-04,101,24.36
2025-03-07,101,36.75
2025-03-10,101,22.42
2025-03-11,101,21.65
2025-03-12,101,34.0
2025-03-13,101,21.85
2025-03-19,101,33.12
2025-03-20,101,31.37
2025-03-26,101,33.28
2025-03-28,101,25.09
2025-03-30,101,32.04
2025-03-31,101,28.16
2025-04-03,101,33.55
2025-04-04,101,37.6
2025-04-07,101,30.5
2025-04-08,101,36.18
2025-04-12,101,20.57
2025-04-17,101,21.95
2025-04-18,101,34.89
2025-04-19,101,21.63
2025-04-21,101,33.19
2025-04-22,101,25.89
2025-04-23,101,33.82
2025-04-24,101,23.19
2025-04-25,101,37.47
2025-04-28,101,27.87
2025-05-01,101,35.25
2025-05-07,101,29.86
2025-05-12,101,30.83
2025-05-19,101,35.7
2025-05-22,101,22.03
2025-05-27,101,37.09
2025-05-28,101,27.5
2025-05-29,101,36.08
2025-06-01,101,25.93
2025-06-02,101,22.3
2025-06-03,101,24.03
2025-06-06,101,26.56
2025-06-07,101,31.24
2025-06-10,101,22.74
2025-06-11,101,21.27
2025-06-12,101,22.76
2025-06-13,101,32.46
2025-06-14,101,32.35
2025-06-17,101,20.71
2025-06-18,101,37.11
2025-06-19,101,30.86
2025-06-22,101,27.64
2025-06-25,101,34.32
2025-06-26,101,34.02
2025-07-01,101,20.82
2025-07-02,101,21.87
2025-07-03,101,29.87
2025-07-04,101,25.19
2025-07-05,101,24.99
2025-07-07,101,31.23
2025-07-10,101,31.07
2025-07-11,101,25.92
2025-07-15,101,31.28
2025-07-18,101,29.58
2025-07-19,101,29.33
2025-07-21,101,22.69
2025-07-22,101,26.89
2025-07-24,101,30.23
2025-07-25,101,21.86
2025-07-26,101,36.22
2025-07-28,101,33.37
2025-07-29,101,34.93
2025-07-31,101,21.43
2025-08-01,101,25.42
2025-08-03,101,25.3
2025-08-04,101,22.26
2025-08-05,101,30.08
2025-08-08,101,22.27
2025-08-15,101,29.35
2025-08-17,101,36.22
2025-08-18,101,21.83
2025-08-19,101,27.66
2025-08-20,101,21.95
2025-08-22,101,30.05
2025-08-26,101,29.67
2025-08-28,101,21.58
2025-09-01,101,29.2
2025-09-03,101,30.7
2025-09-05,101,25.48
2025-09-09,101,33.66
2025-09-10,101,30.81
2025-09-11,101,36.14
2025-09-12,101,34.7
2025-09-15,101,22.34
2025-09-16,101,20.32
2025-09-17,101,30.06
2025-09-20,101,31.53
2025-09-24,101,36.3
2025-09-25,101,32.49
2025-09-26,101,22.43
2025-09-29,101,23.76
2025-10-01,101,27.24
2025-10-06,101,26.28
2025-10-07,101,21.14
2025-10-08,101,28.9
2025-10-11,101,25.43
2025-10-13,101,28.41
2025-10-14,101,33.55
2025-10-17,101,29.11
2025-10-19,101,36.99
2025-10-21,101,31.24
2025-10-22,101,35.49
2025-10-23,101,36.03
2025-10-27,101,26.99
2025-10-28,101,29.48
2025-10-29,101,26.42
2025-10-30,101,35.48
2025-10-31,101,34.33
2025-11-02,101,33.83
2025-11-04,101,21.84
2025-11-05,101,23.0
2025-11-10,101,21.47
2025-11-11,101,36.67
2025-11-12,101,30.59
2025-11-15,101,35.79
2025-11-18,101,22.11
2025-11-19,101,37.13
2025-11-20,101,29.72
2025-11-21,101,27.28
2025-11-24,101,34.06
2025-11-25,101,24.55
2025-11-26,101,30.95
2025-11-28,101,30.61
2025-12-03,101,33.88
2025-12-04,101,21.26
2025-12-07,101,24.01
2025-12-08,101,33.04
2025-12-09,101,21.13
2025-12-15,101,33.53
2025-12-16,101,28.76
2025-12-18,101,31.66
2025-12-20,101,28.35
2025-12-22,101,31.26
2025-12-23,101,33.72
2025-12-24,101,26.79
2025-12-25,101,26.32
2025-12-26,101,26.48
2025-12-30,101,32.0
2025-01-01,102,6.94
2025-01-06,102,9.51
2025-01-08,102,7.13
2025-01-09,102,9.4
2025-01-13,102,9.16
2025-01-15,102,10.16
2025-01-16,102,9.41
2025-01-17,102,10.08
2025-01-18,102,8.22
2025-01-19,102,6.55
2025-01-20,102,7.87
2025-01-22,102,8.29
2025-01-25,102,6.45
2025-01-26,102,5.93
2025-01-27,102,9.09
2025-01-28,102,7.48
2025-01-29,102,8.43
2025-02-05,102,9.14
2025-02-06,102,10.38
2025-02-07,102,7.73
2025-02-10,102,7.68
2025-02-13,102,7.69
2025-02-18,102,8.57
2025-02-19,102,7.46
2025-02-20,102,9.7
2025-02-21,102,8.69
2025-02-22,102,10.15
2025-02-26,102,9.93
2025-02-28,102,8.14
2025-03-02,102,7.47
2025-03-04,102,8.67
2025-03-05,102,6.58
2025-03-09,102,7.07
2025-03-11,102,6.37
2025-03-15,102,6.75
2025-03-16,102,8.63
2025-03-17,102,5.83
2025-03-18,102,9.73
2025-03-21,102,9.84
2025-03-25,102,8.27
2025-03-27,102,7.31
2025-03-29,102,8.15
2025-03-31,102,7.56
2025-04-01,102,6.51
2025-04-04,102,7.43
2025-04-08,102,9.82
2025-04-09,102,9.79
2025-04-10,102,9.33
2025-04-15,102,7.85
2025-04-16,102,7.09
2025-04-17,102,5.75
2025-04-21,102,8.62
2025-04-22,102,8.86
2025-04-23,102,8.75
2025-04-24,102,8.78
2025-04-25,102,6.16
2025-04-26,102,7.58
2025-04-28,102,7.16
2025-04-30,102,10.22
2025-05-01,102,7.2
2025-05-06,102,7.99
2025-05-09,102,5.91
2025-05-12,102,10.31
2025-05-14,102,7.08
2025-05-16,102,6.81
2025-05-23,102,9.22
2025-05-28,102,6.21
2025-05-29,102,6.3
2025-05-30,102,6.19
2025-06-02,102,9.54
2025-06-03,102,7.12
2025-06-04,102,5.9
2025-06-09,102,9.37
2025-06-12,102,7.59
2025-06-13,102,6.84
2025-06-15,102,7.83
2025-06-17,102,6.83
2025-06-22,102,5.63
2025-06-23,102,7.98
2025-06-24,102,6.15
2025-06-25,102,9.58
2025-06-26,102,10.36
2025-06-27,102,8.71
2025-06-30,102,6.53
2025-07-01,102,8.8
2025-07-02,102,8.48
2025-07-03,102,7.48
2025-07-04,102,9.75
2025-07-08,102,8.66
2025-07-09,102,9.03
2025-07-10,102,7.04
2025-07-11,102,6.03
2025-07-14,102,7.88
2025-07-16,102,7.31
2025-07-17,102,8.63
2025-07-20,102,5.92
2025-07-24,102,7.6
2025-07-25,102,6.29
2025-07-27,102,8.04
2025-07-29,102,6.05
2025-07-31,102,8.14
2025-08-04,102,7.19
2025-08-08,102,6.92
2025-08-10,102,6.77
2025-08-11,102,5.88
2025-08-12,102,6.9
2025-08-14,102,8.1
2025-08-15,102,9.6
2025-08-19,102,7.43
2025-08-21,102,7.61
2025-08-25,102,8.63
2025-08-28,102,9.73
2025-08-29,102,7.72
2025-08-31,102,7.56
2025-09-01,102,9.03
2025-09-02,102,8.77
2025-09-03,102,6.07
2025-09-05,102,7.28
2025-09-06,102,8.78
2025-09-09,102,8.12
2025-09-14,102,6.41
2025-09-16,102,7.65
2025-09-17,102,7.39
2025-09-18,102,7.15
2025-09-20,102,9.24
2025-09-22,102,7.37
2025-09-23,102,6.18
2025-09-24,102,5.65
2025-09-27,102,6.14
2025-09-30,102,10.37
2025-10-01,102,8.81
2025-10-03,102,7.94
2025-10-04,102,8.05
2025-10-05,102,7.43
2025-10-06,102,7.0
2025-10-07,102,9.3
2025-10-08,102,9.51
2025-10-10,102,7.62
2025-10-14,102,8.62
2025-10-16,102,8.4
2025-10-17,102,6.85
2025-10-18,102,8.32
2025-10-20,102,9.29
2025-10-21,102,6.51
2025-10-23,102,6.55
2025-10-24,102,6.95
2025-10-26,102,7.85
2025-10-27,102,8.6
2025-10-29,102,8.22
2025-10-30,102,5.79
2025-11-02,102,6.8
2025-11-03,102,9.5
2025-11-05,102,6.36
2025-11-06,102,9.49
2025-11-07,102,6.16
2025-11-08,102,7.2
2025-11-09,102,9.18
2025-11-10,102,9.81
2025-11-12,102,8.53
2025-11-13,102,6.28
2025-11-16,102,7.09
2025-11-17,102,6.84
2025-11-18,102,6.78
2025-11-21,102,8.11
2025-11-22,102,6.04
2025-11-25,102,7.61
2025-11-28,102,6.97
2025-11-30,102,7.72
2025-12-01,102,7.95
2025-12-02,102,8.81
2025-12-03,102,8.49
2025-12-04,102,6.81
2025-12-08,102,7.78
2025-12-10,102,9.09
2025-12-12,102,9.3
2025-12-13,102,9.77
2025-12-15,102,9.54
2025-12-17,102,10.14
2025-12-18,102,10.37
2025-12-19,102,7.9
2025-12-20,102,6.91
2025-12-22,102,10.12
2025-12-23,102,6.91
2025-12-27,102,9.29
2025-01-02,103,33.28
2025-01-03,103,26.21
2025-01-08,103,25.83
2025-01-11,103,27.04
2025-01-12,103,29.98
2025-01-13,103,22.39
2025-01-16,103,26.02
2025-01-20,103,26.57
2025-01-21,103,33.0
2025-01-23,103,24.28
2025-01-24,103,25.33
2025-01-30,103,18.7
2025-02-03,103,28.63
2025-02-04,103,21.83
2025-02-07,103,20.45
2025-02-10,103,20.87
2025-02-11,103,20.57
2025-02-12,103,30.93
2025-02-13,103,24.97
2025-02-14,103,18.47
2025-02-15,103,26.01
2025-02-17,103,19.89
2025-02-21,103,24.28
2025-02-25,103,21.23
2025-02-26,103,18.32
2025-02-27,103,22.47
2025-03-02,103,20.45
2025-03-03,103,27.84
2025-03-07,103,24.67
2025-03-10,103,27.32
2025-03-11,103,31.58
2025-03-13,103,31.84
2025-03-16,103,31.18
2025-03-17,103,32.0
2025-03-18,103,27.27
2025-03-19,103,21.14
2025-03-28,103,21.05
2025-04-01,103,27.48
2025-04-03,103,19.07
2025-04-04,103,19.62
2025-04-05,103,21.37
2025-04-07,103,27.63
2025-04-08,103,23.04
2025-04-11,103,25.18
2025-04-12,103,31.37
2025-04-13,103,20.45
2025-04-14,103,21.14
2025-04-16,103,19.74
2025-04-18,103,18.5
2025-04-19,103,21.93
2025-04-21,103,26.65
2025-04-22,103,28.45
2025-04-23,103,26.34
2025-04-24,103,31.33
2025-04-26,103,32.49
2025-04-27,103,23.35
2025-04-28,103,29.45
2025-04-29,103,20.93
2025-04-30,103,21.73
2025-05-03,103,32.14
2025-05-04,103,28.94
2025-05-05,103,22.39
2025-05-06,103,26.01
2025-05-12,103,33.44
2025-05-13,103,23.12
2025-05-15,103,18.39
2025-05-16,103,25.33
2025-05-19,103,27.13
2025-05-23,103,27.28
2025-05-25,103,19.55
2025-06-01,103,29.63
2025-06-02,103,21.47
2025-06-03,103,29.98
2025-06-05,103,32.01
2025-06-06,103,33.04
2025-06-09,103,23.91
2025-06-10,103,23.33
2025-06-16,103,18.94
2025-06-17,103,22.64
2025-06-18,103,19.91
2025-06-23,103,32.83
2025-06-24,103,28.63
2025-06-25,103,33.64
2025-06-27,103,33.6
2025-06-30,103,21.57
2025-07-02,103,32.51
2025-07-03,103,18.34
2025-07-04,103,23.72
2025-07-07,103,27.04
2025-07-10,103,24.74
2025-07-12,103,25.83
2025-07-14,103,23.51
2025-07-15,103,29.37
2025-07-16,103,22.04
2025-07-17,103,33.74
2025-07-18,103,18.95
2025-07-19,103,20.2
2025-07-20,103,29.75
2025-07-21,103,30.32
2025-07-22,103,22.34
2025-07-23,103,24.89
2025-07-24,103,26.18
2025-07-25,103,21.19
2025-07-27,103,31.73
2025-07-29,103,33.6
2025-07-30,103,33.21
2025-08-02,103,27.32
2025-08-04,103,32.14
2025-08-07,103,23.26
2025-08-08,103,29.58
2025-08-11,103,25.18
2025-08-12,103,28.55
2025-08-13,103,18.26
2025-08-14,103,30.27
2025-08-16,103,24.79
2025-08-18,103,23.66
2025-08-19,103,23.54
2025-08-20,103,32.85
2025-08-21,103,19.42
2025-08-22,103,24.2
2025-08-24,103,31.97
2025-08-26,103,22.21
2025-08-27,103,24.43
2025-08-28,103,27.85
2025-08-29,103,33.13
2025-08-31,103,29.19
2025-09-01,103,23.24
2025-09-02,103,25.93
2025-09-06,103,28.21
2025-09-09,103,33.78
2025-09-10,103,19.58
2025-09-12,103,20.14
2025-09-14,103,26.41
2025-09-15,103,18.31
2025-09-16,103,21.85
2025-09-17,103,23.67
2025-09-20,103,25.82
2025-09-22,103,33.28
2025-09-23,103,19.76
2025-09-24,103,25.53
2025-09-25,103,24.72
2025-09-29,103,30.87
2025-10-01,103,26.73
2025-10-02,103,19.62
2025-10-06,103,22.09
2025-10-07,103,19.21
2025-10-08,103,22.84
2025-10-10,103,22.03
2025-10-13,103,20.27
2025-10-14,103,24.78
2025-10-15,103,18.77
2025-10-16,103,30.12
2025-10-17,103,25.31
2025-10-20,103,24.45
2025-10-22,103,28.64
2025-10-24,103,31.29
2025-10-27,103,30.77
2025-11-02,103,28.94
2025-11-04,103,32.29
2025-11-05,103,18.86
2025-11-06,103,18.26
2025-11-07,103,21.17
2025-11-10,103,21.89
2025-11-14,103,28.25
2025-11-15,103,28.36
2025-11-18,103,32.36
2025-11-19,103,21.19
2025-11-22,103,20.09
2025-11-24,103,18.93
2025-11-26,103,32.54
2025-11-27,103,18.96
2025-11-29,103,23.44
2025-12-01,103,18.57
2025-12-02,103,19.4
2025-12-03,103,33.42
2025-12-04,103,30.88
2025-12-05,103,21.36
2025-12-08,103,18.67
2025-12-09,103,29.66
2025-12-12,103,20.74
2025-12-14,103,21.52
2025-12-16,103,20.01
2025-12-17,103,19.51
2025-12-18,103,25.95
2025-12-19,103,20.03
2025-12-25,103,23.43
2025-12-26,103,33.49
2025-12-29,103,27.89
2025-12-31,103,28.6
2025-01-01,104,28.24
2025-01-02,104,31.32
2025-01-03,104,19.81
2025-01-07,104,29.65
2025-01-08,104,17.61
2025-01-11,104,21.97
2025-01-13,104,30.45
2025-01-14,104,27.36
2025-01-15,104,26.24
2025-01-16,104,21.04
2025-01-17,104,23.52
2025-01-20,104,19.65
2025-01-21,104,31.77
2025-01-23,104,25.77
2025-01-24,104,30.98
2025-01-27,104,18.5
2025-01-28,104,24.85
2025-01-29,104,22.19
2025-01-30,104,31.34
2025-01-31,104,22.78
2025-02-02,104,31.43
2025-02-03,104,25.03
2025-02-04,104,26.66
2025-02-05,104,26.41
2025-02-10,104,28.15
2025-02-12,104,22.54
2025-02-15,104,21.88
2025-02-18,104,22.96
2025-02-19,104,20.29
2025-02-20,104,28.98
2025-02-21,104,27.34
2025-02-23,104,20.32
2025-02-24,104,30.84
2025-02-25,104,22.41
2025-02-26,104,32.08
2025-03-02,104,21.45
2025-03-04,104,30.91
2025-03-05,104,28.22
2025-03-06,104,31.48
2025-03-07,104,26.09
2025-03-08,104,24.71
2025-03-10,104,25.1
2025-03-13,104,25.04
2025-03-18,104,24.02
2025-03-19,104,24.49
2025-03-20,104,18.96
2025-03-21,104,22.5
2025-03-23,104,29.44
2025-03-25,104,24.87
2025-03-26,104,23.81
2025-03-27,104,27.33
2025-03-28,104,17.74
2025-03-29,104,24.04
2025-04-03,104,26.06
2025-04-04,104,28.57
2025-04-05,104,23.76
2025-04-09,104,26.07
2025-04-10,104,31.99
2025-04-12,104,20.8
2025-04-15,104,27.86
2025-04-16,104,18.12
2025-04-19,104,19.68
2025-04-23,104,25.27
2025-04-30,104,24.6
2025-05-01,104,24.97
2025-05-04,104,32.03
2025-05-05,104,20.14
2025-05-06,104,32.35
2025-05-07,104,21.56
2025-05-08,104,31.75
2025-05-11,104,30.0
2025-05-15,104,30.09
2025-05-22,104,17.53
2025-05-23,104,28.98
2025-05-24,104,25.49
2025-05-27,104,30.22
2025-06-02,104,20.88
2025-06-03,104,28.44
2025-06-04,104,24.07
2025-06-05,104,28.62
2025-06-06,104,24.14
2025-06-10,104,25.87
2025-06-11,104,30.32
2025-06-13,104,25.84
2025-06-17,104,20.04
2025-06-18,104,29.51
2025-06-19,104,24.04
2025-06-23,104,22.89
2025-06-24,104,31.31
2025-06-29,104,25.84
2025-07-01,104,31.42
2025-07-03,104,25.47
2025-07-06,104,21.57
2025-07-07,104,18.58
2025-07-08,104,32.08
2025-07-09,104,19.39
2025-07-11,104,20.87
2025-07-13,104,18.96
2025-07-14,104,31.18
2025-07-18,104,28.17
2025-07-25,104,32.04
2025-07-28,104,25.14
2025-07-30,104,25.56
2025-07-31,104,23.92
2025-08-02,104,32.33
2025-08-03,104,22.29
2025-08-04,104,28.78
2025-08-05,104,29.32
2025-08-06,104,28.73
2025-08-08,104,17.82
2025-08-09,104,23.26
2025-08-10,104,24.35
2025-08-11,104,22.96
2025-08-19,104,21.83
2025-08-20,104,17.67
2025-08-21,104,17.86
2025-08-23,104,20.54
2025-08-25,104,29.75
2025-08-27,104,22.27
2025-08-29,104,21.71
2025-09-01,104,19.86
2025-09-04,104,28.98
2025-09-06,104,25.27
2025-09-07,104,26.26
2025-09-08,104,19.94
2025-09-14,104,27.39
2025-09-16,104,32.39
2025-09-17,104,26.12
2025-09-19,104,26.6
2025-09-22,104,31.67
2025-09-24,104,29.59
2025-09-26,104,21.67
2025-09-27,104,18.59
2025-09-28,104,21.67
2025-09-29,104,32.04
2025-10-04,104,22.45
2025-10-09,104,20.39
2025-10-14,104,20.02
2025-10-15,104,30.75
2025-10-16,104,21.28
2025-10-18,104,29.13
2025-10-20,104,24.97
2025-10-21,104,19.87
2025-10-22,104,19.9
2025-10-23,104,20.07
2025-10-24,104,31.86
2025-10-25,104,27.46
2025-10-27,104,31.99
2025-10-28,104,29.28
2025-11-01,104,23.39
2025-11-03,104,21.44
2025-11-05,104,25.55
2025-11-11,104,27.71
2025-11-14,104,25.09
2025-11-16,104,28.93
2025-11-17,104,26.33
2025-11-21,104,20.17
2025-11-22,104,23.94
2025-11-25,104,25.53
2025-11-26,104,30.9
2025-11-30,104,22.52
2025-12-04,104,31.55
2025-12-05,104,18.25
2025-12-06,104,24.43
2025-12-08,104,25.72
2025-12-10,104,18.12
2025-12-11,104,20.24
2025-12-12,104,18.16
2025-12-16,104,29.87
2025-12-18,104,29.03
2025-12-19,104,28.94
2025-12-22,104,29.31
2025-12-29,104,31.12
2025-12-30,104,25.98
2025-12-31,104,29.97
2025-01-02,105,6.12
2025-01-04,105,6.32
2025-01-05,105,4.91
2025-01-06,105,5.38
2025-01-08,105,4.56
2025-01-09,105,3.88
2025-01-13,105,4.85
2025-01-14,105,5.83
2025-01-15,105,4.85
2025-01-16,105,6.46
2025-01-17,105,3.84
2025-01-22,105,4.14
2025-01-23,105,5.79
2025-01-27,105,4.78
2025-01-30,105,4.48
2025-02-03,105,4.23
2025-02-04,105,3.92
2025-02-05,105,4.34
2025-02-06,105,4.27
2025-02-07,105,4.52
2025-02-10,105,3.59
2025-02-11,105,5.95
2025-02-12,105,4.38
2025-02-14,105,6.41
2025-02-17,105,4.17
2025-02-19,105,4.96
2025-02-20,105,4.39
2025-02-21,105,4.9
2025-02-25,105,5.02
2025-02-28,105,6.34
2025-03-04,105,6.2
2025-03-05,105,5.59
2025-03-06,105,3.66
2025-03-10,105,5.01
2025-03-12,105,4.07
2025-03-13,105,6.43
2025-03-14,105,5.77
2025-03-16,105,6.24
2025-03-17,105,5.2
2025-03-18,105,4.47
2025-03-20,105,5.02
2025-03-21,105,6.05
2025-03-24,105,4.99
2025-03-25,105,4.45
2025-03-26,105,6.24
2025-03-31,105,5.9
2025-04-10,105,4.45
2025-04-11,105,4.45
2025-04-15,105,3.61
2025-04-16,105,4.15
2025-04-18,105,4.64
2025-04-20,105,3.74
2025-04-21,105,5.59
2025-04-25,105,4.53
2025-04-29,105,3.55
2025-04-30,105,3.98
2025-05-01,105,5.83
2025-05-02,105,4.57
2025-05-05,105,5.57
2025-05-07,105,5.93
2025-05-08,105,5.58
2025-05-09,105,4.78
2025-05-14,105,5.48
2025-05-15,105,4.93
2025-05-16,105,3.58
2025-05-17,105,6.02
2025-05-19,105,5.42
2025-05-20,105,4.08
2025-05-21,105,3.68
2025-05-25,105,4.91
2025-05-26,105,4.69
2025-05-27,105,5.62
2025-05-28,105,5.06
2025-05-29,105,5.07
2025-05-30,105,6.28
2025-06-01,105,4.52
2025-06-02,105,5.09
2025-06-03,105,4.92
2025-06-04,105,5.78
2025-06-05,105,6.04
2025-06-10,105,4.78
2025-06-12,105,4.93
2025-06-13,105,3.7
2025-06-20,105,4.98
2025-06-23,105,5.47
2025-06-24,105,3.7
2025-06-25,105,5.3
2025-06-29,105,3.96
2025-07-01,105,5.62
2025-07-02,105,4.52
2025-07-06,105,6.37
2025-07-09,105,4.77
2025-07-10,105,3.83
2025-07-11,105,4.41
2025-07-16,105,3.93
2025-07-17,105,6.15
2025-07-21,105,4.22
2025-07-22,105,5.87
2025-07-23,105,4.13
2025-07-24,105,3.9
2025-07-30,105,4.76
2025-07-31,105,5.91
2025-08-04,105,5.91
2025-08-05,105,3.9
2025-08-07,105,5.55
2025-08-11,105,6.19
2025-08-12,105,5.02
2025-08-13,105,6.24
2025-08-14,105,5.59
2025-08-15,105,3.78
2025-08-17,105,5.56
2025-08-18,105,6.01
2025-08-20,105,4.9
2025-08-21,105,4.79
2025-08-23,105,5.93
2025-08-24,105,3.6
2025-08-25,105,4.34
2025-08-26,105,3.82
2025-08-29,105,5.2
2025-09-01,105,5.88
2025-09-02,105,4.79
2025-09-03,105,5.65
2025-09-04,105,3.73
2025-09-10,105,4.27
2025-09-11,105,6.35
2025-09-14,105,6.17
2025-09-16,105,3.83
2025-09-18,105,5.32
2025-09-19,105,5.6
2025-09-22,105,5.5
2025-09-23,105,4.68
2025-09-24,105,5.56
2025-09-27,105,4.66
2025-09-29,105,5.44
2025-09-30,105,5.01
2025-10-07,105,3.67
2025-10-08,105,4.09
2025-10-09,105,4.05
2025-10-15,105,4.99
2025-10-16,105,5.41
2025-10-20,105,3.69
2025-10-22,105,6.19
2025-10-24,105,6.49
2025-10-28,105,6.41
2025-10-29,105,6.23
2025-10-30,105,5.86
2025-10-31,105,4.59
2025-11-04,105,6.26
2025-11-06,105,5.8
2025-11-07,105,5.99
2025-11-14,105,5.14
2025-11-15,105,4.9
2025-11-16,105,5.4
2025-11-17,105,6.08
2025-11-18,105,4.36
2025-11-19,105,4.03
2025-11-20,105,5.85
2025-11-21,105,4.12
2025-11-22,105,4.9
2025-11-24,105,4.24
2025-11-25,105,6.38
2025-11-26,105,4.28
2025-11-27,105,5.93
2025-11-28,105,5.17
2025-11-30,105,6.27
2025-12-01,105,5.05
2025-12-03,105,5.72
2025-12-05,105,3.52
2025-12-07,105,5.19
2025-12-09,105,5.39
2025-12-10,105,3.79
2025-12-12,105,4.35
2025-12-16,105,4.31
2025-12-17,105,5.41
2025-12-19,105,3.79
2025-12-21,105,4.26
2025-12-22,105,4.45
2025-12-23,105,6.4
2025-12-24,105,4.29
2025-12-25,105,5.93
2025-12-31,105,6.09
2025-01-03,106,26.45
2025-01-07,106,30.6
2025-01-08,106,30.91
2025-01-09,106,28.16
2025-01-10,106,28.62
2025-01-12,106,23.21
2025-01-13,106,34.51
2025-01-14,106,37.2
2025-01-18,106,31.74
2025-01-21,106,26.97
2025-01-23,106,33.17
2025-01-27,106,35.71
2025-01-28,106,23.31
2025-01-29,106,36.82
2025-01-30,106,20.44
2025-01-31,106,25.16
2025-02-03,106,25.32
2025-02-05,106,22.77
2025-02-07,106,23.87
2025-02-09,106,24.75
2025-02-10,106,27.2
2025-02-13,106,24.15
2025-02-20,106,33.36
2025-02-22,106,28.71
2025-02-25,106,36.72
2025-02-26,106,25.31
2025-02-28,106,25.85
2025-03-03,106,36.69
2025-03-04,106,27.84
2025-03-05,106,22.0
2025-03-10,106,33.92
2025-03-11,106,27.18
2025-03-12,106,33.84
2025-03-13,106,37.36
2025-03-20,106,27.27
2025-03-24,106,35.84
2025-03-25,106,35.19
2025-03-27,106,29.96
2025-03-30,106,28.68
2025-03-31,106,35.9
2025-04-01,106,24.1
2025-04-02,106,24.15
2025-04-04,106,26.6
2025-04-05,106,36.42
2025-04-07,106,24.58
2025-04-08,106,37.31
2025-04-11,106,36.21
2025-04-14,106,21.41
2025-04-15,106,35.72
2025-04-17,106,25.57
2025-04-19,106,35.63
2025-04-27,106,30.9
2025-05-04,106,25.35
2025-05-06,106,24.21
2025-05-07,106,28.74
2025-05-09,106,22.04
2025-05-12,106,37.08
2025-05-13,106,33.05
2025-05-14,106,27.55
2025-05-15,106,26.36
2025-05-16,106,23.34
2025-05-21,106,31.47
2025-05-22,106,34.35
2025-05-26,106,27.67
2025-05-27,106,22.25
2025-05-29,106,28.83
2025-05-31,106,34.4
2025-06-02,106,23.61
2025-06-03,106,23.4
2025-06-04,106,37.63
2025-06-05,106,30.79
2025-06-06,106,21.07
2025-06-09,106,20.49
2025-06-11,106,27.96
2025-06-13,106,34.48
2025-06-17,106,25.79
2025-06-18,106,26.73
2025-06-19,106,30.82
2025-06-20,106,25.7
2025-06-21,106,20.41
2025-06-25,106,32.47
2025-06-26,106,25.68
2025-06-27,106,32.47
2025-07-01,106,27.38
2025-07-02,106,26.5
2025-07-03,106,36.73
2025-07-04,106,24.33
2025-07-09,106,28.74
2025-07-10,106,31.16
2025-07-12,106,25.07
2025-07-14,106,22.73
2025-07-15,106,33.59
2025-07-21,106,33.27
2025-07-22,106,26.68
2025-07-25,106,20.73
2025-07-28,106,35.18
2025-07-29,106,28.71
2025-07-30,106,29.64
2025-07-31,106,33.87
2025-08-10,106,27.55
2025-08-11,106,31.25
2025-08-12,106,36.97
2025-08-13,106,22.01
2025-08-15,106,26.49
2025-08-18,106,25.99
2025-08-19,106,30.38
2025-08-20,106,25.1
2025-08-21,106,34.53
2025-08-26,106,29.61
2025-08-27,106,22.9
2025-09-03,106,25.49
2025-09-04,106,30.43
2025-09-05,106,23.15
2025-09-12,106,24.87
2025-09-16,106,23.65
2025-09-17,106,24.66
2025-09-20,106,32.57
2025-09-21,106,32.78
2025-09-23,106,32.4
2025-09-25,106,22.31
2025-09-26,106,29.3
2025-09-29,106,32.72
2025-09-30,106,21.29
2025-10-01,106,21.85
2025-10-05,106,28.9
2025-10-06,106,23.83
2025-10-07,106,25.17
2025-10-10,106,33.51
2025-10-11,106,30.3
2025-10-12,106,37.09
2025-10-14,106,23.36
2025-10-16,106,30.94
2025-10-19,106,26.64
2025-10-20,106,26.68
2025-10-22,106,27.54
2025-10-23,106,32.77
2025-10-24,106,24.39
2025-10-27,106,25.99
2025-10-28,106,34.0
2025-10-29,106,33.68
2025-10-30,106,20.82
2025-10-31,106,36.07
2025-11-01,106,22.98
2025-11-02,106,32.31
2025-11-03,106,24.76
2025-11-04,106,25.68
2025-11-05,106,22.62
2025-11-06,106,25.72
2025-11-09,106,36.54
2025-11-11,106,34.51
2025-11-13,106,23.08
2025-11-15,106,31.08
2025-11-17,106,34.03
2025-11-21,106,25.1
2025-11-24,106,32.28
2025-11-25,106,27.78
2025-11-26,106,36.63
2025-11-28,106,27.29
2025-11-29,106,33.29
2025-11-30,106,34.3
2025-12-01,106,30.27
2025-12-03,106,23.16
2025-12-04,106,28.92
2025-12-07,106,20.75
2025-12-08,106,27.55
2025-12-09,106,22.3
2025-12-10,106,26.39
2025-12-13,106,22.79
2025-12-15,106,23.76
2025-12-16,106,24.3
2025-12-17,106,32.96
2025-12-18,106,26.43
2025-12-20,106,21.07
2025-12-23,106,27.38
2025-12-24,106,33.05
2025-12-25,106,32.45
2025-12-26,106,21.08
2025-01-02,107,36.45
2025-01-03,107,41.83
2025-01-06,107,33.14
2025-01-08,107,29.86
2025-01-09,107,32.56
2025-01-10,107,41.74
2025-01-11,107,37.45
2025-01-12,107,28.18
2025-01-16,107,34.84
2025-01-17,107,42.7
2025-01-20,107,38.41
2025-01-22,107,31.97
2025-01-23,107,44.96
2025-01-24,107,40.88
2025-01-27,107,42.11
2025-01-28,107,31.78
2025-01-29,107,31.29
2025-02-04,107,28.9
2025-02-06,107,34.39
2025-02-07,107,27.48
2025-02-09,107,39.48
2025-02-10,107,41.99
2025-02-11,107,42.06
2025-02-12,107,33.53
2025-02-13,107,42.42
2025-02-14,107,41.74
2025-02-15,107,49.37
2025-02-17,107,28.28
2025-02-18,107,48.16
2025-02-19,107,45.81
2025-02-20,107,46.09
2025-02-23,107,45.93
2025-02-24,107,34.67
2025-02-26,107,40.53
2025-03-03,107,37.9
2025-03-07,107,48.41
2025-03-09,107,36.2
2025-03-10,107,35.55
2025-03-11,107,40.21
2025-03-12,107,48.71
2025-03-14,107,28.89
2025-03-18,107,43.5
2025-03-19,107,31.39
2025-03-20,107,43.54
2025-03-21,107,50.7
2025-03-25,107,48.22
2025-03-26,107,39.5
2025-03-28,107,38.87
2025-03-30,107,28.9
2025-03-31,107,40.11
2025-04-01,107,47.94
2025-04-02,107,39.39
2025-04-03,107,27.56
2025-04-04,107,39.63
2025-04-07,107,41.44
2025-04-08,107,32.76
2025-04-10,107,31.99
2025-04-14,107,39.46
2025-04-17,107,42.69
2025-04-18,107,27.77
2025-04-22,107,30.83
2025-04-23,107,44.29
2025-04-24,107,45.92
2025-04-30,107,49.27
2025-05-01,107,36.02
2025-05-03,107,42.24
2025-05-08,107,28.64
2025-05-11,107,41.97
2025-05-12,107,31.69
2025-05-14,107,34.91
2025-05-22,107,29.98
2025-05-24,107,38.11
2025-05-25,107,35.07
2025-05-26,107,48.27
2025-05-28,107,47.88
2025-05-29,107,32.08
2025-05-30,107,31.77
2025-06-03,107,32.6
2025-06-04,107,50.19
2025-06-05,107,41.72
2025-06-06,107,27.84
2025-06-08,107,42.71
2025-06-13,107,48.27
2025-06-16,107,38.66
2025-06-17,107,29.99
2025-06-18,107,47.05
2025-06-19,107,47.19
2025-06-22,107,40.57
2025-06-27,107,31.27
2025-06-30,107,45.59
2025-07-01,107,29.97
2025-07-04,107,50.26
2025-07-08,107,47.87
2025-07-10,107,42.85
2025-07-14,107,31.76
2025-07-15,107,40.88
2025-07-17,107,34.38
2025-07-18,107,28.57
2025-07-19,107,40.74
2025-07-20,107,47.23
2025-07-21,107,47.54
2025-07-22,107,41.24
2025-07-23,107,50.39
2025-07-25,107,41.49
2025-07-26,107,44.49
2025-07-28,107,42.21
2025-07-29,107,47.2
2025-07-30,107,30.5
2025-07-31,107,31.11
2025-08-02,107,41.86
2025-08-04,107,27.93
2025-08-07,107,34.48
2025-08-09,107,44.92
2025-08-10,107,36.62
2025-08-12,107,34.49
2025-08-13,107,41.94
2025-08-14,107,36.91
2025-08-15,107,27.93
2025-08-18,107,41.0
2025-08-19,107,29.8
2025-08-20,107,38.32
2025-08-21,107,41.91
2025-08-23,107,44.08
2025-08-24,107,27.32
2025-08-25,107,38.53
2025-08-26,107,44.2
2025-08-27,107,38.89
2025-08-29,107,40.86
2025-08-31,107,46.45
2025-09-01,107,46.35
2025-09-02,107,35.63
2025-09-03,107,38.92
2025-09-04,107,27.44
2025-09-05,107,29.04
2025-09-10,107,35.19
2025-09-11,107,28.46
2025-09-12,107,38.48
2025-09-14,107,33.44
2025-09-15,107,34.24
2025-09-18,107,45.74
2025-09-19,107,39.52
2025-09-20,107,32.75
2025-09-24,107,30.64
2025-09-25,107,44.44
2025-09-26,107,44.87
2025-09-29,107,41.4
2025-09-30,107,44.15
2025-10-03,107,41.92
2025-10-06,107,47.84
2025-10-07,107,28.35
2025-10-08,107,29.65
2025-10-09,107,38.14
2025-10-14,107,34.76
2025-10-15,107,43.57
2025-10-16,107,33.49
2025-10-17,107,37.79
2025-10-18,107,47.89
2025-10-21,107,40.33
2025-10-23,107,35.39
2025-10-24,107,36.27
2025-10-28,107,30.99
2025-10-30,107,40.46
2025-10-31,107,48.8
2025-11-03,107,45.32
2025-11-04,107,43.69
2025-11-06,107,47.45
2025-11-07,107,48.6
2025-11-08,107,32.58
2025-11-10,107,46.01
2025-11-13,107,43.5
2025-11-14,107,32.0
2025-11-18,107,46.57
2025-11-20,107,31.67
2025-11-21,107,36.67
2025-11-22,107,38.71
2025-11-24,107,50.0
2025-11-25,107,27.61
2025-11-26,107,49.06
2025-11-27,107,32.52
2025-12-01,107,45.93
2025-12-02,107,29.23
2025-12-03,107,35.1
2025-12-09,107,28.16
2025-12-10,107,45.4
2025-12-11,107,36.87
2025-12-16,107,45.63
2025-12-17,107,28.15
2025-12-22,107,50.63
2025-12-24,107,45.53
2025-12-26,107,37.71
2025-12-27,107,47.73
2025-12-28,107,47.73
2025-12-30,107,44.14
2025-12-31,107,49.63
2025-01-02,108,16.5
2025-01-03,108,12.34
2025-01-04,108,11.09
2025-01-06,108,10.32
2025-01-07,108,9.65
2025-01-10,108,15.33
2025-01-11,108,16.7
2025-01-14,108,16.01
2025-01-15,108,9.28
2025-01-17,108,15.85
2025-01-20,108,9.74
2025-01-25,108,15.56
2025-01-27,108,12.38
2025-01-28,108,15.59
2025-01-29,108,12.89
2025-01-30,108,9.53
2025-01-31,108,15.27
2025-02-04,108,9.6
2025-02-05,108,12.94
2025-02-06,108,14.77
2025-02-07,108,14.43
2025-02-12,108,14.13
2025-02-13,108,14.07
2025-02-14,108,9.65
2025-02-16,108,15.16
2025-02-18,108,12.65
2025-02-19,108,15.8
2025-02-21,108,12.82
2025-02-24,108,10.52
2025-02-25,108,12.15
2025-02-26,108,11.66
2025-02-27,108,14.86
2025-03-04,108,12.49
2025-03-08,108,9.89
2025-03-09,108,13.47
2025-03-10,108,10.34
2025-03-11,108,14.11
2025-03-14,108,11.86
2025-03-24,108,15.47
2025-03-25,108,13.84
2025-03-26,108,12.19
2025-03-30,108,10.12
2025-03-31,108,15.48
2025-04-01,108,14.39
2025-04-02,108,14.3
2025-04-04,108,14.2
2025-04-06,108,9.72
2025-04-07,108,13.32
2025-04-09,108,16.1
2025-04-10,108,15.57
2025-04-11,108,15.81
2025-04-14,108,9.85
2025-04-15,108,13.14
2025-04-16,108,12.75
2025-04-17,108,13.04
2025-04-18,108,13.52
2025-04-21,108,15.5
2025-04-22,108,10.58
2025-04-23,108,11.7
2025-04-27,108,9.48
2025-05-01,108,16.69
2025-05-02,108,16.81
2025-05-06,108,14.64
2025-05-07,108,16.44
2025-05-08,108,16.37
2025-05-10,108,12.12
2025-05-11,108,13.78
2025-05-13,108,11.11
2025-05-15,108,11.74
2025-05-20,108,14.56
2025-05-21,108,12.21
2025-05-22,108,11.18
2025-05-23,108,15.03
2025-05-24,108,13.01
2025-05-26,108,12.03
2025-05-29,108,10.4
2025-05-31,108,13.61
2025-06-02,108,16.53
2025-06-04,108,12.56
2025-06-05,108,15.19
2025-06-06,108,10.67
2025-06-07,108,9.63
2025-06-15,108,9.53
2025-06-16,108,12.36
2025-06-20,108,15.53
2025-06-21,108,13.67
2025-06-23,108,15.92
2025-06-25,108,9.59
2025-06-27,108,14.85
2025-06-28,108,13.58
2025-06-30,108,13.14
2025-07-01,108,16.4
2025-07-03,108,9.72
2025-07-04,108,10.97
2025-07-07,108,16.69
2025-07-10,108,16.2
2025-07-11,108,11.59
2025-07-13,108,9.58
2025-07-14,108,15.98
2025-07-17,108,11.52
2025-07-18,108,13.3
2025-07-21,108,13.64
2025-07-25,108,12.06
2025-07-26,108,10.43
2025-07-27,108,9.37
2025-07-28,108,16.58
2025-07-29,108,14.89
2025-07-30,108,12.1
2025-07-31,108,11.44
2025-08-03,108,14.28
2025-08-04,108,15.55
2025-08-05,108,13.17
2025-08-08,108,14.88
2025-08-12,108,15.26
2025-08-15,108,9.74
2025-08-19,108,16.21
2025-08-22,108,15.95
2025-08-24,108,16.36
2025-08-25,108,10.77
2025-08-27,108,16.14
2025-08-28,108,9.43
2025-08-31,108,16.78
2025-09-01,108,10.26
2025-09-05,108,9.51
2025-09-08,108,15.33
2025-09-09,108,14.36
2025-09-11,108,12.88
2025-09-15,108,9.61
2025-09-17,108,14.81
2025-09-19,108,14.61
2025-09-22,108,9.46
2025-09-23,108,11.23
2025-09-24,108,16.26
2025-09-26,108,16.27
2025-09-29,108,16.38
2025-09-30,108,13.02
2025-10-02,108,11.04
2025-10-06,108,10.05
2025-10-08,108,14.22
2025-10-10,108,11.13
2025-10-11,108,16.52
2025-10-14,108,10.92
2025-10-20,108,11.78
2025-10-23,108,13.84
2025-10-28,108,12.03
2025-10-29,108,9.53
2025-10-30,108,9.55
2025-10-31,108,12.25
2025-11-01,108,9.27
2025-11-03,108,9.39
2025-11-05,108,12.96
2025-11-06,108,9.4
2025-11-07,108,12.72
2025-11-12,108,13.17
2025-11-13,108,9.31
2025-11-14,108,12.04
2025-11-18,108,12.6
2025-11-21,108,13.78
2025-11-26,108,16.58
2025-11-29,108,9.91
2025-12-02,108,13.29
2025-12-04,108,13.32
2025-12-05,108,16.85
2025-12-07,108,12.84
2025-12-08,108,12.15
2025-12-09,108,11.27
2025-12-11,108,9.76
2025-12-15,108,13.33
2025-12-17,108,14.04
2025-12-18,108,10.96
2025-12-19,108,13.88
2025-12-23,108,13.93
2025-12-24,108,9.8
2025-12-25,108,15.27
2025-12-26,108,13.83
2025-12-30,108,11.47
2025-12-31,108,11.35
2025-01-01,109,10.88
2025-01-06,109,9.82
2025-01-08,109,11.69
2025-01-09,109,9.58
2025-01-10,109,9.49
2025-01-12,109,11.68
2025-01-14,109,7.43
2025-01-15,109,6.61
2025-01-17,109,8.55
2025-01-20,109,9.24
2025-01-24,109,10.44
2025-01-27,109,9.4
2025-01-30,109,8.04
2025-02-04,109,9.78
2025-02-07,109,6.49
2025-02-12,109,7.51
2025-02-14,109,11.09
2025-02-17,109,8.9
2025-02-19,109,10.09
2025-02-21,109,7.99
2025-02-23,109,10.17
2025-02-24,109,10.18
2025-02-25,109,6.75
2025-02-27,109,7.16
2025-02-28,109,11.4
2025-03-03,109,8.08
2025-03-05,109,9.42
2025-03-06,109,11.3
2025-03-07,109,10.03
2025-03-09,109,6.46
2025-03-10,109,10.57
2025-03-13,109,11.67
2025-03-14,109,10.65
2025-03-16,109,8.12
2025-03-17,109,7.0
2025-03-18,109,7.09
2025-03-19,109,6.49
2025-03-20,109,11.47
2025-03-21,109,7.04
2025-03-24,109,8.37
2025-03-26,109,8.88
2025-03-27,109,7.24
2025-03-28,109,8.8
2025-03-31,109,7.93
2025-04-01,109,8.48
2025-04-03,109,9.67
2025-04-07,109,8.13
2025-04-08,109,7.49
2025-04-09,109,10.43
2025-04-10,109,10.54
2025-04-11,109,10.65
2025-04-13,109,9.18
2025-04-15,109,9.08
2025-04-16,109,8.77
2025-04-17,109,8.58
2025-04-18,109,10.32
2025-04-19,109,9.39
2025-04-21,109,9.27
2025-04-23,109,8.1
2025-04-26,109,11.1
2025-04-28,109,11.12
2025-04-30,109,8.24
2025-05-02,109,7.86
2025-05-04,109,9.6
2025-05-05,109,8.74
2025-05-06,109,7.69
2025-05-07,109,10.35
2025-05-11,109,11.58
2025-05-12,109,8.19
2025-05-14,109,7.22
2025-05-16,109,9.89
2025-05-19,109,6.96
2025-05-21,109,9.43
2025-05-22,109,9.32
2025-05-26,109,8.12
2025-05-27,109,6.41
2025-05-28,109,11.55
2025-05-30,109,10.17
2025-06-03,109,6.31
2025-06-04,109,7.41
2025-06-06,109,6.49
2025-06-09,109,8.33
2025-06-10,109,8.39
2025-06-11,109,11.67
2025-06-12,109,7.59
2025-06-13,109,10.93
2025-06-18,109,7.42
2025-06-20,109,10.05
2025-06-25,109,8.53
2025-06-26,109,8.23
2025-06-27,109,8.85
2025-06-29,109,10.71
2025-06-30,109,9.41
2025-07-01,109,8.18
2025-07-04,109,9.76
2025-07-06,109,6.52
2025-07-08,109,7.96
2025-07-10,109,7.75
2025-07-14,109,11.27
2025-07-15,109,7.45
2025-07-16,109,8.99
2025-07-18,109,7.07
2025-07-21,109,9.02
2025-07-25,109,8.79
2025-07-26,109,9.65
2025-07-27,109,6.56
2025-07-28,109,11.37
2025-07-30,109,7.84
2025-07-31,109,7.89
2025-08-05,109,10.96
2025-08-07,109,11.46
2025-08-10,109,7.42
2025-08-12,109,10.61
2025-08-15,109,8.62
2025-08-20,109,7.14
2025-08-22,109,8.15
2025-08-26,109,9.74
2025-08-27,109,6.9
2025-08-29,109,7.32
2025-09-02,109,6.81
2025-09-03,109,9.5
2025-09-04,109,7.16
2025-09-07,109,11.33
2025-09-08,109,11.09
2025-09-10,109,8.52
2025-09-11,109,10.66
2025-09-12,109,9.66
2025-09-14,109,11.61
2025-09-16,109,8.58
2025-09-17,109,11.07
2025-09-18,109,11.69
2025-09-19,109,7.62
2025-09-21,109,11.1
2025-09-22,109,11.61
2025-09-25,109,9.07
2025-09-26,109,11.63
2025-09-27,109,8.36
2025-09-29,109,8.45
2025-10-02,109,11.42
2025-10-03,109,10.7
2025-10-05,109,10.69
2025-10-06,109,8.41
2025-10-07,109,9.6
2025-10-08,109,7.58
2025-10-09,109,6.49
2025-10-13,109,9.35
2025-10-14,109,11.23
2025-10-15,109,8.01
2025-10-16,109,9.86
2025-10-17,109,7.31
2025-10-20,109,9.05
2025-10-21,109,6.69
2025-10-22,109,10.25
2025-10-23,109,10.37
2025-10-28,109,9.31
2025-10-29,109,11.27
2025-11-01,109,10.1
2025-11-03,109,10.4
2025-11-05,109,7.19
2025-11-06,109,11.5
2025-11-10,109,7.87
2025-11-11,109,10.51
2025-11-12,109,7.68
2025-11-14,109,8.94
2025-11-15,109,10.4
2025-11-17,109,10.38
2025-11-19,109,6.68
2025-11-21,109,10.27
2025-11-24,109,7.65
2025-11-25,109,8.74
2025-11-26,109,10.22
2025-11-28,109,10.33
2025-11-29,109,8.08
2025-11-30,109,10.04
2025-12-03,109,7.56
2025-12-04,109,7.85
2025-12-05,109,7.02
2025-12-06,109,6.34
2025-12-07,109,10.07
2025-12-10,109,8.7
2025-12-11,109,7.12
2025-12-13,109,10.48
2025-12-18,109,9.96
2025-12-19,109,7.41
2025-12-20,109,8.49
2025-12-21,109,11.1
2025-12-22,109,6.58
2025-12-23,109,10.7
2025-12-24,109,7.72
2025-12-25,109,9.4
2025-12-29,109,6.31
2025-12-31,109,7.82
2025-01-01,110,19.56
2025-01-02,110,14.98
2025-01-04,110,19.23
2025-01-09,110,25.13
2025-01-12,110,14.47
2025-01-13,110,23.94
2025-01-14,110,24.62
2025-01-15,110,14.47
2025-01-21,110,24.06
2025-01-22,110,21.46
2025-01-23,110,17.17
2025-01-24,110,17.78
2025-01-25,110,19.79
2025-01-27,110,16.09
2025-01-28,110,14.36
2025-01-29,110,15.76
2025-01-31,110,14.79
2025-02-02,110,14.74
2025-02-04,110,14.68
2025-02-05,110,14.47
2025-02-06,110,18.36
2025-02-10,110,20.41
2025-02-11,110,23.91
2025-02-12,110,14.83
2025-02-13,110,17.44
2025-02-15,110,20.67
2025-02-19,110,18.25
2025-02-20,110,14.4
2025-02-24,110,24.74
2025-02-25,110,18.01
2025-02-27,110,23.37
2025-03-02,110,25.65
2025-03-03,110,18.05
2025-03-04,110,14.61
2025-03-07,110,15.3
2025-03-10,110,21.42
2025-03-12,110,19.92
2025-03-14,110,23.94
2025-03-17,110,20.01
2025-03-18,110,23.16
2025-03-19,110,17.73
2025-03-21,110,23.47
2025-03-24,110,23.57
2025-03-26,110,16.99
2025-04-01,110,14.12
2025-04-02,110,25.66
2025-04-04,110,20.02
2025-04-05,110,23.47
2025-04-08,110,22.81
2025-04-09,110,17.22
2025-04-10,110,19.83
2025-04-11,110,21.79
2025-04-13,110,21.14
2025-04-15,110,21.91
2025-04-18,110,22.37
2025-04-21,110,17.18
2025-04-22,110,20.02
2025-04-23,110,18.45
2025-04-24,110,16.86
2025-04-25,110,24.06
2025-04-26,110,21.92
2025-04-28,110,25.32
2025-04-30,110,21.59
2025-05-01,110,24.65
2025-05-02,110,23.68
2025-05-03,110,20.7
2025-05-05,110,14.98
2025-05-06,110,16.07
2025-05-08,110,18.16
2025-05-10,110,25.0
2025-05-13,110,22.58
2025-05-14,110,17.55
2025-05-15,110,19.41
2025-05-16,110,18.31
2025-05-18,110,23.49
2025-05-19,110,18.02
2025-05-20,110,21.6
2025-05-21,110,23.76
2025-05-23,110,15.54
2025-05-26,110,25.65
2025-05-29,110,17.66
2025-05-30,110,20.27
2025-06-02,110,17.47
2025-06-03,110,22.36
2025-06-04,110,19.84
2025-06-05,110,24.51
2025-06-07,110,18.41
2025-06-09,110,18.77
2025-06-11,110,19.66
2025-06-12,110,15.02
2025-06-13,110,16.06
2025-06-18,110,18.59
2025-06-19,110,15.84
2025-06-20,110,15.78
2025-06-23,110,25.73
2025-06-24,110,25.84
2025-06-25,110,16.62
2025-06-27,110,18.17
2025-06-28,110,17.21
2025-06-30,110,25.73
2025-07-01,110,16.78
2025-07-02,110,18.94
2025-07-03,110,22.36
2025-07-04,110,24.02
2025-07-09,110,18.4
2025-07-10,110,23.43
2025-07-11,110,18.01
2025-07-12,110,18.79
2025-07-13,110,17.85
2025-07-14,110,17.07
2025-07-15,110,20.26
2025-07-17,110,16.84
2025-07-18,110,24.34
2025-07-20,110,22.51
2025-07-21,110,14.72
2025-07-22,110,16.02
2025-07-24,110,22.69
2025-07-25,110,19.03
2025-07-28,110,22.17
2025-07-30,110,19.08
2025-07-31,110,24.68
2025-08-03,110,24.8
2025-08-04,110,19.33
2025-08-05,110,24.01
2025-08-11,110,19.33
2025-08-12,110,24.98
2025-08-14,110,20.39
2025-08-15,110,18.11
2025-08-17,110,16.17
2025-08-18,110,14.23
2025-08-19,110,17.83
2025-08-23,110,17.19
2025-08-25,110,18.31
2025-08-27,110,20.42
2025-08-28,110,18.42
2025-08-29,110,14.45
2025-09-03,110,23.24
2025-09-04,110,18.41
2025-09-05,110,23.55
2025-09-09,110,22.89
2025-09-10,110,14.96
2025-09-11,110,24.39
2025-09-15,110,17.74
2025-09-22,110,19.33
2025-09-24,110,24.08
2025-09-27,110,15.78
2025-10-01,110,17.9
2025-10-03,110,25.71
2025-10-06,110,17.89
2025-10-07,110,24.61
2025-10-08,110,22.03
2025-10-09,110,25.3
2025-10-10,110,19.14
2025-10-11,110,20.94
2025-10-13,110,24.2
2025-10-14,110,19.92
2025-10-15,110,19.86
2025-10-16,110,23.79
2025-10-17,110,22.69
2025-10-18,110,20.29
2025-10-20,110,16.37
2025-10-21,110,24.31
2025-10-22,110,25.7
2025-10-23,110,19.77
2025-10-24,110,14.74
2025-10-28,110,23.75
2025-10-30,110,18.82
2025-10-31,110,15.6
2025-11-05,110,18.82
2025-11-07,110,24.0
2025-11-11,110,16.58
2025-11-12,110,14.72
2025-11-14,110,16.07
2025-11-18,110,18.01
2025-11-19,110,17.77
2025-11-21,110,14.36
2025-11-23,110,22.92
2025-11-24,110,17.14
2025-11-25,110,16.63
2025-11-26,110,20.82
2025-11-28,110,17.85
2025-11-30,110,17.62
2025-12-01,110,21.21
2025-12-02,110,19.19
2025-12-03,110,20.12
2025-12-04,110,21.95
2025-12-05,110,14.76
2025-12-06,110,24.3
2025-12-15,110,16.66
2025-12-16,110,23.78
2025-12-17,110,14.5
2025-12-18,110,23.81
2025-12-19,110,23.64
2025-12-22,110,22.39
2025-12-23,110,15.2
2025-12-24,110,14.13
2025-12-25,110,15.23
2025-12-26,110,24.45
2025-12-29,110,18.96
2025-12-30,110,19.21
2025-12-31,110,16.24
2025-01-01,111,19.55
2025-01-08,111,18.23
2025-01-09,111,23.24
2025-01-10,111,21.46
2025-01-13,111,17.69
2025-01-15,111,25.06
2025-01-16,111,26.19
2025-01-17,111,16.84
2025-01-20,111,16.94
2025-01-21,111,25.21
2025-01-22,111,15.22
2025-01-23,111,17.6
2025-01-24,111,20.1
2025-01-28,111,23.97
2025-01-29,111,25.55
2025-01-30,111,16.97
2025-02-01,111,26.84
2025-02-05,111,20.56
2025-02-07,111,23.26
2025-02-10,111,25.83
2025-02-11,111,17.92
2025-02-12,111,23.17
2025-02-14,111,26.65
2025-02-17,111,20.5
2025-02-19,111,16.03
2025-02-20,111,20.24
2025-02-21,111,26.11
2025-02-25,111,25.38
2025-02-26,111,17.72
2025-02-27,111,23.04
2025-03-01,111,18.31
2025-03-05,111,21.1
2025-03-07,111,21.57
2025-03-13,111,21.39
2025-03-14,111,21.61
2025-03-15,111,16.59
2025-03-16,111,22.67
2025-03-17,111,24.76
2025-03-18,111,20.68
2025-03-19,111,24.06
2025-03-20,111,20.05
2025-03-21,111,24.41
2025-03-24,111,23.13
2025-03-26,111,18.7
2025-03-27,111,23.29
2025-03-28,111,18.03
2025-03-29,111,20.8
2025-03-30,111,25.35
2025-03-31,111,15.48
2025-04-04,111,18.33
2025-04-06,111,21.36
2025-04-07,111,22.11
2025-04-09,111,22.75
2025-04-10,111,20.18
2025-04-15,111,20.04
2025-04-17,111,22.1
2025-04-18,111,22.88
2025-04-19,111,23.47
2025-04-21,111,20.37
2025-04-24,111,14.81
2025-04-25,111,27.16
2025-04-28,111,19.94
2025-05-01,111,27.3
2025-05-02,111,19.58
2025-05-07,111,17.66
2025-05-09,111,24.44
2025-05-15,111,20.64
2025-05-19,111,21.69
2025-05-22,111,19.19
2025-05-23,111,20.04
2025-05-24,111,19.95
2025-05-27,111,16.54
2025-05-28,111,22.29
2025-05-29,111,17.28
2025-05-30,111,20.67
2025-05-31,111,17.84
2025-06-03,111,18.73
2025-06-04,111,15.46
2025-06-06,111,19.7
2025-06-13,111,17.97
2025-06-16,111,20.28
2025-06-17,111,24.91
2025-06-20,111,26.11
2025-06-21,111,18.32
2025-06-22,111,16.53
2025-06-23,111,20.75
2025-06-26,111,16.69
2025-06-27,111,20.93
2025-06-30,111,15.31
2025-07-01,111,21.63
2025-07-02,111,14.76
2025-07-03,111,26.67
2025-07-04,111,23.57
2025-07-07,111,18.44
2025-07-08,111,20.49
2025-07-09,111,17.95
2025-07-11,111,17.24
2025-07-15,111,18.22
2025-07-17,111,22.96
2025-07-18,111,22.63
2025-07-21,111,27.22
2025-07-22,111,18.88
2025-07-25,111,22.73
2025-07-27,111,18.17
2025-07-28,111,20.75
2025-07-29,111,21.26
2025-07-30,111,17.02
2025-07-31,111,20.67
2025-08-01,111,21.96
2025-08-03,111,25.57
2025-08-04,111,26.88
2025-08-07,111,24.72
2025-08-10,111,14.74
2025-08-11,111,17.08
2025-08-12,111,21.12
2025-08-13,111,23.81
2025-08-14,111,15.87
2025-08-18,111,24.16
2025-08-21,111,25.51
2025-08-22,111,16.41
2025-08-25,111,24.55
2025-08-26,111,24.21
2025-08-28,111,22.43
2025-08-29,111,21.58
2025-08-30,111,22.11
2025-09-02,111,16.65
2025-09-03,111,14.94
2025-09-04,111,26.22
2025-09-05,111,20.72
2025-09-07,111,18.86
2025-09-09,111,22.71
2025-09-10,111,23.14
2025-09-11,111,17.61
2025-09-12,111,15.29
2025-09-17,111,25.66
2025-09-19,111,24.89
2025-09-20,111,18.02
2025-09-21,111,25.99
2025-09-22,111,27.05
2025-09-23,111,23.04
2025-09-26,111,18.88
2025-09-29,111,22.7
2025-09-30,111,23.87
2025-10-03,111,16.69
2025-10-07,111,17.8
2025-10-08,111,24.75
2025-10-09,111,23.19
2025-10-10,111,14.78
2025-10-13,111,20.46
2025-10-15,111,24.82
2025-10-16,111,25.73
2025-10-17,111,20.72
2025-10-19,111,17.16
2025-10-20,111,22.49
2025-10-21,111,19.48
2025-10-22,111,22.83
2025-10-24,111,17.08
2025-10-28,111,21.56
2025-10-29,111,18.24
2025-11-03,111,24.67
2025-11-04,111,16.85
2025-11-06,111,22.81
2025-11-10,111,26.27
2025-11-11,111,25.84
2025-11-13,111,18.79
2025-11-14,111,20.28
2025-11-20,111,17.13
2025-11-21,111,25.34
2025-11-27,111,26.89
2025-11-28,111,25.6
2025-12-05,111,21.15
2025-12-11,111,18.98
2025-12-16,111,17.13
2025-12-17,111,21.24
2025-12-24,111,20.55
2025-12-25,111,26.8
2025-12-28,111,16.93
2025-12-29,111,20.59
2025-12-30,111,25.43
2025-01-01,112,34.46
2025-01-02,112,20.41
2025-01-03,112,30.3
2025-01-04,112,25.92
2025-01-07,112,34.84
2025-01-08,112,28.59
2025-01-09,112,21.05
2025-01-10,112,21.65
2025-01-12,112,27.17
2025-01-13,112,34.29
2025-01-18,112,35.06
2025-01-21,112,23.53
2025-01-22,112,25.37
2025-01-23,112,29.83
2025-01-25,112,22.88
2025-01-27,112,34.03
2025-01-28,112,33.94
2025-01-31,112,23.31
2025-02-04,112,21.19
2025-02-05,112,21.71
2025-02-06,112,32.58
2025-02-07,112,30.64
2025-02-10,112,32.71
2025-02-11,112,22.11
2025-02-12,112,28.9
2025-02-13,112,19.96
2025-02-14,112,25.26
2025-02-16,112,21.52
2025-02-17,112,25.87
2025-02-18,112,24.08
2025-02-20,112,29.34
2025-02-24,112,29.61
2025-02-25,112,32.86
2025-02-26,112,31.66
2025-02-27,112,23.74
2025-02-28,112,28.43
2025-03-02,112,33.8
2025-03-04,112,21.01
2025-03-07,112,33.25
2025-03-10,112,31.2
2025-03-11,112,23.44
2025-03-12,112,31.05
2025-03-14,112,33.19
2025-03-18,112,29.89
2025-03-21,112,24.93
2025-03-22,112,35.08
2025-03-24,112,20.11
2025-03-27,112,34.39
2025-03-28,112,31.15
2025-04-01,112,22.32
2025-04-02,112,24.21
2025-04-05,112,23.07
2025-04-06,112,32.85
2025-04-07,112,31.39
2025-04-08,112,25.35
2025-04-09,112,24.24
2025-04-10,112,25.24
2025-04-11,112,21.97
2025-04-14,112,32.78
2025-04-15,112,32.62
2025-04-17,112,19.47
2025-04-18,112,25.61
2025-04-22,112,23.06
2025-04-25,112,25.02
2025-04-29,112,31.49
2025-04-30,112,30.13
2025-05-01,112,30.11
2025-05-05,112,29.82
2025-05-08,112,33.41
2025-05-09,112,27.7
2025-05-13,112,20.73
2025-05-16,112,33.99
2025-05-17,112,23.67
2025-05-19,112,34.92
2025-05-20,112,22.87
2025-05-21,112,31.51
2025-05-22,112,29.71
2025-05-23,112,20.43
2025-05-24,112,27.72
2025-05-26,112,27.44
2025-05-27,112,26.58
2025-05-28,112,33.43
2025-05-30,112,23.04
2025-06-04,112,23.58
2025-06-05,112,27.16
2025-06-06,112,32.72
2025-06-09,112,33.01
2025-06-13,112,22.85
2025-06-17,112,28.6
2025-06-27,112,30.33
2025-07-01,112,22.84
2025-07-03,112,20.95
2025-07-06,112,26.59
2025-07-08,112,25.69
2025-07-09,112,24.51
2025-07-15,112,20.8
2025-07-16,112,28.55
2025-07-18,112,33.76
2025-07-21,112,31.11
2025-07-22,112,22.12
2025-07-23,112,20.04
2025-07-24,112,30.06
2025-07-28,112,20.66
2025-07-30,112,33.76
2025-08-01,112,23.96
2025-08-03,112,22.97
2025-08-05,112,27.75
2025-08-06,112,22.16
2025-08-11,112,23.4
2025-08-12,112,25.77
2025-08-14,112,22.77
2025-08-15,112,29.12
2025-08-18,112,23.08
2025-08-20,112,33.78
2025-08-21,112,27.69
2025-08-22,112,29.92
2025-08-26,112,27.92
2025-08-27,112,19.82
2025-08-28,112,24.18
2025-09-02,112,27.66
2025-09-03,112,34.68
2025-09-04,112,32.84
2025-09-08,112,30.16
2025-09-16,112,30.42
2025-09-17,112,24.67
2025-09-20,112,28.4
2025-09-22,112,22.67
2025-09-23,112,34.31
2025-09-24,112,23.75
2025-09-26,112,25.76
2025-09-27,112,34.97
2025-09-29,112,29.94
2025-10-01,112,23.26
2025-10-02,112,31.68
2025-10-03,112,22.71
2025-10-06,112,31.11
2025-10-07,112,22.35
2025-10-08,112,31.41
2025-10-09,112,26.77
2025-10-10,112,32.55
2025-10-14,112,21.04
2025-10-16,112,26.6
2025-10-17,112,28.14
2025-10-22,112,27.69
2025-10-24,112,28.9
2025-10-27,112,30.04
2025-11-01,112,22.64
2025-11-04,112,19.01
2025-11-05,112,30.15
2025-11-07,112,32.11
2025-11-09,112,33.05
2025-11-11,112,21.31
2025-11-13,112,34.26
2025-11-14,112,26.0
2025-11-16,112,24.61
2025-11-17,112,20.42
2025-11-25,112,26.69
2025-11-26,112,23.04
2025-11-27,112,32.3
2025-11-28,112,27.75
2025-12-01,112,26.61
2025-12-02,112,32.41
2025-12-03,112,22.25
2025-12-04,112,20.16
2025-12-05,112,30.95
2025-12-06,112,31.12
2025-12-08,112,24.87
2025-12-09,112,22.95
2025-12-12,112,28.44
2025-12-13,112,20.15
2025-12-16,112,32.22
2025-12-17,112,32.32
2025-12-19,112,21.29
2025-12-22,112,23.83
2025-12-24,112,26.9
2025-12-28,112,32.02
2025-12-29,112,31.52
2025-12-31,112,34.12
2025-01-01,113,38.67
2025-01-02,113,28.8
2025-01-03,113,34.38
2025-01-05,113,25.21
2025-01-06,113,37.02
2025-01-07,113,37.69
2025-01-08,113,28.66
2025-01-09,113,22.66
2025-01-10,113,22.9
2025-01-12,113,32.95
2025-01-13,113,33.93
2025-01-14,113,24.76
2025-01-17,113,38.27
2025-01-20,113,22.69
2025-01-21,113,26.81
2025-01-22,113,35.11
2025-01-23,113,37.01
2025-01-24,113,26.72
2025-01-27,113,23.55
2025-01-28,113,37.98
2025-01-29,113,21.66
2025-01-30,113,25.24
2025-02-01,113,36.3
2025-02-03,113,28.09
2025-02-04,113,26.66
2025-02-06,113,26.26
2025-02-07,113,27.77
2025-02-08,113,21.32
2025-02-10,113,21.63
2025-02-11,113,24.59
2025-02-13,113,34.08
2025-02-14,113,30.25
2025-02-17,113,21.12
2025-02-19,113,26.0
2025-02-20,113,22.79
2025-02-25,113,25.04
2025-02-26,113,34.03
2025-02-28,113,26.74
2025-03-03,113,34.63
2025-03-05,113,21.87
2025-03-07,113,26.23
2025-03-10,113,30.03
2025-03-11,113,23.93
2025-03-14,113,36.09
2025-03-17,113,23.64
2025-03-19,113,22.69
2025-03-20,113,22.7
2025-03-26,113,32.69
2025-03-28,113,34.08
2025-03-30,113,26.71
2025-04-01,113,25.12
2025-04-02,113,38.44
2025-04-03,113,35.7
2025-04-04,113,27.34
2025-04-07,113,24.34
2025-04-08,113,29.69
2025-04-09,113,27.85
2025-04-10,113,38.84
2025-04-11,113,28.67
2025-04-12,113,33.11
2025-04-13,113,34.8
2025-04-16,113,38.62
2025-04-17,113,32.39
2025-04-18,113,27.66
2025-04-21,113,33.42
2025-04-22,113,24.82
2025-04-24,113,27.05
2025-04-25,113,31.08
2025-04-28,113,36.54
2025-04-29,113,22.99
2025-04-30,113,37.18
2025-05-01,113,32.26
2025-05-02,113,32.21
2025-05-05,113,23.84
2025-05-06,113,35.31
2025-05-07,113,25.98
2025-05-08,113,27.36
2025-05-13,113,35.43
2025-05-15,113,25.72
2025-05-16,113,38.34
2025-05-17,113,38.79
2025-05-18,113,29.74
2025-05-19,113,28.56
2025-05-22,113,32.31
2025-05-23,113,37.98
2025-05-30,113,34.76
2025-05-31,113,31.69
2025-06-01,113,25.68
2025-06-03,113,24.6
2025-06-04,113,34.45
2025-06-05,113,36.98
2025-06-06,113,28.83
2025-06-09,113,21.93
2025-06-12,113,26.77
2025-06-16,113,25.39
2025-06-19,113,25.72
2025-06-23,113,25.15
2025-06-27,113,23.35
2025-06-28,113,37.47
2025-07-02,113,28.64
2025-07-03,113,27.07
2025-07-04,113,31.19
2025-07-08,113,31.89
2025-07-09,113,38.51
2025-07-10,113,32.23
2025-07-11,113,24.96
2025-07-14,113,35.85
2025-07-15,113,23.18
2025-07-17,113,34.1
2025-07-18,113,23.97
2025-07-19,113,34.47
2025-07-24,113,24.02
2025-07-25,113,38.63
2025-07-30,113,27.64
2025-08-03,113,34.47
2025-08-04,113,26.4
2025-08-08,113,34.76
2025-08-12,113,35.65
2025-08-13,113,22.81
2025-08-15,113,38.36
2025-08-19,113,37.88
2025-08-20,113,35.94
2025-08-22,113,25.84
2025-08-25,113,24.34
2025-08-28,113,38.07
2025-08-29,113,24.28
2025-09-01,113,37.57
2025-09-02,113,23.81
2025-09-04,113,35.72
2025-09-05,113,21.87
2025-09-06,113,34.36
2025-09-08,113,32.4
2025-09-10,113,37.84
2025-09-15,113,26.33
2025-09-16,113,35.69
2025-09-17,113,28.92
2025-09-19,113,32.13
2025-09-20,113,28.41
2025-09-22,113,31.53
2025-09-23,113,25.53
2025-09-25,113,28.3
2025-09-27,113,37.89
2025-09-30,113,28.48
2025-10-01,113,38.04
2025-10-02,113,24.9
2025-10-05,113,27.08
2025-10-06,113,38.77
2025-10-07,113,31.52
2025-10-08,113,34.65
2025-10-09,113,26.9
2025-10-16,113,37.29
2025-10-17,113,27.78
2025-10-22,113,25.66
2025-10-23,113,38.7
2025-10-27,113,27.17
2025-10-28,113,34.16
2025-10-29,113,23.98
2025-10-30,113,26.45
2025-11-01,113,25.48
2025-11-02,113,36.45
2025-11-03,113,27.34
2025-11-05,113,35.7
2025-11-07,113,28.05
2025-11-11,113,29.68
2025-11-12,113,30.59
2025-11-13,113,27.55
2025-11-17,113,28.83
2025-11-23,113,30.44
2025-11-24,113,38.4
2025-11-25,113,30.07
2025-11-26,113,38.92
2025-11-27,113,26.37
2025-11-28,113,32.7
2025-12-01,113,21.66
2025-12-03,113,36.28
2025-12-05,113,31.1
2025-12-08,113,22.9
2025-12-10,113,35.24
2025-12-12,113,36.34
2025-12-15,113,38.75
2025-12-17,113,35.51
2025-12-18,113,25.46
2025-12-23,113,26.98
2025-12-24,113,21.59
2025-12-26,113,32.4
2025-12-27,113,21.03
2025-12-28,113,33.65
2025-12-30,113,30.42
2025-01-01,114,29.14
2025-01-02,114,22.85
2025-01-03,114,16.55
2025-01-05,114,24.8
2025-01-07,114,24.55
2025-01-09,114,29.34
2025-01-10,114,20.56
2025-01-11,114,29.85
2025-01-13,114,27.8
2025-01-16,114,25.25
2025-01-17,114,24.48
2025-01-20,114,28.24
2025-01-21,114,23.99
2025-01-22,114,19.74
2025-01-23,114,18.15
2025-01-26,114,21.27
2025-01-27,114,22.7
2025-01-28,114,28.7
2025-01-30,114,25.07
2025-01-31,114,24.35
2025-02-03,114,29.32
2025-02-05,114,21.44
2025-02-07,114,16.98
2025-02-09,114,25.46
2025-02-10,114,27.5
2025-02-13,114,21.94
2025-02-14,114,28.74
2025-02-16,114,18.88
2025-02-17,114,25.5
2025-02-19,114,26.61
2025-02-21,114,23.98
2025-02-25,114,28.55
2025-02-28,114,28.78
2025-03-04,114,28.72
2025-03-11,114,16.95
2025-03-12,114,16.29
2025-03-13,114,26.17
2025-03-14,114,20.3
2025-03-17,114,26.91
2025-03-18,114,17.46
2025-03-19,114,22.07
2025-03-20,114,23.99
2025-03-21,114,25.79
2025-03-22,114,24.28
2025-03-23,114,26.07
2025-03-24,114,24.58
2025-03-26,114,18.75
2025-03-28,114,26.18
2025-04-01,114,28.06
2025-04-02,114,16.37
2025-04-03,114,26.93
2025-04-07,114,27.64
2025-04-08,114,21.42
2025-04-09,114,28.34
2025-04-10,114,18.97
2025-04-11,114,17.41
2025-04-15,114,25.38
2025-04-16,114,24.67
2025-04-18,114,20.19
2025-04-19,114,19.69
2025-04-21,114,25.62
2025-04-25,114,19.97
2025-04-26,114,23.05
2025-04-27,114,28.67
2025-04-28,114,28.15
2025-05-02,114,26.11
2025-05-03,114,29.75
2025-05-05,114,28.9
2025-05-06,114,21.85
2025-05-12,114,21.13
2025-05-13,114,25.34
2025-05-14,114,26.77
2025-05-15,114,21.62
2025-05-16,114,23.49
2025-05-19,114,26.13
2025-05-20,114,18.89
2025-05-21,114,24.33
2025-05-22,114,18.91
2025-05-23,114,19.52
2025-05-24,114,19.85
2025-05-27,114,20.93
2025-05-28,114,29.45
2025-05-29,114,24.53
2025-06-02,114,22.42
2025-06-03,114,27.01
2025-06-04,114,23.74
2025-06-05,114,22.35
2025-06-06,114,28.57
2025-06-07,114,25.07
2025-06-12,114,19.89
2025-06-13,114,23.52
2025-06-16,114,16.34
2025-06-20,114,29.0
2025-06-23,114,23.67
2025-06-24,114,29.55
2025-06-25,114,26.53
2025-06-27,114,23.59
2025-06-30,114,27.98
2025-07-02,114,25.85
2025-07-07,114,24.4
2025-07-08,114,16.46
2025-07-09,114,18.74
2025-07-10,114,19.44
2025-07-14,114,16.15
2025-07-15,114,26.52
2025-07-17,114,19.97
2025-07-18,114,26.93
2025-07-19,114,16.92
2025-07-21,114,29.79
2025-07-22,114,22.63
2025-07-28,114,24.64
2025-07-30,114,24.46
2025-07-31,114,24.33
2025-08-04,114,24.13
2025-08-05,114,17.31
2025-08-07,114,24.82
2025-08-09,114,19.14
2025-08-11,114,27.59
2025-08-12,114,28.38
2025-08-13,114,28.82
2025-08-15,114,26.84
2025-08-16,114,17.97
2025-08-18,114,28.08
2025-08-19,114,25.28
2025-08-24,114,18.97
2025-08-27,114,29.54
2025-08-29,114,27.3
2025-08-31,114,25.34
2025-09-04,114,26.14
2025-09-05,114,17.09
2025-09-08,114,28.96
2025-09-10,114,29.0
2025-09-11,114,26.56
2025-09-12,114,29.88
2025-09-15,114,17.51
2025-09-16,114,18.16
2025-09-21,114,16.61
2025-09-22,114,25.48
2025-09-24,114,29.6
2025-09-25,114,24.38
2025-09-26,114,20.79
2025-09-29,114,17.65
2025-09-30,114,16.71
2025-10-01,114,20.56
2025-10-02,114,24.04
2025-10-03,114,24.22
2025-10-07,114,23.5
2025-10-09,114,26.12
2025-10-10,114,27.56
2025-10-13,114,28.14
2025-10-15,114,25.95
2025-10-16,114,18.61
2025-10-17,114,22.5
2025-10-22,114,27.61
2025-10-25,114,28.17
2025-10-26,114,23.39
2025-10-27,114,28.79
2025-10-28,114,24.33
2025-10-30,114,24.25
2025-10-31,114,24.3
2025-11-01,114,16.87
2025-11-02,114,28.1
2025-11-03,114,22.09
2025-11-04,114,25.96
2025-11-05,114,17.04
2025-11-06,114,26.14
2025-11-08,114,27.28
2025-11-09,114,20.66
2025-11-10,114,28.68
2025-11-12,114,21.31
2025-11-14,114,18.1
2025-11-16,114,26.13
2025-11-17,114,17.32
2025-11-21,114,23.73
2025-11-26,114,27.16
2025-11-27,114,16.52
2025-11-29,114,23.7
2025-12-01,114,16.71
2025-12-03,114,28.59
2025-12-04,114,26.25
2025-12-09,114,23.8
2025-12-17,114,18.76
2025-12-19,114,22.77
2025-12-22,114,18.5
2025-12-25,114,27.71
2025-12-26,114,22.59
2025-12-29,114,19.97
2025-12-30,114,29.33
2025-12-31,114,22.04
2025-01-01,115,15.36
2025-01-02,115,11.46
2025-01-06,115,11.03
2025-01-10,115,11.82
2025-01-11,115,14.15
2025-01-14,115,16.38
2025-01-16,115,9.23
2025-01-20,115,13.17
2025-01-24,115,9.62
2025-01-30,115,14.51
2025-02-01,115,14.8
2025-02-03,115,11.6
2025-02-04,115,15.46
2025-02-05,115,16.41
2025-02-08,115,11.8
2025-02-11,115,13.69
2025-02-12,115,16.71
2025-02-14,115,12.54
2025-02-17,115,10.01
2025-02-19,115,14.33
2025-02-20,115,15.23
2025-02-22,115,15.0
2025-03-03,115,12.32
2025-03-04,115,14.48
2025-03-05,115,11.67
2025-03-06,115,10.53
2025-03-07,115,14.61
2025-03-11,115,16.64
2025-03-14,115,12.51
2025-03-16,115,15.99
2025-03-17,115,15.55
2025-03-18,115,13.17
2025-03-20,115,11.89
2025-03-22,115,15.66
2025-03-24,115,14.53
2025-03-26,115,15.95
2025-03-27,115,11.49
2025-03-29,115,11.59
2025-03-31,115,11.3
2025-04-01,115,12.2
2025-04-02,115,15.15
2025-04-03,115,9.42
2025-04-04,115,14.32
2025-04-06,115,10.44
2025-04-07,115,13.73
2025-04-10,115,15.75
2025-04-15,115,14.06
2025-04-16,115,12.31
2025-04-17,115,11.97
2025-04-19,115,10.51
2025-04-21,115,15.45
2025-04-24,115,14.36
2025-04-26,115,12.36
2025-04-27,115,9.81
2025-04-30,115,10.49
2025-05-01,115,15.78
2025-05-05,115,12.28
2025-05-06,115,16.58
2025-05-08,115,10.16
2025-05-09,115,10.69
2025-05-13,115,14.63
2025-05-14,115,11.52
2025-05-15,115,15.66
2025-05-16,115,15.92
2025-05-19,115,12.8
2025-05-20,115,13.69
2025-05-22,115,14.12
2025-05-23,115,15.64
2025-05-27,115,16.62
2025-05-29,115,10.92
2025-05-30,115,16.4
2025-05-31,115,12.69
2025-06-04,115,12.34
2025-06-07,115,16.11
2025-06-09,115,14.88
2025-06-11,115,15.17
2025-06-14,115,14.31
2025-06-17,115,13.5
2025-06-19,115,15.66
2025-06-20,115,9.54
2025-06-22,115,11.68
2025-06-24,115,11.61
2025-06-26,115,15.45
2025-06-28,115,9.37
2025-06-29,115,16.72
2025-06-30,115,14.86
2025-07-01,115,10.95
2025-07-02,115,11.97
2025-07-03,115,10.97
2025-07-04,115,10.42
2025-07-07,115,12.66
2025-07-10,115,12.66
2025-07-12,115,10.83
2025-07-15,115,12.88
2025-07-17,115,15.86
2025-07-22,115,14.81
2025-07-23,115,16.85
2025-07-25,115,16.22
2025-07-29,115,14.61
2025-07-30,115,16.35
2025-08-01,115,11.74
2025-08-04,115,10.73
2025-08-06,115,9.87
2025-08-07,115,10.96
2025-08-08,115,10.25
2025-08-09,115,13.01
2025-08-10,115,15.79
2025-08-11,115,9.77
2025-08-12,115,10.62
2025-08-14,115,9.44
2025-08-19,115,10.6
2025-08-20,115,9.72
2025-08-22,115,15.36
2025-08-25,115,13.48
2025-08-27,115,11.67
2025-08-28,115,12.17
2025-08-29,115,11.93
2025-09-01,115,12.1
2025-09-02,115,13.84
2025-09-03,115,16.5
2025-09-05,115,12.25
2025-09-07,115,10.87
2025-09-08,115,12.24
2025-09-10,115,9.61
2025-09-12,115,10.49
2025-09-14,115,13.51
2025-09-15,115,11.92
2025-09-18,115,10.1
2025-09-19,115,14.5
2025-09-22,115,14.94
2025-09-23,115,12.27
2025-09-24,115,12.49
2025-09-26,115,15.91
2025-09-27,115,10.5
2025-09-30,115,16.45
2025-10-01,115,12.31
2025-10-03,115,13.88
2025-10-05,115,16.83
2025-10-06,115,16.77
2025-10-07,115,10.58
2025-10-08,115,14.21
2025-10-11,115,12.48
2025-10-13,115,12.68
2025-10-14,115,15.89
2025-10-15,115,14.06
2025-10-16,115,13.9
2025-10-19,115,14.04
2025-10-20,115,11.74
2025-10-25,115,16.28
2025-10-27,115,10.61
2025-10-29,115,11.59
2025-10-30,115,14.14
2025-10-31,115,9.17
2025-11-01,115,15.09
2025-11-05,115,10.44
2025-11-09,115,12.35
2025-11-10,115,14.54
2025-11-12,115,12.25
2025-11-13,115,9.82
2025-11-14,115,14.39
2025-11-20,115,14.92
2025-11-24,115,16.57
2025-11-27,115,15.85
2025-12-01,115,9.68
2025-12-02,115,12.06
2025-12-04,115,9.17
2025-12-06,115,13.36
2025-12-07,115,13.86
2025-12-08,115,13.01
2025-12-09,115,10.52
2025-12-11,115,16.44
2025-12-14,115,9.12
2025-12-15,115,13.91
2025-12-16,115,13.38
2025-12-18,115,15.1
2025-12-22,115,9.38
2025-12-23,115,14.16
2025-12-24,115,11.19
2025-12-25,115,11.97
2025-12-28,115,13.51
2025-12-29,115,13.06
2025-01-03,116,26.96
2025-01-05,116,25.89
2025-01-06,116,26.86
2025-01-07,116,24.79
2025-01-08,116,18.8
2025-01-09,116,21.76
2025-01-10,116,16.21
2025-01-11,116,21.83
2025-01-14,116,20.72
2025-01-17,116,22.42
2025-01-21,116,20.73
2025-01-23,116,21.06
2025-01-24,116,26.38
2025-01-27,116,26.45
2025-01-30,116,21.83
2025-01-31,116,24.29
2025-02-03,116,22.18
2025-02-04,116,22.76
2025-02-06,116,19.09
2025-02-07,116,24.14
2025-02-12,116,24.61
2025-02-13,116,27.54
2025-02-14,116,25.33
2025-02-15,116,23.0
2025-02-17,116,15.59
2025-02-19,116,21.06
2025-02-20,116,16.86
2025-02-21,116,28.08
2025-02-24,116,17.7
2025-02-25,116,19.92
2025-02-26,116,24.69
2025-02-28,116,26.16
2025-03-03,116,20.76
2025-03-05,116,15.66
2025-03-08,116,21.28
2025-03-09,116,15.54
2025-03-10,116,23.96
2025-03-13,116,19.84
2025-03-14,116,17.92
2025-03-16,116,19.23
2025-03-17,116,17.03
2025-03-24,116,24.12
2025-03-25,116,21.63
2025-03-26,116,24.29
2025-03-28,116,25.43
2025-03-30,116,21.37
2025-04-01,116,26.16
2025-04-02,116,16.24
2025-04-03,116,28.24
2025-04-04,116,26.82
2025-04-06,116,18.58
2025-04-07,116,16.81
2025-04-10,116,25.13
2025-04-11,116,28.36
2025-04-12,116,21.62
2025-04-15,116,23.69
2025-04-17,116,21.4
2025-04-18,116,20.89
2025-04-22,116,19.17
2025-04-23,116,22.58
2025-04-24,116,27.56
2025-04-25,116,27.23
2025-04-27,116,17.94
2025-04-28,116,15.93
2025-05-05,116,17.8
2025-05-06,116,22.55
2025-05-08,116,16.62
2025-05-09,116,25.8
2025-05-11,116,25.25
2025-05-12,116,15.6
2025-05-14,116,25.77
2025-05-17,116,27.53
2025-05-20,116,21.9
2025-05-21,116,16.07
2025-05-22,116,22.91
2025-05-23,116,23.05
2025-05-29,116,15.61
2025-05-30,116,24.03
2025-06-04,116,21.21
2025-06-06,116,20.5
2025-06-10,116,26.43
2025-06-14,116,21.34
2025-06-15,116,26.45
2025-06-17,116,22.47
2025-06-18,116,20.4
2025-06-19,116,25.84
2025-06-20,116,17.47
2025-06-21,116,16.1
2025-06-23,116,21.18
2025-06-25,116,27.36
2025-06-27,116,17.12
2025-06-30,116,26.09
2025-07-01,116,21.35
2025-07-07,116,19.43
2025-07-08,116,17.58
2025-07-10,116,22.3
2025-07-11,116,17.02
2025-07-16,116,28.52
2025-07-17,116,23.95
2025-07-19,116,19.07
2025-07-22,116,26.45
2025-07-23,116,26.94
2025-07-24,116,23.55
2025-07-25,116,19.65
2025-07-30,116,19.12
2025-08-04,116,17.37
2025-08-05,116,24.4
2025-08-08,116,21.82
2025-08-11,116,22.87
2025-08-14,116,16.56
2025-08-15,116,23.31
2025-08-16,116,17.5
2025-08-18,116,21.95
2025-08-19,116,23.21
2025-08-20,116,22.4
2025-08-21,116,28.17
2025-08-22,116,22.93
2025-08-25,116,24.49
2025-08-26,116,21.58
2025-08-27,116,21.58
2025-08-28,116,18.6
2025-08-29,116,16.01
2025-08-30,116,25.76
2025-09-04,116,22.33
2025-09-05,116,25.67
2025-09-09,116,21.96
2025-09-10,116,22.31
2025-09-12,116,28.42
2025-09-16,116,24.19
2025-09-19,116,26.99
2025-09-22,116,23.56
2025-09-25,116,19.53
2025-09-29,116,24.76
2025-10-01,116,25.5
2025-10-04,116,25.23
2025-10-06,116,27.01
2025-10-07,116,22.02
2025-10-09,116,26.73
2025-10-10,116,25.64
2025-10-11,116,18.37
2025-10-12,116,18.55
2025-10-15,116,18.97
2025-10-16,116,20.87
2025-10-17,116,17.32
2025-10-20,116,18.92
2025-10-23,116,27.31
2025-10-24,116,23.77
2025-10-25,116,27.65
2025-10-28,116,19.64
2025-11-04,116,17.65
2025-11-05,116,22.02
2025-11-07,116,22.73
2025-11-12,116,22.04
2025-11-13,116,19.79
2025-11-14,116,27.2
2025-11-17,116,28.11
2025-11-19,116,18.94
2025-11-27,116,28.28
2025-11-28,116,23.91
2025-11-29,116,23.47
2025-12-01,116,22.03
2025-12-02,116,28.19
2025-12-03,116,17.07
2025-12-04,116,25.6
2025-12-05,116,15.44
2025-12-09,116,17.03
2025-12-10,116,26.87
2025-12-11,116,16.82
2025-12-12,116,27.51
2025-12-18,116,23.18
2025-12-21,116,18.19
2025-12-26,116,15.45
2025-12-30,116,19.03
2025-12-31,116,20.68
2025-01-01,117,34.77
2025-01-02,117,24.44
2025-01-07,117,29.28
2025-01-09,117,27.11
2025-01-10,117,30.56
2025-01-11,117,27.15
2025-01-15,117,28.34
2025-01-17,117,22.07
2025-01-18,117,25.03
2025-01-20,117,33.93
2025-01-21,117,20.54
2025-01-23,117,27.51
2025-01-24,117,26.0
2025-02-02,117,25.64
2025-02-04,117,29.45
2025-02-06,117,26.35
2025-02-10,117,34.33
2025-02-11,117,25.64
2025-02-12,117,25.47
2025-02-14,117,31.45
2025-02-15,117,25.76
2025-02-17,117,31.09
2025-02-18,117,21.11
2025-02-19,117,32.0
2025-02-24,117,24.37
2025-02-25,117,20.76
2025-02-26,117,21.41
2025-02-27,117,24.4
2025-02-28,117,35.18
2025-03-05,117,20.32
2025-03-06,117,20.12
2025-03-07,117,20.89
2025-03-08,117,28.32
2025-03-10,117,30.79
2025-03-11,117,23.3
2025-03-17,117,30.64
2025-03-18,117,31.08
2025-03-21,117,33.54
2025-03-24,117,23.67
2025-03-26,117,30.78
2025-03-30,117,34.78
2025-04-03,117,21.51
2025-04-04,117,27.98
2025-04-07,117,21.71
2025-04-08,117,21.76
2025-04-09,117,31.69
2025-04-10,117,21.17
2025-04-13,117,35.78
2025-04-15,117,24.57
2025-04-16,117,33.44
2025-04-21,117,32.41
2025-04-22,117,25.11
2025-04-23,117,33.99
2025-04-25,117,22.01
2025-04-29,117,23.79
2025-05-01,117,24.88
2025-05-04,117,26.48
2025-05-05,117,24.3
2025-05-06,117,28.3
2025-05-08,117,28.77
2025-05-11,117,23.19
2025-05-13,117,28.79
2025-05-14,117,25.69
2025-05-17,117,26.77
2025-05-19,117,27.35
2025-05-20,117,33.26
2025-05-21,117,28.87
2025-05-25,117,29.39
2025-05-27,117,20.87
2025-05-28,117,20.41
2025-05-29,117,35.69
2025-05-30,117,23.04
2025-06-03,117,20.12
2025-06-06,117,30.43
2025-06-09,117,31.17
2025-06-10,117,28.52
2025-06-12,117,22.24
2025-06-17,117,27.87
2025-06-18,117,33.6
2025-06-19,117,31.65
2025-06-24,117,24.48
2025-06-27,117,26.08
2025-07-02,117,33.12
2025-07-03,117,25.88
2025-07-04,117,33.17
2025-07-08,117,29.03
2025-07-09,117,31.31
2025-07-10,117,22.17
2025-07-17,117,34.22
2025-07-21,117,34.15
2025-07-22,117,29.86
2025-07-25,117,20.64
2025-07-26,117,27.86
2025-07-28,117,21.52
2025-07-30,117,34.94
2025-08-01,117,20.5
2025-08-03,117,29.21
2025-08-04,117,27.65
2025-08-05,117,29.53
2025-08-06,117,21.95
2025-08-08,117,20.73
2025-08-11,117,27.17
2025-08-12,117,20.41
2025-08-15,117,21.82
2025-08-16,117,36.16
2025-08-19,117,21.34
2025-08-20,117,26.63
2025-08-21,117,20.5
2025-08-22,117,28.66
2025-08-25,117,21.79
2025-08-26,117,31.49
2025-08-27,117,25.16
2025-08-28,117,27.32
2025-08-29,117,25.83
2025-08-30,117,30.96
2025-09-01,117,20.86
2025-09-02,117,29.02
2025-09-04,117,25.75
2025-09-08,117,25.7
2025-09-10,117,25.96
2025-09-11,117,29.18
2025-09-17,117,23.37
2025-09-18,117,36.24
2025-09-25,117,35.69
2025-09-26,117,28.4
2025-09-28,117,22.02
2025-09-29,117,31.17
2025-10-02,117,20.92
2025-10-04,117,34.03
2025-10-07,117,35.96
2025-10-08,117,36.17
2025-10-10,117,34.63
2025-10-13,117,24.23
2025-10-16,117,27.32
2025-10-17,117,35.6
2025-10-23,117,29.72
2025-10-27,117,23.05
2025-10-28,117,30.32
2025-10-29,117,27.27
2025-10-30,117,34.37
2025-10-31,117,26.48
2025-11-05,117,25.76
2025-11-06,117,24.1
2025-11-11,117,25.26
2025-11-17,117,25.91
2025-11-18,117,23.41
2025-11-19,117,24.78
2025-11-20,117,20.73
2025-11-21,117,24.66
2025-11-23,117,31.78
2025-11-24,117,27.94
2025-11-28,117,33.5
2025-11-30,117,34.52
2025-12-01,117,31.34
2025-12-02,117,32.93
2025-12-03,117,25.04
2025-12-04,117,35.42
2025-12-05,117,26.73
2025-12-08,117,23.03
2025-12-09,117,23.92
2025-12-10,117,26.59
2025-12-11,117,20.2
2025-12-12,117,30.92
2025-12-13,117,20.38
2025-12-15,117,20.75
2025-12-16,117,27.04
2025-12-20,117,28.05
2025-12-21,117,34.85
2025-12-23,117,26.79
2025-12-24,117,26.32
2025-12-25,117,30.7
2025-12-27,117,36.3
2025-01-01,118,13.18
2025-01-03,118,14.52
2025-01-07,118,11.17
2025-01-08,118,12.14
2025-01-09,118,14.53
2025-01-15,118,17.4
2025-01-20,118,18.17
2025-01-21,118,17.3
2025-01-22,118,10.15
2025-01-29,118,17.85
2025-02-04,118,16.53
2025-02-07,118,10.8
2025-02-10,118,11.39
2025-02-11,118,17.15
2025-02-12,118,10.22
2025-02-13,118,11.29
2025-02-14,118,11.35
2025-02-16,118,17.7
2025-02-17,118,17.79
2025-02-20,118,15.43
2025-02-24,118,13.28
2025-02-25,118,17.97
2025-02-27,118,13.8
2025-03-01,118,15.39
2025-03-02,118,13.23
2025-03-04,118,13.0
2025-03-06,118,15.3
2025-03-08,118,10.19
2025-03-10,118,16.75
2025-03-11,118,16.79
2025-03-12,118,17.22
2025-03-14,118,14.91
2025-03-16,118,13.63
2025-03-20,118,16.04
2025-03-21,118,13.29
2025-03-24,118,10.5
2025-03-25,118,15.67
2025-03-26,118,17.1
2025-03-27,118,12.58
2025-04-06,118,17.62
2025-04-07,118,11.58
2025-04-09,118,13.37
2025-04-10,118,11.69
2025-04-11,118,11.45
2025-04-15,118,17.54
2025-04-16,118,10.73
2025-04-18,118,17.96
2025-04-21,118,16.97
2025-04-22,118,10.38
2025-04-23,118,14.48
2025-04-24,118,17.87
2025-05-02,118,11.64
2025-05-04,118,11.57
2025-05-12,118,12.13
2025-05-13,118,12.0
2025-05-19,118,10.06
2025-05-21,118,11.29
2025-05-22,118,16.93
2025-05-23,118,17.57
2025-05-26,118,13.24
2025-05-27,118,14.73
2025-05-28,118,13.55
2025-05-29,118,13.02
2025-05-30,118,14.82
2025-05-31,118,16.22
2025-06-02,118,13.66
2025-06-04,118,16.62
2025-06-05,118,15.0
2025-06-08,118,17.44
2025-06-10,118,13.57
2025-06-11,118,16.72
2025-06-12,118,17.07
2025-06-13,118,14.97
2025-06-16,118,14.47
2025-06-18,118,10.51
2025-06-19,118,15.02
2025-06-20,118,10.4
2025-06-22,118,11.52
2025-06-23,118,12.16
2025-06-24,118,14.12
2025-06-25,118,10.47
2025-06-27,118,11.58
2025-07-01,118,10.62
2025-07-02,118,10.03
2025-07-03,118,17.44
2025-07-04,118,14.42
2025-07-05,118,9.93
2025-07-07,118,12.15
2025-07-08,118,16.06
2025-07-09,118,14.2
2025-07-10,118,13.84
2025-07-11,118,14.08
2025-07-12,118,16.86
2025-07-15,118,11.33
2025-07-16,118,15.38
2025-07-17,118,14.44
2025-07-18,118,16.33
2025-07-22,118,11.87
2025-07-23,118,13.05
2025-07-25,118,10.53
2025-07-26,118,10.23
2025-07-30,118,11.43
2025-08-01,118,13.23
2025-08-05,118,16.66
2025-08-07,118,16.09
2025-08-08,118,17.53
2025-08-12,118,16.78
2025-08-13,118,14.43
2025-08-14,118,15.94
2025-08-15,118,17.36
2025-08-18,118,18.0
2025-08-20,118,17.53
2025-08-22,118,11.76
2025-08-25,118,17.46
2025-08-26,118,16.85
2025-08-29,118,14.54
2025-08-31,118,15.98
2025-09-01,118,13.14
2025-09-03,118,17.32
2025-09-07,118,14.98
2025-09-09,118,12.88
2025-09-13,118,15.11
2025-09-15,118,11.33
2025-09-16,118,14.05
2025-09-18,118,13.34
2025-09-19,118,11.11
2025-09-25,118,16.82
2025-09-30,118,11.44
2025-10-07,118,17.67
2025-10-08,118,11.18
2025-10-10,118,11.65
2025-10-11,118,10.05
2025-10-13,118,18.02
2025-10-14,118,16.88
2025-10-16,118,10.68
2025-10-17,118,17.11
2025-10-20,118,16.54
2025-10-21,118,10.07
2025-10-24,118,12.2
2025-10-29,118,15.46
2025-10-31,118,10.55
2025-11-03,118,11.81
2025-11-04,118,13.02
2025-11-06,118,17.12
2025-11-07,118,14.66
2025-11-13,118,15.15
2025-11-17,118,16.91
2025-11-21,118,15.57
2025-11-25,118,9.92
2025-11-26,118,16.93
2025-11-27,118,15.62
2025-11-28,118,12.24
2025-11-30,118,14.3
2025-12-01,118,12.23
2025-12-04,118,14.18
2025-12-05,118,15.25
2025-12-08,118,10.25
2025-12-10,118,14.42
2025-12-11,118,16.88
2025-12-12,118,15.21
2025-12-13,118,11.12
2025-12-15,118,11.44
2025-12-16,118,10.14
2025-12-18,118,17.02
2025-12-19,118,10.16
2025-12-21,118,14.44
2025-12-22,118,15.43
2025-12-25,118,14.27
2025-12-26,118,16.27
2025-01-01,119,27.62
2025-01-02,119,27.06
2025-01-03,119,30.03
2025-01-06,119,28.68
2025-01-10,119,27.0
2025-01-12,119,26.28
2025-01-14,119,28.23
2025-01-15,119,25.32
2025-01-17,119,25.03
2025-01-20,119,20.41
2025-01-21,119,29.25
2025-01-22,119,18.57
2025-01-23,119,17.87
2025-01-24,119,19.11
2025-01-25,119,20.68
2025-01-26,119,18.16
2025-01-27,119,27.15
2025-01-29,119,23.14
2025-02-02,119,25.01
2025-02-03,119,23.31
2025-02-04,119,26.49
2025-02-05,119,23.71
2025-02-07,119,17.78
2025-02-11,119,24.5
2025-02-12,119,27.11
2025-02-14,119,28.94
2025-02-17,119,25.56
2025-02-18,119,27.48
2025-02-19,119,20.59
2025-02-22,119,26.73
2025-02-24,119,30.73
2025-02-25,119,30.34
2025-02-26,119,25.57
2025-02-27,119,31.09
2025-02-28,119,19.38
2025-03-02,119,29.54
2025-03-03,119,25.04
2025-03-05,119,28.96
2025-03-06,119,22.49
2025-03-07,119,18.41
2025-03-10,119,30.48
2025-03-11,119,29.42
2025-03-14,119,29.31
2025-03-15,119,21.89
2025-03-17,119,26.23
2025-03-18,119,22.12
2025-03-19,119,30.46
2025-03-20,119,20.36
2025-03-21,119,19.71
2025-03-23,119,24.92
2025-03-24,119,24.16
2025-03-25,119,30.27
2025-03-26,119,18.14
2025-03-28,119,28.61
2025-03-31,119,24.83
2025-04-01,119,23.95
2025-04-03,119,26.66
2025-04-07,119,27.65
2025-04-10,119,24.86
2025-04-13,119,17.11
2025-04-15,119,25.62
2025-04-23,119,20.8
2025-04-24,119,26.38
2025-04-25,119,20.24
2025-04-26,119,28.93
2025-04-28,119,24.44
2025-04-29,119,22.52
2025-05-06,119,27.24
2025-05-08,119,19.65
2025-05-09,119,19.92
2025-05-11,119,21.32
2025-05-13,119,29.54
2025-05-14,119,29.93
2025-05-15,119,20.35
2025-05-16,119,22.12
2025-05-17,119,21.67
2025-05-22,119,22.94
2025-05-23,119,17.86
2025-05-28,119,31.17
2025-05-29,119,29.52
2025-05-30,119,18.94
2025-06-01,119,17.88
2025-06-02,119,28.14
2025-06-04,119,30.84
2025-06-06,119,25.24
2025-06-09,119,21.21
2025-06-11,119,19.15
2025-06-12,119,26.33
2025-06-13,119,26.86
2025-06-16,119,30.27
2025-06-19,119,19.87
2025-06-20,119,27.92
2025-06-21,119,18.44
2025-06-23,119,30.94
2025-06-24,119,21.46
2025-06-27,119,27.47
2025-06-28,119,30.44
2025-06-29,119,17.98
2025-06-30,119,26.91
2025-07-01,119,17.52
2025-07-02,119,20.49
2025-07-03,119,22.16
2025-07-04,119,21.76
2025-07-07,119,23.64
2025-07-10,119,23.03
2025-07-13,119,23.42
2025-07-16,119,30.44
2025-07-17,119,22.42
2025-07-21,119,21.59
2025-07-23,119,27.6
2025-07-24,119,21.21
2025-07-25,119,31.06
2025-07-28,119,30.96
2025-07-29,119,25.51
2025-08-04,119,20.57
2025-08-05,119,29.06
2025-08-06,119,25.84
2025-08-07,119,28.4
2025-08-08,119,25.35
2025-08-12,119,28.92
2025-08-13,119,28.22
2025-08-14,119,19.51
2025-08-15,119,28.28
2025-08-19,119,21.85
2025-08-20,119,17.81
2025-08-21,119,18.12
2025-08-22,119,29.18
2025-08-25,119,19.19
2025-08-26,119,24.98
2025-08-27,119,19.97
2025-08-28,119,24.99
2025-09-02,119,29.14
2025-09-03,119,27.9
2025-09-04,119,25.22
2025-09-05,119,18.26
2025-09-08,119,25.33
2025-09-09,119,26.45
2025-09-10,119,27.1
2025-09-11,119,23.81
2025-09-12,119,20.81
2025-09-14,119,30.54
2025-09-16,119,19.76
2025-09-19,119,23.87
2025-09-21,119,17.52
2025-09-22,119,16.83
2025-09-23,119,19.18
2025-09-26,119,23.7
2025-09-29,119,27.44
2025-09-30,119,23.8
2025-10-02,119,26.98
2025-10-03,119,31.1
2025-10-07,119,30.14
2025-10-09,119,22.98
2025-10-10,119,24.43
2025-10-13,119,24.43
2025-10-15,119,20.87
2025-10-16,119,25.37
2025-10-17,119,30.62
2025-10-21,119,24.9
2025-10-22,119,17.98
2025-10-27,119,28.37
2025-10-28,119,30.87
2025-10-29,119,17.0
2025-10-30,119,18.64
2025-10-31,119,17.91
2025-11-01,119,18.19
2025-11-03,119,23.58
2025-11-04,119,24.24
2025-11-05,119,18.23
2025-11-06,119,29.39
2025-11-10,119,30.78
2025-11-11,119,16.93
2025-11-13,119,27.14
2025-11-14,119,18.4
2025-11-16,119,29.6
2025-11-18,119,25.4
2025-11-21,119,29.74
2025-11-23,119,29.92
2025-11-26,119,26.32
2025-11-27,119,27.62
2025-11-28,119,23.73
2025-12-04,119,30.86
2025-12-07,119,31.03
2025-12-08,119,20.08
2025-12-09,119,22.52
2025-12-11,119,23.78
2025-12-14,119,27.86
2025-12-16,119,29.18
2025-12-17,119,20.96
2025-12-18,119,19.76
2025-12-19,119,17.82
2025-12-20,119,27.41
2025-12-23,119,17.42
2025-12-24,119,21.74
2025-12-26,119,30.21
2025-12-27,119,22.04
2025-12-29,119,25.2
2025-12-30,119,27.06
2025-12-31,119,29.38
2025-01-01,120,35.67
2025-01-02,120,28.85
2025-01-03,120,37.97
2025-01-04,120,31.16
2025-01-07,120,35.63
2025-01-08,120,39.81
2025-01-09,120,35.63
2025-01-15,120,39.28
2025-01-16,120,31.69
2025-01-18,120,26.81
2025-01-21,120,36.98
2025-01-23,120,29.35
2025-01-24,120,30.64
2025-01-25,120,40.89
2025-01-29,120,27.38
2025-01-31,120,39.18
2025-02-04,120,42.73
2025-02-05,120,34.68
2025-02-06,120,40.63
2025-02-07,120,24.32
2025-02-10,120,28.6
2025-02-13,120,30.62
2025-02-14,120,31.44
2025-02-17,120,26.71
2025-02-18,120,32.26
2025-02-19,120,35.41
2025-02-20,120,35.24
2025-02-21,120,28.19
2025-02-25,120,32.89
2025-02-26,120,23.7
2025-02-28,120,31.38
2025-03-04,120,27.58
2025-03-06,120,37.23
2025-03-11,120,36.7
2025-03-13,120,36.02
2025-03-15,120,25.99
2025-03-18,120,29.53
2025-03-20,120,42.82
2025-03-23,120,27.7
2025-03-24,120,24.11
2025-03-25,120,41.0
2025-03-26,120,37.95
2025-03-28,120,26.82
2025-04-01,120,41.64
2025-04-02,120,35.43
2025-04-04,120,38.71
2025-04-07,120,34.05
2025-04-10,120,33.26
2025-04-11,120,29.88
2025-04-14,120,41.84
2025-04-15,120,31.69
2025-04-16,120,25.3
2025-04-17,120,38.85
2025-04-18,120,27.38
2025-04-23,120,26.15
2025-04-29,120,27.51
2025-04-30,120,32.49
2025-05-01,120,31.54
2025-05-02,120,37.38
2025-05-03,120,30.39
2025-05-05,120,30.34
2025-05-08,120,23.69
2025-05-09,120,27.16
2025-05-12,120,41.97
2025-05-13,120,29.45
2025-05-14,120,27.5
2025-05-19,120,29.06
2025-05-22,120,41.63
2025-05-23,120,40.91
2025-05-24,120,41.26
2025-05-26,120,23.66
2025-05-30,120,25.62
2025-06-03,120,39.33
2025-06-05,120,30.23
2025-06-06,120,33.79
2025-06-07,120,42.68
2025-06-09,120,28.13
2025-06-10,120,42.51
2025-06-11,120,41.16
2025-06-12,120,38.48
2025-06-15,120,42.53
2025-06-16,120,37.15
2025-06-21,120,32.45
2025-06-25,120,36.42
2025-06-26,120,32.17
2025-06-27,120,37.35
2025-06-29,120,32.1
2025-07-02,120,23.49
2025-07-04,120,26.62
2025-07-10,120,24.15
2025-07-11,120,36.1
2025-07-15,120,28.76
2025-07-17,120,38.1
2025-07-19,120,27.93
2025-07-20,120,34.61
2025-07-21,120,31.48
2025-07-22,120,30.08
2025-07-24,120,42.4
2025-07-26,120,37.07
2025-07-27,120,26.26
2025-07-28,120,31.03
2025-08-01,120,36.69
2025-08-05,120,36.27
2025-08-06,120,25.14
2025-08-07,120,37.95
2025-08-10,120,42.05
2025-08-11,120,25.76
2025-08-12,120,24.0
2025-08-21,120,42.47
2025-08-22,120,24.21
2025-08-24,120,33.35
2025-08-25,120,26.5
2025-08-27,120,25.27
2025-08-28,120,30.69
2025-08-31,120,27.98
2025-09-01,120,39.57
2025-09-03,120,26.53
2025-09-04,120,39.01
2025-09-08,120,33.5
2025-09-11,120,25.25
2025-09-15,120,29.26
2025-09-16,120,28.5
2025-09-17,120,31.54
2025-09-19,120,34.96
2025-09-22,120,39.72
2025-09-23,120,29.27
2025-09-24,120,28.6
2025-09-26,120,38.04
2025-10-01,120,31.89
2025-10-02,120,41.43
2025-10-03,120,37.2
2025-10-06,120,38.85
2025-10-09,120,27.18
2025-10-10,120,23.2
2025-10-11,120,25.45
2025-10-13,120,31.33
2025-10-15,120,41.41
2025-10-20,120,30.46
2025-10-22,120,31.44
2025-10-24,120,23.51
2025-10-27,120,33.11
2025-10-28,120,40.21
2025-10-29,120,41.37
2025-10-31,120,39.06
2025-11-03,120,32.69
2025-11-04,120,34.05
2025-11-05,120,39.5
2025-11-06,120,23.32
2025-11-09,120,23.69
2025-11-10,120,25.56
2025-11-12,120,37.07
2025-11-17,120,30.58
2025-11-19,120,34.35
2025-11-20,120,38.45
2025-11-21,120,32.42
2025-11-25,120,36.16
2025-11-26,120,26.59
2025-11-27,120,39.99
2025-11-29,120,24.59
2025-12-02,120,30.02
2025-12-03,120,25.61
2025-12-05,120,39.66
2025-12-10,120,23.63
2025-12-11,120,33.61
2025-12-12,120,39.52
2025-12-14,120,32.57
2025-12-17,120,25.09
2025-12-18,120,24.4
2025-12-21,120,25.13
2025-12-23,120,25.04
2025-12-24,120,24.97
2025-12-26,120,32.6
2025-12-29,120,24.86
2025-12-31,120,38.57
2025-01-01,121,9.28
2025-01-02,121,7.94
2025-01-06,121,8.57
2025-01-07,121,7.54
2025-01-09,121,8.03
2025-01-15,121,6.62
2025-01-16,121,7.5
2025-01-18,121,9.51
2025-01-20,121,7.52
2025-01-21,121,6.99
2025-01-22,121,9.53
2025-01-23,121,6.78
2025-01-24,121,8.11
2025-01-27,121,10.38
2025-01-28,121,7.19
2025-01-29,121,6.2
2025-01-30,121,9.22
2025-01-31,121,9.76
2025-02-04,121,5.92
2025-02-06,121,6.51
2025-02-11,121,6.11
2025-02-13,121,5.69
2025-02-17,121,5.73
2025-02-20,121,9.88
2025-02-21,121,7.63
2025-02-24,121,9.05
2025-03-03,121,6.77
2025-03-04,121,9.09
2025-03-06,121,9.88
2025-03-07,121,5.93
2025-03-08,121,6.29
2025-03-09,121,9.86
2025-03-11,121,6.79
2025-03-14,121,8.12
2025-03-18,121,8.92
2025-03-19,121,8.56
2025-03-20,121,8.97
2025-03-21,121,8.79
2025-03-25,121,9.36
2025-03-26,121,8.85
2025-03-28,121,10.35
2025-03-30,121,7.06
2025-03-31,121,7.23
2025-04-01,121,7.71
2025-04-03,121,8.3
2025-04-04,121,9.85
2025-04-08,121,7.24
2025-04-09,121,9.24
2025-04-10,121,10.02
2025-04-12,121,8.29
2025-04-18,121,10.21
2025-04-19,121,5.74
2025-04-21,121,8.22
2025-04-22,121,7.81
2025-04-23,121,6.57
2025-04-24,121,9.7
2025-04-26,121,7.99
2025-04-28,121,7.86
2025-04-30,121,9.13
2025-05-01,121,9.76
2025-05-02,121,10.35
2025-05-07,121,9.99
2025-05-08,121,5.63
2025-05-09,121,9.85
2025-05-12,121,10.21
2025-05-13,121,6.15
2025-05-14,121,10.39
2025-05-16,121,8.6
2025-05-18,121,6.57
2025-05-19,121,6.82
2025-05-21,121,8.13
2025-05-23,121,5.67
2025-05-26,121,8.22
2025-05-27,121,6.5
2025-05-29,121,7.8
2025-06-04,121,9.9
2025-06-05,121,7.32
2025-06-09,121,5.66
2025-06-10,121,7.19
2025-06-12,121,5.9
2025-06-13,121,7.56
2025-06-14,121,6.86
2025-06-16,121,6.02
2025-06-17,121,5.8
2025-06-18,121,9.75
2025-06-20,121,9.32
2025-06-23,121,6.47
2025-06-24,121,7.23
2025-06-26,121,6.56
2025-06-27,121,7.98
2025-07-02,121,9.76
2025-07-03,121,6.41
2025-07-04,121,7.23
2025-07-08,121,7.12
2025-07-09,121,6.0
2025-07-11,121,9.68
2025-07-13,121,8.81
2025-07-14,121,6.43
2025-07-16,121,6.33
2025-07-18,121,10.25
2025-07-21,121,6.5
2025-07-23,121,8.88
2025-07-24,121,6.76
2025-07-25,121,9.52
2025-07-27,121,9.12
2025-07-28,121,8.59
2025-07-29,121,8.27
2025-07-30,121,5.99
2025-08-03,121,8.79
2025-08-04,121,8.9
2025-08-05,121,6.36
2025-08-07,121,9.26
2025-08-08,121,8.89
2025-08-09,121,8.04
2025-08-10,121,9.76
2025-08-11,121,5.67
2025-08-13,121,9.73
2025-08-14,121,7.57
2025-08-15,121,9.73
2025-08-22,121,6.63
2025-08-23,121,9.72
2025-08-26,121,7.13
2025-08-28,121,8.6
2025-08-29,121,6.86
2025-09-02,121,6.04
2025-09-09,121,6.0
2025-09-10,121,9.78
2025-09-11,121,6.45
2025-09-12,121,7.74
2025-09-17,121,9.06
2025-09-18,121,9.09
2025-09-19,121,7.92
2025-09-20,121,9.95
2025-09-22,121,6.59
2025-09-23,121,9.78
2025-09-24,121,6.59
2025-09-25,121,8.36
2025-09-26,121,6.44
2025-09-29,121,8.83
2025-09-30,121,7.18
2025-10-02,121,9.6
2025-10-03,121,8.32
2025-10-06,121,9.45
2025-10-08,121,9.83
2025-10-10,121,6.1
2025-10-13,121,9.88
2025-10-15,121,7.39
2025-10-19,121,8.58
2025-10-20,121,6.4
2025-10-22,121,8.58
2025-10-23,121,6.01
2025-10-24,121,7.07
2025-10-25,121,6.55
2025-10-27,121,6.02
2025-10-29,121,7.41
2025-10-30,121,10.11
2025-10-31,121,6.13
2025-11-05,121,8.24
2025-11-06,121,9.19
2025-11-07,121,9.08
2025-11-08,121,7.7
2025-11-11,121,9.52
2025-11-12,121,5.99
2025-11-13,121,8.96
2025-11-17,121,8.64
2025-11-20,121,6.66
2025-11-24,121,8.18
2025-11-25,121,7.34
2025-11-27,121,8.29
2025-12-01,121,6.16
2025-12-04,121,6.05
2025-12-07,121,10.01
2025-12-08,121,9.01
2025-12-09,121,9.57
2025-12-11,121,7.76
2025-12-12,121,9.03
2025-12-15,121,6.15
2025-12-16,121,9.02
2025-12-18,121,9.61
2025-12-19,121,9.41
2025-12-26,121,7.04
2025-12-27,121,6.51
2025-01-02,122,25.97
2025-01-06,122,16.09
2025-01-08,122,25.51
2025-01-09,122,15.06
2025-01-10,122,23.15
2025-01-11,122,24.09
2025-01-13,122,24.8
2025-01-14,122,19.9
2025-01-17,122,22.55
2025-01-24,122,15.92
2025-01-25,122,17.92
2025-01-26,122,15.98
2025-01-27,122,15.84
2025-01-28,122,15.39
2025-01-29,122,25.05
2025-02-02,122,23.55
2025-02-04,122,24.87
2025-02-05,122,22.19
2025-02-06,122,24.85
2025-02-07,122,17.38
2025-02-10,122,24.07
2025-02-11,122,16.03
2025-02-12,122,22.05
2025-02-17,122,24.41
2025-02-18,122,16.55
2025-02-21,122,22.38
2025-02-22,122,15.02
2025-02-24,122,15.0
2025-02-26,122,23.99
2025-02-27,122,17.03
2025-02-28,122,18.32
2025-03-03,122,19.7
2025-03-04,122,23.64
2025-03-11,122,21.42
2025-03-13,122,19.55
2025-03-14,122,26.12
2025-03-18,122,25.22
2025-03-20,122,23.8
2025-03-21,122,24.46
2025-03-22,122,20.08
2025-03-31,122,25.8
2025-04-04,122,18.14
2025-04-06,122,16.09
2025-04-07,122,18.46
2025-04-08,122,24.8
2025-04-09,122,17.88
2025-04-11,122,23.85
2025-04-13,122,18.72
2025-04-15,122,26.82
2025-04-18,122,19.16
2025-04-20,122,27.3
2025-04-21,122,18.67
2025-04-23,122,20.62
2025-04-25,122,23.56
2025-04-26,122,22.27
2025-04-29,122,18.47
2025-04-30,122,16.46
2025-05-07,122,24.86
2025-05-09,122,16.14
2025-05-13,122,21.71
2025-05-14,122,16.46
2025-05-18,122,18.29
2025-05-19,122,23.4
2025-05-23,122,21.53
2025-05-24,122,20.08
2025-05-27,122,17.7
2025-05-28,122,16.39
2025-06-02,122,24.39
2025-06-04,122,19.85
2025-06-05,122,23.15
2025-06-06,122,27.15
2025-06-09,122,27.11
2025-06-11,122,19.02
2025-06-12,122,25.5
2025-06-15,122,26.14
2025-06-16,122,19.42
2025-06-17,122,17.02
2025-06-19,122,16.53
2025-06-23,122,24.59
2025-06-24,122,18.77
2025-06-25,122,21.07
2025-06-26,122,25.01
2025-07-03,122,21.26
2025-07-05,122,24.49
2025-07-07,122,22.4
2025-07-08,122,24.35
2025-07-09,122,23.19
2025-07-10,122,24.9
2025-07-11,122,23.33
2025-07-14,122,24.05
2025-07-16,122,19.85
2025-07-17,122,26.39
2025-07-21,122,22.64
2025-07-24,122,19.74
2025-07-25,122,15.94
2025-07-27,122,15.62
2025-07-30,122,24.65
2025-08-01,122,17.52
2025-08-02,122,16.47
2025-08-04,122,23.44
2025-08-05,122,19.67
2025-08-06,122,18.9
2025-08-09,122,16.47
2025-08-11,122,22.81
2025-08-12,122,22.92
2025-08-13,122,26.43
2025-08-14,122,14.8
2025-08-15,122,27.22
2025-08-16,122,25.72
2025-08-17,122,16.07
2025-08-21,122,25.79
2025-08-22,122,19.01
2025-08-24,122,22.01
2025-08-25,122,27.2
2025-08-27,122,24.66
2025-08-28,122,21.41
2025-08-29,122,18.77
2025-09-01,122,24.74
2025-09-03,122,24.34
2025-09-04,122,21.3
2025-09-07,122,21.5
2025-09-09,122,15.07
2025-09-11,122,19.29
2025-09-12,122,15.92
2025-09-15,122,20.4
2025-09-16,122,23.46
2025-09-19,122,15.95
2025-09-22,122,25.77
2025-09-23,122,15.61
2025-09-25,122,20.54
2025-09-26,122,16.56
2025-09-30,122,23.67
2025-10-01,122,22.01
2025-10-02,122,19.24
2025-10-04,122,21.41
2025-10-06,122,18.03
2025-10-09,122,19.23
2025-10-13,122,19.88
2025-10-15,122,14.94
2025-10-16,122,18.33
2025-10-17,122,14.82
2025-10-18,122,26.66
2025-10-21,122,21.89
2025-10-22,122,15.04
2025-10-23,122,22.84
2025-10-24,122,19.3
2025-10-25,122,19.26
2025-10-27,122,21.96
2025-10-28,122,18.89
2025-10-29,122,20.26
2025-10-30,122,24.28
2025-10-31,122,25.5
2025-11-05,122,17.93
2025-11-07,122,24.66
2025-11-10,122,21.72
2025-11-11,122,23.36
2025-11-12,122,21.12
2025-11-17,122,19.12
2025-11-18,122,22.84
2025-11-21,122,27.27
2025-11-22,122,22.97
2025-11-25,122,21.19
2025-11-28,122,24.43
2025-12-01,122,27.24
2025-12-02,122,22.51
2025-12-04,122,24.86
2025-12-05,122,21.0
2025-12-08,122,21.59
2025-12-09,122,20.17
2025-12-10,122,25.34
2025-12-11,122,15.74
2025-12-13,122,22.25
2025-12-15,122,16.35
2025-12-16,122,27.22
2025-12-18,122,18.93
2025-12-22,122,24.58
2025-12-24,122,15.5
2025-12-25,122,19.92
2025-12-26,122,15.63
2025-12-28,122,15.54
2025-12-30,122,25.11
2025-12-31,122,16.41
2025-01-01,123,20.22
2025-01-02,123,27.1
2025-01-05,123,30.02
2025-01-06,123,16.9
2025-01-07,123,18.3
2025-01-09,123,23.16
2025-01-10,123,28.09
2025-01-12,123,22.94
2025-01-14,123,21.11
2025-01-17,123,27.0
2025-01-18,123,24.62
2025-01-21,123,24.48
2025-01-22,123,24.88
2025-01-23,123,30.93
2025-01-24,123,18.52
2025-01-26,123,16.89
2025-01-27,123,20.7
2025-01-28,123,23.18
2025-01-29,123,22.88
2025-01-30,123,26.45
2025-01-31,123,25.84
2025-02-03,123,27.29
2025-02-04,123,18.87
2025-02-06,123,30.5
2025-02-07,123,24.53
2025-02-10,123,21.52
2025-02-11,123,26.59
2025-02-13,123,28.7
2025-02-14,123,20.59
2025-02-18,123,30.32
2025-02-19,123,21.4
2025-02-20,123,21.1
2025-02-21,123,22.59
2025-02-24,123,24.81
2025-02-26,123,21.86
2025-02-27,123,18.4
2025-03-01,123,22.09
2025-03-02,123,17.43
2025-03-05,123,26.51
2025-03-09,123,29.52
2025-03-10,123,28.92
2025-03-12,123,28.86
2025-03-13,123,22.89
2025-03-14,123,27.73
2025-03-17,123,23.94
2025-03-18,123,28.21
2025-03-19,123,23.42
2025-03-21,123,23.86
2025-03-23,123,24.38
2025-03-24,123,26.16
2025-03-27,123,18.31
2025-03-28,123,24.75
2025-03-29,123,24.68
2025-03-31,123,21.17
2025-04-01,123,29.5
2025-04-07,123,29.19
2025-04-09,123,21.2
2025-04-10,123,18.54
2025-04-15,123,23.96
2025-04-16,123,20.83
2025-04-17,123,24.38
2025-04-18,123,29.2
2025-04-20,123,25.08
2025-04-21,123,19.47
2025-04-23,123,27.59
2025-04-24,123,23.7
2025-04-25,123,24.71
2025-04-27,123,18.8
2025-04-29,123,28.39
2025-04-30,123,25.77
2025-05-03,123,19.58
2025-05-05,123,25.42
2025-05-06,123,23.82
2025-05-07,123,26.68
2025-05-08,123,27.51
2025-05-12,123,24.51
2025-05-13,123,23.25
2025-05-14,123,29.47
2025-05-15,123,26.48
2025-05-19,123,29.09
2025-05-20,123,25.34
2025-05-21,123,24.49
2025-05-24,123,24.08
2025-05-27,123,28.16
2025-05-30,123,27.55
2025-06-04,123,22.76
2025-06-05,123,17.28
2025-06-06,123,22.83
2025-06-07,123,18.41
2025-06-08,123,23.73
2025-06-09,123,26.8
2025-06-10,123,26.37
2025-06-12,123,26.71
2025-06-18,123,26.23
2025-06-19,123,27.69
2025-06-23,123,29.37
2025-06-27,123,31.07
2025-06-29,123,22.59
2025-06-30,123,20.03
2025-07-01,123,22.0
2025-07-03,123,16.95
2025-07-05,123,16.84
2025-07-07,123,17.57
2025-07-08,123,18.82
2025-07-10,123,19.99
2025-07-13,123,18.98
2025-07-14,123,25.3
2025-07-15,123,22.2
2025-07-18,123,20.07
2025-07-20,123,20.16
2025-07-21,123,19.79
2025-07-22,123,25.84
2025-07-23,123,29.22
2025-07-25,123,21.23
2025-07-27,123,26.61
2025-07-28,123,24.47
2025-07-30,123,17.93
2025-07-31,123,23.69
2025-08-02,123,18.68
2025-08-04,123,30.56
2025-08-05,123,22.23
2025-08-08,123,20.27
2025-08-13,123,28.57
2025-08-14,123,19.68
2025-08-15,123,23.47
2025-08-18,123,17.06
2025-08-19,123,26.52
2025-08-20,123,30.57
2025-08-21,123,26.75
2025-08-22,123,29.53
2025-08-25,123,29.4
2025-08-27,123,30.56
2025-08-29,123,19.45
2025-09-01,123,19.27
2025-09-02,123,21.38
2025-09-04,123,26.31
2025-09-05,123,24.45
2025-09-07,123,28.29
2025-09-09,123,26.21
2025-09-10,123,17.44
2025-09-11,123,25.09
2025-09-12,123,30.46
2025-09-16,123,17.16
2025-09-17,123,21.15
2025-09-18,123,21.88
2025-09-24,123,29.29
2025-09-25,123,19.65
2025-09-27,123,22.91
2025-09-30,123,26.35
2025-10-01,123,30.96
2025-10-02,123,29.86
2025-10-03,123,22.95
2025-10-05,123,24.67
2025-10-06,123,19.06
2025-10-13,123,18.03
2025-10-14,123,19.14
2025-10-17,123,17.29
2025-10-21,123,21.64
2025-10-23,123,27.83
2025-10-24,123,30.87
2025-10-28,123,20.85
2025-10-30,123,22.91
2025-11-03,123,26.75
2025-11-04,123,28.18
2025-11-05,123,24.8
2025-11-06,123,29.81
2025-11-07,123,20.55
2025-11-10,123,25.52
2025-11-11,123,25.58
2025-11-12,123,18.24
2025-11-13,123,30.99
2025-11-14,123,26.44
2025-11-16,123,28.35
2025-11-17,123,17.24
2025-11-18,123,27.04
2025-11-19,123,17.81
2025-11-20,123,18.93
2025-11-21,123,26.93
2025-11-24,123,19.89
2025-11-27,123,21.03
2025-11-30,123,30.47
2025-12-01,123,29.74
2025-12-03,123,21.59
2025-12-04,123,20.33
2025-12-05,123,20.96
2025-12-06,123,25.15
2025-12-08,123,23.48
2025-12-09,123,30.21
2025-12-10,123,27.24
2025-12-11,123,23.63
2025-12-19,123,24.38
2025-12-21,123,24.05
2025-12-22,123,25.61
2025-12-23,123,24.05
2025-12-24,123,18.41
2025-12-25,123,26.56
2025-12-26,123,23.4
2025-12-28,123,30.56
2025-12-29,123,22.8
2025-12-30,123,24.47
2025-01-03,124,14.0
2025-01-11,124,19.58
2025-01-15,124,18.6
2025-01-16,124,20.58
2025-01-17,124,11.84
2025-01-20,124,12.66
2025-01-21,124,15.84
2025-01-23,124,15.52
2025-01-24,124,17.27
2025-01-27,124,17.32
2025-01-28,124,12.58
2025-01-29,124,15.46
2025-01-30,124,18.28
2025-02-02,124,11.52
2025-02-03,124,20.21
2025-02-05,124,14.64
2025-02-07,124,16.91
2025-02-11,124,14.54
2025-02-13,124,15.56
2025-02-14,124,13.17
2025-02-16,124,19.62
2025-02-17,124,17.19
2025-02-21,124,13.58
2025-02-24,124,18.78
2025-02-25,124,14.06
2025-02-26,124,14.05
2025-02-28,124,13.3
2025-03-02,124,18.31
2025-03-03,124,20.29
2025-03-04,124,18.23
2025-03-05,124,14.78
2025-03-06,124,14.64
2025-03-07,124,11.4
2025-03-10,124,18.65
2025-03-11,124,18.96
2025-03-13,124,17.09
2025-03-14,124,17.3
2025-03-17,124,14.51
2025-03-18,124,16.85
2025-03-19,124,11.92
2025-03-20,124,15.16
2025-03-21,124,16.65
2025-03-27,124,18.66
2025-03-28,124,15.06
2025-03-29,124,12.31
2025-03-30,124,15.44
2025-04-01,124,11.46
2025-04-03,124,18.14
2025-04-04,124,14.2
2025-04-08,124,18.1
2025-04-09,124,19.01
2025-04-12,124,14.47
2025-04-13,124,17.26
2025-04-15,124,15.25
2025-04-18,124,20.04
2025-04-19,124,20.54
2025-04-21,124,15.48
2025-04-23,124,13.65
2025-04-26,124,16.7
2025-04-27,124,16.48
2025-04-28,124,14.68
2025-04-30,124,15.08
2025-05-04,124,17.53
2025-05-07,124,16.16
2025-05-09,124,19.38
2025-05-10,124,16.99
2025-05-12,124,11.54
2025-05-14,124,12.92
2025-05-15,124,20.22
2025-05-16,124,16.76
2025-05-20,124,20.38
2025-05-26,124,19.0
2025-05-27,124,19.52
2025-05-28,124,16.69
2025-05-30,124,18.72
2025-06-01,124,11.52
2025-06-04,124,18.74
2025-06-06,124,17.75
2025-06-10,124,17.15
2025-06-11,124,11.31
2025-06-12,124,13.43
2025-06-17,124,19.47
2025-06-18,124,14.44
2025-06-23,124,17.18
2025-06-25,124,20.2
2025-06-27,124,15.58
2025-06-30,124,14.55
2025-07-02,124,15.09
2025-07-03,124,16.41
2025-07-04,124,16.87
2025-07-07,124,12.85
2025-07-09,124,16.61
2025-07-11,124,12.66
2025-07-15,124,14.53
2025-07-16,124,17.94
2025-07-18,124,16.37
2025-07-24,124,13.99
2025-07-25,124,11.9
2025-07-29,124,17.84
2025-07-30,124,11.23
2025-07-31,124,11.8
2025-08-01,124,15.7
2025-08-03,124,13.26
2025-08-05,124,11.48
2025-08-08,124,13.62
2025-08-12,124,16.47
2025-08-13,124,16.56
2025-08-14,124,15.15
2025-08-15,124,20.73
2025-08-18,124,20.03
2025-08-20,124,19.96
2025-08-22,124,14.98
2025-08-25,124,13.08
2025-08-26,124,17.26
2025-08-27,124,12.0
2025-08-28,124,13.3
2025-08-29,124,19.37
2025-08-30,124,17.55
2025-08-31,124,16.9
2025-09-01,124,15.12
2025-09-03,124,16.91
2025-09-07,124,19.69
2025-09-09,124,15.67
2025-09-11,124,17.71
2025-09-12,124,18.91
2025-09-14,124,12.07
2025-09-16,124,14.07
2025-09-17,124,13.25
2025-09-18,124,18.65
2025-09-19,124,11.57
2025-09-23,124,15.28
2025-09-26,124,19.65
2025-09-30,124,20.06
2025-10-01,124,17.93
2025-10-02,124,19.8
2025-10-03,124,20.31
2025-10-04,124,17.75
2025-10-05,124,18.6
2025-10-06,124,19.93
2025-10-09,124,12.13
2025-10-11,124,19.52
2025-10-12,124,14.16
2025-10-15,124,15.5
2025-10-17,124,12.23
2025-10-19,124,15.51
2025-10-20,124,19.46
2025-10-22,124,16.1
2025-10-24,124,20.23
2025-10-25,124,11.22
2025-10-27,124,15.02
2025-10-28,124,15.11
2025-10-31,124,11.74
2025-11-05,124,17.02
2025-11-08,124,13.5
2025-11-10,124,15.12
2025-11-13,124,17.92
2025-11-14,124,19.82
2025-11-15,124,20.72
2025-11-17,124,16.83
2025-11-18,124,13.45
2025-11-26,124,14.61
2025-11-27,124,16.57
2025-12-01,124,11.64
2025-12-02,124,17.64
2025-12-03,124,12.4
2025-12-04,124,12.11
2025-12-05,124,20.51
2025-12-06,124,19.17
2025-12-08,124,20.25
2025-12-09,124,20.63
2025-12-12,124,19.55
2025-12-15,124,12.01
2025-12-16,124,17.97
2025-12-17,124,20.33
2025-12-18,124,14.64
2025-12-19,124,18.07
2025-12-22,124,17.63
2025-12-24,124,14.3
2025-12-25,124,16.4
2025-12-29,124,14.16
2025-12-31,124,12.49
2025-01-01,125,45.16
2025-01-02,125,40.49
2025-01-04,125,35.84
2025-01-13,125,37.32
2025-01-15,125,42.58
2025-01-16,125,38.67
2025-01-20,125,40.27
2025-01-21,125,36.46
2025-01-23,125,38.88
2025-01-24,125,38.39
2025-01-26,125,35.27
2025-01-28,125,37.45
2025-01-29,125,30.85
2025-02-06,125,36.55
2025-02-07,125,36.23
2025-02-10,125,33.11
2025-02-11,125,26.67
2025-02-12,125,35.87
2025-02-13,125,30.13
2025-02-19,125,33.95
2025-02-21,125,27.61
2025-02-24,125,32.34
2025-02-25,125,44.15
2025-02-28,125,32.77
2025-03-02,125,30.5
2025-03-03,125,27.26
2025-03-04,125,46.0
2025-03-05,125,39.85
2025-03-07,125,46.26
2025-03-09,125,46.0
2025-03-11,125,44.34
2025-03-12,125,44.01
2025-03-14,125,39.25
2025-03-24,125,35.66
2025-03-26,125,36.97
2025-03-27,125,43.9
2025-03-28,125,36.0
2025-03-30,125,34.26
2025-04-01,125,47.73
2025-04-02,125,32.32
2025-04-04,125,36.56
2025-04-05,125,41.78
2025-04-06,125,44.74
2025-04-07,125,38.07
2025-04-12,125,42.02
2025-04-13,125,32.14
2025-04-14,125,45.74
2025-04-16,125,33.18
2025-04-17,125,36.86
2025-04-18,125,36.38
2025-04-21,125,45.36
2025-04-22,125,28.59
2025-04-23,125,30.49
2025-04-25,125,40.36
2025-04-28,125,35.63
2025-04-29,125,47.08
2025-04-30,125,47.43
2025-05-01,125,29.12
2025-05-02,125,43.49
2025-05-04,125,28.03
2025-05-05,125,38.44
2025-05-07,125,42.46
2025-05-09,125,30.67
2025-05-12,125,31.62
2025-05-13,125,36.97
2025-05-14,125,37.49
2025-05-15,125,37.44
2025-05-16,125,44.0
2025-05-18,125,45.92
2025-05-19,125,42.18
2025-05-21,125,45.91
2025-05-22,125,42.35
2025-05-23,125,37.57
2025-05-26,125,36.08
2025-05-28,125,46.12
2025-05-30,125,43.33
2025-06-02,125,26.11
2025-06-03,125,47.23
2025-06-04,125,34.5
2025-06-05,125,29.54
2025-06-06,125,41.95
2025-06-08,125,43.74
2025-06-10,125,34.04
2025-06-11,125,32.6
2025-06-16,125,29.68
2025-06-19,125,28.61
2025-06-23,125,31.98
2025-06-25,125,32.45
2025-06-26,125,32.6
2025-06-28,125,39.08
2025-07-01,125,31.9
2025-07-02,125,29.6
2025-07-03,125,35.14
2025-07-06,125,36.11
2025-07-11,125,25.98
2025-07-14,125,29.6
2025-07-17,125,31.38
2025-07-21,125,42.25
2025-07-22,125,45.86
2025-07-23,125,37.51
2025-07-24,125,40.3
2025-07-25,125,40.17
2025-07-26,125,45.74
2025-07-27,125,44.55
2025-07-29,125,33.17
2025-07-31,125,41.95
2025-08-01,125,46.0
2025-08-05,125,29.28
2025-08-06,125,30.38
2025-08-07,125,36.48
2025-08-09,125,31.19
2025-08-12,125,34.39
2025-08-13,125,32.42
2025-08-19,125,30.02
2025-08-20,125,39.0
2025-08-22,125,46.67
2025-08-24,125,43.58
2025-08-26,125,28.17
2025-08-27,125,27.29
2025-08-28,125,31.11
2025-08-29,125,36.74
2025-09-02,125,33.38
2025-09-03,125,27.46
2025-09-04,125,30.34
2025-09-05,125,41.76
2025-09-12,125,39.25
2025-09-14,125,33.75
2025-09-15,125,42.17
2025-09-18,125,47.15
2025-09-20,125,39.11
2025-09-22,125,37.7
2025-09-23,125,31.5
2025-09-26,125,41.91
2025-09-30,125,36.8
2025-10-03,125,43.38
2025-10-07,125,33.68
2025-10-08,125,42.22
2025-10-11,125,39.8
2025-10-13,125,39.99
2025-10-16,125,27.99
2025-10-20,125,45.08
2025-10-21,125,41.02
2025-10-22,125,34.27
2025-10-23,125,27.86
2025-10-25,125,27.28
2025-10-27,125,38.5
2025-10-28,125,29.05
2025-10-29,125,26.93
2025-10-31,125,34.77
2025-11-03,125,43.58
2025-11-04,125,34.05
2025-11-06,125,40.59
2025-11-07,125,36.36
2025-11-08,125,29.61
2025-11-09,125,44.65
2025-11-11,125,27.61
2025-11-12,125,37.09
2025-11-16,125,26.74
2025-11-18,125,47.46
2025-11-19,125,37.22
2025-11-21,125,31.54
2025-11-23,125,31.07
2025-11-24,125,40.13
2025-11-25,125,36.04
2025-11-26,125,45.12
2025-12-02,125,33.47
2025-12-06,125,46.87
2025-12-11,125,31.53
2025-12-15,125,46.05
2025-12-16,125,39.93
2025-12-17,125,27.18
2025-12-19,125,41.92
2025-12-22,125,37.92
2025-12-24,125,42.3
2025-12-25,125,28.76
2025-12-26,125,28.08
2025-12-29,125,31.5
2025-01-02,126,28.85
2025-01-06,126,28.55
2025-01-08,126,18.29
2025-01-10,126,21.48
2025-01-11,126,27.25
2025-01-13,126,29.76
2025-01-14,126,17.35
2025-01-15,126,26.88
2025-01-16,126,21.69
2025-01-17,126,18.95
2025-01-20,126,29.63
2025-01-21,126,23.17
2025-01-23,126,20.64
2025-01-24,126,29.66
2025-01-25,126,30.77
2025-01-28,126,24.97
2025-01-30,126,25.01
2025-01-31,126,18.95
2025-02-03,126,25.55
2025-02-04,126,27.67
2025-02-05,126,16.94
2025-02-06,126,31.04
2025-02-07,126,16.97
2025-02-11,126,30.11
2025-02-14,126,24.53
2025-02-18,126,21.22
2025-02-20,126,25.3
2025-02-21,126,29.15
2025-02-25,126,24.03
2025-02-26,126,19.03
2025-02-27,126,17.46
2025-03-03,126,20.57
2025-03-05,126,29.51
2025-03-07,126,28.46
2025-03-08,126,28.52
2025-03-10,126,20.07
2025-03-11,126,18.96
2025-03-12,126,28.41
2025-03-15,126,31.08
2025-03-17,126,28.52
2025-03-18,126,25.48
2025-03-21,126,19.32
2025-03-22,126,23.34
2025-03-24,126,17.7
2025-03-25,126,28.28
2025-03-27,126,22.42
2025-03-29,126,21.94
2025-03-31,126,17.67
2025-04-01,126,17.08
2025-04-04,126,18.7
2025-04-08,126,21.63
2025-04-09,126,28.72
2025-04-10,126,29.14
2025-04-11,126,25.56
2025-04-12,126,25.09
2025-04-13,126,19.58
2025-04-17,126,22.34
2025-04-21,126,23.58
2025-04-23,126,30.59
2025-04-25,126,30.41
2025-04-29,126,29.71
2025-04-30,126,25.97
2025-05-01,126,26.1
2025-05-02,126,22.14
2025-05-04,126,26.49
2025-05-06,126,25.5
2025-05-07,126,28.06
2025-05-09,126,21.91
2025-05-12,126,31.1
2025-05-13,126,19.48
2025-05-16,126,17.78
2025-05-19,126,23.09
2025-05-20,126,31.13
2025-05-22,126,19.23
2025-05-27,126,17.04
2025-05-30,126,29.72
2025-06-02,126,22.61
2025-06-04,126,20.85
2025-06-05,126,21.91
2025-06-10,126,25.66
2025-06-12,126,28.33
2025-06-15,126,29.75
2025-06-17,126,25.59
2025-06-20,126,26.02
2025-06-21,126,23.3
2025-06-23,126,21.11
2025-06-26,126,23.16
2025-06-28,126,27.33
2025-07-02,126,19.27
2025-07-03,126,27.09
2025-07-04,126,16.96
2025-07-05,126,20.97
2025-07-08,126,29.68
2025-07-09,126,21.58
2025-07-11,126,25.3
2025-07-14,126,26.8
2025-07-15,126,27.03
2025-07-16,126,21.7
2025-07-23,126,28.13
2025-07-26,126,16.95
2025-07-27,126,29.05
2025-08-01,126,27.17
2025-08-05,126,21.83
2025-08-06,126,23.59
2025-08-07,126,26.02
2025-08-10,126,18.1
2025-08-11,126,27.42
2025-08-13,126,21.27
2025-08-14,126,20.23
2025-08-15,126,21.18
2025-08-17,126,21.43
2025-08-18,126,21.51
2025-08-19,126,23.95
2025-08-22,126,22.12
2025-08-25,126,21.77
2025-08-26,126,22.81
2025-08-27,126,26.81
2025-08-28,126,20.28
2025-08-31,126,20.42
2025-09-01,126,19.7
2025-09-03,126,29.34
2025-09-04,126,26.03
2025-09-05,126,25.42
2025-09-08,126,30.2
2025-09-10,126,20.02
2025-09-11,126,30.92
2025-09-15,126,20.05
2025-09-16,126,29.16
2025-09-17,126,25.01
2025-09-19,126,22.8
2025-09-25,126,17.94
2025-09-26,126,17.22
2025-09-30,126,20.08
2025-10-01,126,29.04
2025-10-02,126,20.31
2025-10-03,126,21.47
2025-10-08,126,21.5
2025-10-09,126,23.08
2025-10-10,126,28.43
2025-10-11,126,29.67
2025-10-13,126,26.32
2025-10-15,126,20.69
2025-10-16,126,23.81
2025-10-17,126,26.59
2025-10-20,126,28.9
2025-10-21,126,26.19
2025-10-22,126,28.55
2025-10-23,126,30.07
2025-10-24,126,18.89
2025-10-27,126,28.6
2025-10-28,126,18.76
2025-10-29,126,29.65
2025-10-30,126,24.91
2025-10-31,126,23.85
2025-11-04,126,30.83
2025-11-05,126,29.96
2025-11-06,126,21.06
2025-11-10,126,26.59
2025-11-11,126,21.92
2025-11-13,126,29.57
2025-11-14,126,19.37
2025-11-17,126,21.13
2025-11-18,126,18.76
2025-11-20,126,28.71
2025-11-23,126,21.83
2025-11-26,126,29.2
2025-11-27,126,23.63
2025-11-28,126,18.96
2025-11-30,126,24.8
2025-12-01,126,28.48
2025-12-05,126,23.79
2025-12-08,126,16.84
2025-12-09,126,26.19
2025-12-10,126,31.05
2025-12-11,126,18.36
2025-12-12,126,26.69
2025-12-15,126,28.71
2025-12-17,126,25.82
2025-12-18,126,19.42
2025-12-19,126,24.31
2025-12-22,126,24.14
2025-12-23,126,23.11
2025-12-24,126,28.49
2025-12-26,126,26.72
2025-12-29,126,17.29
2025-12-31,126,29.48
2025-01-01,127,23.66
2025-01-04,127,29.11
2025-01-08,127,26.77
2025-01-09,127,23.59
2025-01-10,127,27.79
2025-01-13,127,20.12
2025-01-17,127,26.12
2025-01-18,127,25.24
2025-01-19,127,16.76
2025-01-21,127,16.92
2025-01-22,127,16.97
2025-01-23,127,18.27
2025-01-24,127,18.8
2025-01-26,127,23.38
2025-01-27,127,27.69
2025-01-30,127,20.11
2025-01-31,127,25.59
2025-02-07,127,29.61
2025-02-10,127,22.72
2025-02-12,127,17.25
2025-02-13,127,22.26
2025-02-14,127,23.27
2025-02-15,127,21.96
2025-02-18,127,23.83
2025-02-19,127,20.51
2025-02-20,127,29.83
2025-02-21,127,23.57
2025-02-25,127,24.35
2025-02-28,127,22.69
2025-03-01,127,23.96
2025-03-03,127,22.64
2025-03-04,127,17.76
2025-03-05,127,29.77
2025-03-07,127,19.31
2025-03-10,127,29.73
2025-03-13,127,24.7
2025-03-14,127,16.23
2025-03-17,127,21.07
2025-03-18,127,26.11
2025-03-24,127,18.23
2025-03-26,127,19.02
2025-03-29,127,18.81
2025-03-31,127,29.68
2025-04-01,127,18.97
2025-04-02,127,17.51
2025-04-07,127,22.67
2025-04-08,127,28.75
2025-04-09,127,24.29
2025-04-10,127,19.48
2025-04-11,127,25.72
2025-04-14,127,25.73
2025-04-15,127,23.18
2025-04-16,127,24.29
2025-04-17,127,29.07
2025-04-18,127,25.54
2025-04-20,127,23.55
2025-04-22,127,21.52
2025-04-23,127,21.4
2025-04-25,127,21.83
2025-04-28,127,28.88
2025-04-29,127,25.08
2025-04-30,127,19.39
2025-05-02,127,29.16
2025-05-06,127,20.66
2025-05-07,127,28.05
2025-05-08,127,25.56
2025-05-09,127,27.54
2025-05-13,127,23.72
2025-05-16,127,20.68
2025-05-20,127,17.32
2025-05-22,127,17.36
2025-05-23,127,28.21
2025-05-27,127,24.51
2025-05-29,127,29.74
2025-05-30,127,19.1
2025-06-03,127,24.98
2025-06-04,127,20.93
2025-06-06,127,26.81
2025-06-08,127,27.9
2025-06-09,127,28.76
2025-06-11,127,22.71
2025-06-14,127,21.38
2025-06-17,127,24.7
2025-06-18,127,28.32
2025-06-19,127,29.6
2025-06-20,127,19.41
2025-06-27,127,29.62
2025-06-28,127,27.77
2025-06-29,127,23.44
2025-06-30,127,27.92
2025-07-02,127,28.46
2025-07-04,127,28.12
2025-07-07,127,18.19
2025-07-09,127,23.81
2025-07-14,127,17.35
2025-07-17,127,27.7
2025-07-18,127,20.69
2025-07-21,127,27.51
2025-07-24,127,28.79
2025-07-25,127,26.13
2025-07-28,127,23.35
2025-08-01,127,19.01
2025-08-04,127,26.41
2025-08-06,127,27.78
2025-08-08,127,25.74
2025-08-11,127,17.5
2025-08-12,127,29.03
2025-08-13,127,25.25
2025-08-16,127,27.17
2025-08-18,127,25.62
2025-08-20,127,28.09
2025-08-21,127,23.38
2025-08-22,127,26.15
2025-08-23,127,20.81
2025-08-24,127,27.3
2025-08-25,127,26.08
2025-08-27,127,23.91
2025-08-28,127,24.3
2025-08-30,127,27.42
2025-09-01,127,25.15
2025-09-03,127,23.04
2025-09-04,127,25.61
2025-09-05,127,22.45
2025-09-07,127,23.39
2025-09-08,127,21.32
2025-09-09,127,16.32
2025-09-10,127,22.8
2025-09-11,127,19.03
2025-09-12,127,25.03
2025-09-13,127,20.32
2025-09-15,127,22.56
2025-09-17,127,20.41
2025-09-18,127,20.62
2025-09-19,127,19.31
2025-09-20,127,29.67
2025-09-21,127,23.42
2025-09-22,127,23.96
2025-09-23,127,26.13
2025-09-25,127,18.63
2025-10-01,127,28.15
2025-10-06,127,26.24
2025-10-07,127,21.69
2025-10-09,127,28.91
2025-10-10,127,24.88
2025-10-16,127,24.6
2025-10-28,127,16.77
2025-10-29,127,19.09
2025-10-31,127,26.42
2025-11-03,127,22.93
2025-11-04,127,18.13
2025-11-05,127,17.96
2025-11-06,127,18.45
2025-11-07,127,27.85
2025-11-11,127,27.06
2025-11-12,127,20.87
2025-11-13,127,17.56
2025-11-14,127,29.3
2025-11-19,127,26.32
2025-11-21,127,24.58
2025-11-25,127,27.77
2025-11-27,127,28.29
2025-11-29,127,28.87
2025-11-30,127,18.93
2025-12-01,127,28.83
2025-12-03,127,24.84
2025-12-04,127,26.47
2025-12-05,127,16.81
2025-12-10,127,25.74
2025-12-11,127,20.79
2025-12-17,127,23.01
2025-12-18,127,26.85
2025-12-21,127,17.83
2025-12-22,127,21.28
2025-12-23,127,27.98
2025-12-29,127,16.96
2025-12-30,127,23.74
2025-12-31,127,18.29
2025-01-02,128,23.71
2025-01-04,128,19.9
2025-01-08,128,22.49
2025-01-09,128,21.64
2025-01-10,128,22.99
2025-01-11,128,17.78
2025-01-12,128,27.71
2025-01-13,128,18.89
2025-01-15,128,16.6
2025-01-16,128,18.19
2025-01-17,128,20.77
2025-01-18,128,29.88
2025-01-23,128,29.57
2025-01-27,128,21.96
2025-01-28,128,20.61
2025-01-30,128,27.1
2025-01-31,128,19.1
2025-02-05,128,17.11
2025-02-06,128,26.48
2025-02-09,128,17.14
2025-02-10,128,29.62
2025-02-11,128,17.29
2025-02-14,128,22.28
2025-02-17,128,19.33
2025-02-19,128,23.47
2025-02-25,128,24.76
2025-02-27,128,28.56
2025-03-03,128,23.42
2025-03-04,128,20.55
2025-03-06,128,28.09
2025-03-09,128,21.45
2025-03-11,128,22.56
2025-03-12,128,28.17
2025-03-13,128,25.73
2025-03-14,128,20.65
2025-03-18,128,24.99
2025-03-19,128,23.68
2025-03-20,128,22.31
2025-03-21,128,28.25
2025-03-22,128,27.56
2025-03-24,128,18.54
2025-03-26,128,26.15
2025-03-27,128,21.52
2025-04-02,128,24.31
2025-04-06,128,29.58
2025-04-07,128,29.12
2025-04-09,128,23.54
2025-04-11,128,28.06
2025-04-13,128,21.26
2025-04-14,128,16.12
2025-04-17,128,17.67
2025-04-18,128,28.76
2025-04-20,128,25.5
2025-04-23,128,27.34
2025-04-25,128,28.87
2025-04-28,128,19.24
2025-04-30,128,24.09
2025-05-01,128,19.05
2025-05-08,128,29.21
2025-05-09,128,24.49
2025-05-12,128,21.87
2025-05-14,128,25.37
2025-05-19,128,27.11
2025-05-20,128,28.13
2025-05-21,128,18.41
2025-05-23,128,21.54
2025-05-26,128,21.7
2025-05-27,128,26.02
2025-05-28,128,22.76
2025-05-29,128,29.14
2025-05-30,128,28.94
2025-05-31,128,27.7
2025-06-01,128,29.74
2025-06-03,128,19.05
2025-06-04,128,23.33
2025-06-06,128,26.23
2025-06-08,128,16.57
2025-06-09,128,21.99
2025-06-12,128,22.91
2025-06-13,128,29.23
2025-06-16,128,19.99
2025-06-17,128,25.16
2025-06-19,128,23.99
2025-06-20,128,24.95
2025-06-24,128,25.11
2025-06-25,128,17.24
2025-06-26,128,27.61
2025-06-27,128,20.66
2025-06-29,128,24.37
2025-07-03,128,19.65
2025-07-04,128,28.18
2025-07-08,128,24.13
2025-07-09,128,22.73
2025-07-10,128,21.01
2025-07-11,128,27.38
2025-07-14,128,19.68
2025-07-15,128,25.38
2025-07-16,128,19.92
2025-07-17,128,23.76
2025-07-18,128,29.37
2025-07-20,128,20.33
2025-07-21,128,19.27
2025-07-22,128,26.01
2025-07-24,128,24.22
2025-07-28,128,22.44
2025-07-29,128,28.85
2025-07-30,128,29.67
2025-07-31,128,19.11
2025-08-01,128,18.49
2025-08-02,128,25.65
2025-08-07,128,18.67
2025-08-08,128,17.89
2025-08-09,128,25.3
2025-08-13,128,29.62
2025-08-14,128,28.11
2025-08-15,128,28.82
2025-08-16,128,26.33
2025-08-18,128,16.92
2025-08-20,128,22.49
2025-08-21,128,24.44
2025-08-22,128,24.3
2025-08-25,128,17.47
2025-08-26,128,27.53
2025-08-27,128,20.02
2025-08-28,128,27.69
2025-09-02,128,26.06
2025-09-03,128,16.95
2025-09-05,128,22.85
2025-09-09,128,20.07
2025-09-10,128,17.92
2025-09-11,128,16.83
2025-09-12,128,19.94
2025-09-16,128,26.58
2025-09-17,128,29.74
2025-09-18,128,27.66
2025-09-19,128,29.22
2025-09-22,128,16.15
2025-09-23,128,20.09
2025-09-24,128,18.02
2025-09-25,128,25.32
2025-09-26,128,19.3
2025-09-28,128,20.8
2025-09-29,128,20.73
2025-09-30,128,27.81
2025-10-03,128,20.1
2025-10-06,128,28.5
2025-10-09,128,21.55
2025-10-10,128,25.37
2025-10-14,128,22.81
2025-10-15,128,29.86
2025-10-16,128,25.52
2025-10-17,128,24.58
2025-10-18,128,24.43
2025-10-20,128,23.06
2025-10-22,128,18.63
2025-10-23,128,28.12
2025-10-24,128,23.12
2025-10-25,128,29.38
2025-10-27,128,21.78
2025-10-28,128,22.43
2025-10-31,128,22.87
2025-11-02,128,27.37
2025-11-03,128,17.68
2025-11-04,128,18.87
2025-11-05,128,20.9
2025-11-07,128,27.97
2025-11-10,128,21.15
2025-11-11,128,18.38
2025-11-12,128,23.48
2025-11-13,128,26.38
2025-11-14,128,17.7
2025-11-18,128,21.98
2025-11-19,128,26.67
2025-11-20,128,26.38
2025-11-25,128,18.09
2025-11-27,128,24.73
2025-11-28,128,18.87
2025-12-04,128,27.9
2025-12-05,128,19.43
2025-12-06,128,19.94
2025-12-07,128,16.45
2025-12-11,128,16.48
2025-12-12,128,26.34
2025-12-16,128,18.24
2025-12-17,128,18.01
2025-12-22,128,25.45
2025-12-23,128,19.92
2025-12-25,128,21.84
2025-12-30,128,22.18
2025-12-31,128,21.76
2025-01-01,129,31.77
2025-01-02,129,18.23
2025-01-07,129,33.06
2025-01-08,129,31.01
2025-01-09,129,18.96
2025-01-14,129,20.04
2025-01-15,129,31.05
2025-01-16,129,26.85
2025-01-17,129,18.97
2025-01-20,129,25.15
2025-01-21,129,31.32
2025-01-23,129,24.66
2025-01-26,129,28.0
2025-01-28,129,21.4
2025-01-29,129,33.22
2025-01-31,129,18.53
2025-02-03,129,26.0
2025-02-04,129,18.8
2025-02-09,129,22.66
2025-02-10,129,19.14
2025-02-12,129,23.26
2025-02-13,129,23.27
2025-02-14,129,25.19
2025-02-17,129,30.42
2025-02-18,129,30.86
2025-02-19,129,22.13
2025-02-20,129,33.42
2025-02-21,129,28.7
2025-02-24,129,27.66
2025-02-25,129,19.42
2025-03-01,129,24.11
2025-03-02,129,23.89
2025-03-03,129,26.46
2025-03-04,129,29.51
2025-03-05,129,26.27
2025-03-07,129,23.21
2025-03-10,129,19.34
2025-03-14,129,26.73
2025-03-17,129,33.24
2025-03-18,129,18.52
2025-03-19,129,19.3
2025-03-20,129,31.08
2025-03-21,129,24.03
2025-03-24,129,25.98
2025-03-26,129,22.85
2025-03-27,129,19.77
2025-03-28,129,26.7
2025-03-29,129,28.91
2025-03-31,129,30.13
2025-04-01,129,31.07
2025-04-02,129,18.5
2025-04-03,129,30.61
2025-04-04,129,33.43
2025-04-06,129,31.77
2025-04-07,129,25.79
2025-04-08,129,19.13
2025-04-09,129,24.8
2025-04-11,129,26.41
2025-04-14,129,31.49
2025-04-17,129,25.33
2025-04-18,129,31.31
2025-04-22,129,26.9
2025-04-23,129,21.42
2025-04-24,129,19.75
2025-04-25,129,28.29
2025-04-28,129,23.43
2025-04-29,129,31.71
2025-04-30,129,25.51
2025-05-01,129,32.73
2025-05-02,129,30.38
2025-05-03,129,23.3
2025-05-07,129,22.72
2025-05-08,129,29.3
2025-05-11,129,28.51
2025-05-12,129,23.16
2025-05-13,129,30.26
2025-05-15,129,30.89
2025-05-16,129,25.8
2025-05-19,129,32.34
2025-05-20,129,32.73
2025-05-23,129,33.6
2025-05-29,129,18.55
2025-06-01,129,22.66
2025-06-03,129,27.8
2025-06-05,129,18.37
2025-06-06,129,33.12
2025-06-10,129,29.65
2025-06-11,129,24.26
2025-06-12,129,20.6
2025-06-13,129,19.68
2025-06-17,129,21.49
2025-06-20,129,27.75
2025-06-21,129,20.96
2025-06-23,129,21.38
2025-06-24,129,25.46
2025-06-26,129,30.98
2025-06-27,129,25.28
2025-07-02,129,21.07
2025-07-03,129,30.71
2025-07-04,129,22.41
2025-07-05,129,18.48
2025-07-06,129,31.82
2025-07-10,129,33.47
2025-07-11,129,20.54
2025-07-14,129,29.72
2025-07-15,129,27.07
2025-07-21,129,26.56
2025-07-22,129,20.52
2025-07-23,129,27.43
2025-07-24,129,24.22
2025-07-25,129,24.15
2025-07-28,129,24.73
2025-07-29,129,20.25
2025-07-30,129,18.87
2025-07-31,129,23.27
2025-08-01,129,28.57
2025-08-05,129,25.21
2025-08-06,129,22.29
2025-08-07,129,28.26
2025-08-11,129,22.93
2025-08-16,129,20.09
2025-08-17,129,29.16
2025-08-18,129,25.65
2025-08-19,129,29.68
2025-08-21,129,21.21
2025-08-22,129,22.57
2025-08-26,129,20.94
2025-08-27,129,20.5
2025-08-28,129,21.98
2025-08-29,129,27.37
2025-08-31,129,30.97
2025-09-01,129,25.13
2025-09-03,129,28.87
2025-09-05,129,26.2
2025-09-06,129,22.56
2025-09-07,129,27.94
2025-09-08,129,22.61
2025-09-09,129,22.0
2025-09-10,129,29.09
2025-09-12,129,27.57
2025-09-15,129,33.04
2025-09-17,129,29.17
2025-09-22,129,31.4
2025-09-23,129,28.8
2025-10-02,129,25.8
2025-10-03,129,18.8
2025-10-07,129,30.15
2025-10-09,129,19.18
2025-10-13,129,30.96
2025-10-19,129,33.2
2025-10-20,129,27.68
2025-10-22,129,31.57
2025-10-27,129,30.06
2025-10-28,129,32.06
2025-10-29,129,27.01
2025-10-30,129,21.09
2025-10-31,129,28.1
2025-11-02,129,26.77
2025-11-04,129,28.99
2025-11-05,129,32.91
2025-11-06,129,18.82
2025-11-07,129,30.41
2025-11-11,129,21.54
2025-11-14,129,28.38
2025-11-15,129,32.13
2025-11-17,129,25.34
2025-11-19,129,20.34
2025-11-20,129,19.47
2025-11-21,129,28.77
2025-11-24,129,31.68
2025-11-27,129,22.75
2025-11-28,129,33.76
2025-12-03,129,18.5
2025-12-07,129,19.55
2025-12-08,129,27.25
2025-12-09,129,32.88
2025-12-11,129,31.33
2025-12-15,129,22.32
2025-12-18,129,22.14
2025-12-19,129,24.65
2025-12-20,129,30.54
2025-12-21,129,23.56
2025-12-24,129,32.69
2025-12-26,129,20.2
2025-12-30,129,26.19
2025-01-01,130,25.77
2025-01-02,130,26.82
2025-01-03,130,15.91
2025-01-05,130,24.0
2025-01-06,130,17.11
2025-01-08,130,19.13
2025-01-10,130,17.32
2025-01-12,130,23.68
2025-01-14,130,26.65
2025-01-15,130,18.07
2025-01-17,130,15.94
2025-01-19,130,21.96
2025-01-21,130,27.27
2025-01-22,130,18.53
2025-01-28,130,19.91
2025-02-02,130,19.63
2025-02-03,130,18.22
2025-02-11,130,21.05
2025-02-12,130,27.59
2025-02-13,130,25.23
2025-02-16,130,24.1
2025-02-17,130,23.39
2025-02-18,130,28.03
2025-02-19,130,16.07
2025-02-21,130,25.3
2025-02-24,130,22.71
2025-02-25,130,25.89
2025-02-26,130,27.39
2025-03-06,130,25.77
2025-03-07,130,19.9
2025-03-09,130,18.45
2025-03-10,130,21.42
2025-03-11,130,27.1
2025-03-13,130,16.51
2025-03-14,130,16.7
2025-03-15,130,24.21
2025-03-17,130,19.99
2025-03-18,130,21.67
2025-03-19,130,22.42
2025-03-20,130,27.79
2025-03-22,130,19.21
2025-03-24,130,17.34
2025-03-25,130,20.07
2025-03-27,130,27.82
2025-03-28,130,18.99
2025-04-01,130,17.9
2025-04-02,130,19.22
2025-04-05,130,17.33
2025-04-06,130,16.29
2025-04-09,130,15.49
2025-04-11,130,16.71
2025-04-13,130,21.01
2025-04-14,130,18.9
2025-04-15,130,19.46
2025-04-16,130,22.93
2025-04-17,130,23.99
2025-04-18,130,28.53
2025-04-19,130,26.11
2025-04-20,130,21.2
2025-04-21,130,19.46
2025-04-22,130,18.56
2025-04-23,130,18.71
2025-04-25,130,25.49
2025-04-27,130,17.42
2025-04-30,130,16.07
2025-05-01,130,23.11
2025-05-05,130,21.19
2025-05-06,130,15.51
2025-05-08,130,25.71
2025-05-09,130,26.16
2025-05-12,130,17.03
2025-05-13,130,17.85
2025-05-16,130,26.18
2025-05-19,130,15.52
2025-05-20,130,16.0
2025-05-21,130,18.76
2025-05-22,130,17.31
2025-05-23,130,25.13
2025-05-27,130,27.96
2025-05-28,130,19.2
2025-05-30,130,16.46
2025-06-01,130,27.67
2025-06-03,130,25.35
2025-06-06,130,19.52
2025-06-07,130,27.26
2025-06-08,130,23.01
2025-06-09,130,18.59
2025-06-10,130,15.89
2025-06-11,130,26.98
2025-06-12,130,22.51
2025-06-17,130,25.34
2025-06-19,130,21.71
2025-06-24,130,19.39
2025-06-25,130,21.96
2025-06-26,130,20.14
2025-06-27,130,21.87
2025-06-29,130,22.52
2025-06-30,130,23.54
2025-07-02,130,17.19
2025-07-07,130,19.39
2025-07-08,130,20.02
2025-07-09,130,26.91
2025-07-10,130,22.62
2025-07-11,130,19.11
2025-07-12,130,27.11
2025-07-13,130,25.9
2025-07-14,130,18.19
2025-07-15,130,19.25
2025-07-16,130,20.18
2025-07-17,130,16.25
2025-07-18,130,21.31
2025-07-20,130,17.75
2025-07-22,130,26.67
2025-07-23,130,15.5
2025-07-25,130,20.27
2025-07-26,130,17.52
2025-07-28,130,21.98
2025-07-29,130,19.04
2025-08-01,130,16.42
2025-08-04,130,21.6
2025-08-06,130,27.28
2025-08-08,130,24.73
2025-08-09,130,17.18
2025-08-10,130,16.37
2025-08-14,130,17.25
2025-08-15,130,28.4
2025-08-18,130,22.23
2025-08-20,130,28.54
2025-08-21,130,28.37
2025-08-22,130,22.9
2025-08-24,130,25.44
2025-08-25,130,20.02
2025-08-26,130,16.15
2025-08-27,130,16.79
2025-08-29,130,22.19
2025-08-30,130,19.16
2025-08-31,130,20.24
2025-09-01,130,22.77
2025-09-05,130,22.22
2025-09-06,130,19.45
2025-09-07,130,15.56
2025-09-10,130,19.95
2025-09-11,130,18.11
2025-09-14,130,22.85
2025-09-18,130,20.56
2025-09-19,130,15.66
2025-09-22,130,26.64
2025-09-25,130,16.1
2025-09-28,130,16.48
2025-09-30,130,17.92
2025-10-01,130,20.49
2025-10-03,130,24.67
2025-10-04,130,25.48
2025-10-06,130,23.87
2025-10-07,130,27.64
2025-10-08,130,21.96
2025-10-09,130,17.96
2025-10-10,130,21.68
2025-10-11,130,20.52
2025-10-13,130,20.97
2025-10-14,130,20.24
2025-10-16,130,16.56
2025-10-20,130,16.76
2025-10-22,130,24.66
2025-10-23,130,24.4
2025-10-27,130,20.47
2025-10-28,130,26.21
2025-10-29,130,24.88
2025-10-30,130,20.1
2025-11-03,130,27.19
2025-11-04,130,26.98
2025-11-05,130,28.31
2025-11-06,130,17.57
2025-11-07,130,24.4
2025-11-09,130,22.77
2025-11-10,130,19.73
2025-11-11,130,19.42
2025-11-12,130,22.44
2025-11-13,130,21.75
2025-11-14,130,21.53
2025-11-18,130,24.72
2025-11-19,130,23.28
2025-11-20,130,17.14
2025-11-24,130,24.94
2025-11-25,130,18.25
2025-11-26,130,20.46
2025-11-27,130,20.31
2025-11-28,130,24.18
2025-12-03,130,24.51
2025-12-06,130,19.14
2025-12-07,130,27.44
2025-12-09,130,27.23
2025-12-10,130,15.45
2025-12-11,130,28.43
2025-12-12,130,28.34
2025-12-16,130,19.71
2025-12-17,130,16.55
2025-12-18,130,20.35
2025-12-19,130,24.46
2025-12-20,130,28.1
2025-12-23,130,19.54
2025-12-25,130,16.77
2025-12-29,130,18.2
2025-12-31,130,21.31
2025-01-03,131,37.52
2025-01-05,131,33.06
2025-01-07,131,34.56
2025-01-10,131,30.75
2025-01-11,131,27.25
2025-01-13,131,22.26
2025-01-14,131,21.53
2025-01-15,131,25.46
2025-01-16,131,28.24
2025-01-17,131,22.09
2025-01-20,131,37.51
2025-01-22,131,34.92
2025-01-24,131,35.71
2025-01-25,131,36.75
2025-01-26,131,31.48
2025-01-27,131,20.98
2025-01-29,131,35.16
2025-01-30,131,33.2
2025-01-31,131,30.45
2025-02-03,131,24.36
2025-02-04,131,34.9
2025-02-06,131,24.64
2025-02-07,131,31.09
2025-02-08,131,26.58
2025-02-09,131,31.55
2025-02-11,131,21.02
2025-02-12,131,23.09
2025-02-13,131,23.25
2025-02-14,131,30.99
2025-02-16,131,23.53
2025-02-17,131,26.57
2025-02-20,131,22.58
2025-02-21,131,22.76
2025-02-23,131,33.39
2025-02-24,131,34.34
2025-02-26,131,27.36
2025-02-28,131,35.79
2025-03-03,131,28.17
2025-03-04,131,26.62
2025-03-08,131,33.55
2025-03-09,131,20.51
2025-03-10,131,25.4
2025-03-13,131,25.97
2025-03-14,131,30.66
2025-03-18,131,31.71
2025-03-20,131,25.66
2025-03-21,131,33.43
2025-03-28,131,31.51
2025-04-02,131,29.84
2025-04-03,131,27.54
2025-04-04,131,32.98
2025-04-06,131,24.57
2025-04-08,131,30.54
2025-04-09,131,24.1
2025-04-10,131,36.82
2025-04-12,131,24.18
2025-04-14,131,24.68
2025-04-15,131,23.53
2025-04-18,131,22.41
2025-04-19,131,36.55
2025-04-21,131,35.8
2025-04-22,131,28.66
2025-04-24,131,27.1
2025-04-25,131,37.3
2025-04-28,131,35.64
2025-04-29,131,31.44
2025-04-30,131,31.81
2025-05-01,131,33.73
2025-05-02,131,27.23
2025-05-07,131,28.64
2025-05-12,131,23.42
2025-05-13,131,24.07
2025-05-14,131,36.08
2025-05-15,131,22.06
2025-05-18,131,23.6
2025-05-21,131,30.34
2025-05-22,131,25.14
2025-05-23,131,21.63
2025-05-26,131,22.7
2025-05-28,131,33.52
2025-05-30,131,23.85
2025-05-31,131,30.15
2025-06-02,131,34.42
2025-06-03,131,37.62
2025-06-05,131,28.99
2025-06-07,131,32.99
2025-06-08,131,36.7
2025-06-10,131,35.51
2025-06-11,131,27.36
2025-06-16,131,20.91
2025-06-17,131,31.75
2025-06-18,131,21.18
2025-06-20,131,28.35
2025-06-22,131,26.51
2025-06-26,131,35.78
2025-06-29,131,30.3
2025-06-30,131,33.5
2025-07-02,131,30.62
2025-07-04,131,22.65
2025-07-07,131,37.53
2025-07-08,131,21.46
2025-07-09,131,35.41
2025-07-11,131,20.51
2025-07-14,131,28.48
2025-07-16,131,22.66
2025-07-18,131,26.29
2025-07-19,131,28.27
2025-07-22,131,32.82
2025-07-23,131,33.09
2025-07-24,131,23.77
2025-07-27,131,21.85
2025-07-28,131,21.47
2025-07-29,131,36.29
2025-07-31,131,25.52
2025-08-01,131,21.46
2025-08-02,131,36.1
2025-08-04,131,28.75
2025-08-08,131,25.54
2025-08-12,131,33.92
2025-08-13,131,32.66
2025-08-19,131,22.88
2025-08-21,131,30.23
2025-08-23,131,29.99
2025-08-26,131,27.28
2025-08-27,131,23.21
2025-08-28,131,27.89
2025-08-29,131,34.79
2025-09-01,131,21.86
2025-09-05,131,34.36
2025-09-08,131,36.95
2025-09-09,131,31.83
2025-09-11,131,28.83
2025-09-12,131,29.37
2025-09-13,131,34.13
2025-09-16,131,22.84
2025-09-17,131,29.17
2025-09-18,131,28.31
2025-09-20,131,33.49
2025-09-22,131,33.81
2025-09-23,131,31.86
2025-09-25,131,34.0
2025-09-26,131,37.47
2025-09-28,131,22.71
2025-09-30,131,36.86
2025-10-02,131,34.85
2025-10-03,131,25.36
2025-10-04,131,24.69
2025-10-06,131,26.71
2025-10-07,131,24.07
2025-10-09,131,36.5
2025-10-10,131,36.1
2025-10-13,131,23.32
2025-10-15,131,28.66
2025-10-17,131,22.04
2025-10-22,131,32.86
2025-10-23,131,33.94
2025-10-24,131,29.01
2025-10-25,131,30.06
2025-10-26,131,37.0
2025-10-27,131,29.51
2025-10-29,131,32.08
2025-10-30,131,32.63
2025-10-31,131,33.88
2025-11-04,131,30.25
2025-11-05,131,28.59
2025-11-10,131,25.97
2025-11-11,131,23.82
2025-11-12,131,32.22
2025-11-14,131,33.69
2025-11-17,131,30.8
2025-11-18,131,24.08
2025-11-19,131,25.16
2025-11-21,131,31.66
2025-11-23,131,36.6
2025-11-24,131,35.2
2025-11-25,131,25.05
2025-11-26,131,31.67
2025-11-27,131,34.09
2025-11-28,131,24.75
2025-12-03,131,24.87
2025-12-08,131,31.42
2025-12-09,131,29.47
2025-12-10,131,37.35
2025-12-11,131,37.28
2025-12-12,131,33.66
2025-12-19,131,20.82
2025-12-21,131,32.12
2025-12-22,131,21.05
2025-12-24,131,24.2
2025-12-25,131,22.61
2025-12-31,131,21.24
2025-01-01,132,10.9
2025-01-02,132,10.11
2025-01-03,132,12.13
2025-01-05,132,10.98
2025-01-06,132,9.22
2025-01-08,132,11.71
2025-01-10,132,10.84
2025-01-11,132,12.17
2025-01-13,132,9.3
2025-01-14,132,9.79
2025-01-15,132,11.9
2025-01-16,132,14.29
2025-01-17,132,12.89
2025-01-18,132,11.4
2025-01-20,132,10.82
2025-01-23,132,14.85
2025-01-25,132,12.43
2025-01-27,132,14.39
2025-01-28,132,8.87
2025-02-01,132,13.25
2025-02-02,132,13.98
2025-02-04,132,12.05
2025-02-06,132,14.39
2025-02-07,132,11.84
2025-02-10,132,10.56
2025-02-12,132,10.55
2025-02-14,132,14.09
2025-02-16,132,11.34
2025-02-17,132,12.84
2025-02-19,132,10.85
2025-02-21,132,13.2
2025-02-22,132,13.54
2025-02-24,132,15.09
2025-02-25,132,9.81
2025-02-26,132,10.73
2025-02-27,132,11.29
2025-03-03,132,11.33
2025-03-05,132,14.53
2025-03-06,132,14.51
2025-03-09,132,15.03
2025-03-10,132,11.09
2025-03-13,132,9.04
2025-03-14,132,11.56
2025-03-17,132,10.97
2025-03-18,132,14.58
2025-03-27,132,11.72
2025-03-31,132,9.46
2025-04-01,132,10.53
2025-04-02,132,9.16
2025-04-03,132,14.04
2025-04-04,132,14.8
2025-04-05,132,13.87
2025-04-09,132,15.5
2025-04-10,132,15.13
2025-04-11,132,8.81
2025-04-14,132,14.33
2025-04-15,132,9.49
2025-04-17,132,8.95
2025-04-21,132,13.23
2025-04-25,132,11.17
2025-04-28,132,15.42
2025-04-29,132,9.21
2025-04-30,132,13.83
2025-05-01,132,15.51
2025-05-03,132,11.29
2025-05-04,132,11.34
2025-05-05,132,14.32
2025-05-06,132,15.51
2025-05-08,132,11.86
2025-05-09,132,8.53
2025-05-12,132,11.72
2025-05-13,132,13.44
2025-05-15,132,10.66
2025-05-20,132,8.83
2025-05-21,132,15.1
2025-05-22,132,14.71
2025-05-23,132,13.61
2025-05-24,132,12.18
2025-05-27,132,11.73
2025-05-28,132,10.43
2025-05-29,132,12.39
2025-05-30,132,10.33
2025-06-02,132,8.5
2025-06-05,132,15.03
2025-06-08,132,10.22
2025-06-09,132,13.8
2025-06-10,132,14.52
2025-06-11,132,13.94
2025-06-12,132,12.74
2025-06-16,132,11.17
2025-06-17,132,13.78
2025-06-18,132,11.22
2025-06-20,132,10.5
2025-06-23,132,14.41
2025-06-24,132,10.88
2025-06-25,132,13.57
2025-06-27,132,13.76
2025-06-30,132,13.4
2025-07-01,132,15.3
2025-07-02,132,10.08
2025-07-06,132,10.61
2025-07-08,132,13.68
2025-07-09,132,13.36
2025-07-10,132,12.92
2025-07-14,132,13.54
2025-07-18,132,13.77
2025-07-22,132,9.66
2025-07-23,132,14.21
2025-07-24,132,10.52
2025-07-25,132,9.97
2025-07-27,132,15.13
2025-07-28,132,12.31
2025-07-29,132,15.33
2025-07-30,132,12.46
2025-08-01,132,8.64
2025-08-04,132,11.73
2025-08-08,132,8.56
2025-08-11,132,14.03
2025-08-14,132,10.89
2025-08-15,132,14.57
2025-08-17,132,10.59
2025-08-18,132,15.38
2025-08-19,132,11.97
2025-08-20,132,11.81
2025-08-22,132,10.43
2025-08-24,132,13.72
2025-08-25,132,12.58
2025-08-27,132,13.04
2025-08-28,132,9.0
2025-08-29,132,11.57
2025-09-02,132,13.17
2025-09-04,132,11.05
2025-09-05,132,11.51
2025-09-07,132,9.37
2025-09-10,132,12.01
2025-09-11,132,10.77
2025-09-12,132,13.63
2025-09-15,132,12.33
2025-09-16,132,11.25
2025-09-18,132,12.18
2025-09-19,132,13.23
2025-09-22,132,10.56
2025-09-23,132,14.35
2025-09-25,132,12.39
2025-09-26,132,8.46
2025-09-27,132,13.58
2025-09-28,132,13.86
2025-09-29,132,14.52
2025-10-02,132,14.08
2025-10-04,132,11.15
2025-10-07,132,10.42
2025-10-08,132,10.77
2025-10-10,132,11.02
2025-10-11,132,14.83
2025-10-13,132,12.84
2025-10-15,132,11.77
2025-10-16,132,8.64
2025-10-17,132,13.43
2025-10-20,132,11.47
2025-10-21,132,9.5
2025-10-22,132,11.6
2025-10-23,132,10.95
2025-10-24,132,12.81
2025-10-27,132,9.72
2025-10-28,132,8.86
2025-10-29,132,9.8
2025-11-01,132,9.59
2025-11-02,132,10.7
2025-11-03,132,8.61
2025-11-04,132,14.87
2025-11-05,132,8.86
2025-11-06,132,11.89
2025-11-10,132,13.59
2025-11-11,132,10.88
2025-11-17,132,11.85
2025-11-18,132,8.68
2025-11-19,132,9.95
2025-11-20,132,11.53
2025-11-22,132,12.5
2025-11-24,132,12.91
2025-11-25,132,9.95
2025-12-02,132,13.41
2025-12-03,132,14.33
2025-12-04,132,12.58
2025-12-05,132,13.08
2025-12-06,132,13.79
2025-12-07,132,10.04
2025-12-08,132,10.65
2025-12-09,132,10.08
2025-12-10,132,14.83
2025-12-11,132,13.6
2025-12-12,132,14.23
2025-12-15,132,14.73
2025-12-16,132,12.73
2025-12-19,132,9.38
2025-12-22,132,10.39
2025-12-23,132,10.6
2025-12-24,132,14.34
2025-12-25,132,11.84
2025-12-26,132,14.15
2025-12-31,132,14.6
2025-01-01,133,15.28
2025-01-02,133,18.03
2025-01-04,133,21.83
2025-01-05,133,20.53
2025-01-09,133,19.29
2025-01-13,133,15.38
2025-01-15,133,15.3
2025-01-16,133,20.19
2025-01-17,133,17.56
2025-01-20,133,20.23
2025-01-21,133,15.18
2025-01-22,133,20.47
2025-01-23,133,13.21
2025-01-27,133,20.43
2025-01-28,133,21.77
2025-01-30,133,14.18
2025-02-01,133,20.76
2025-02-02,133,18.55
2025-02-03,133,20.49
2025-02-04,133,16.31
2025-02-05,133,18.29
2025-02-06,133,11.99
2025-02-08,133,17.27
2025-02-10,133,14.23
2025-02-11,133,15.96
2025-02-15,133,12.36
2025-02-16,133,20.66
2025-02-18,133,16.34
2025-02-19,133,21.53
2025-02-20,133,19.23
2025-02-21,133,14.57
2025-02-24,133,13.16
2025-02-28,133,14.15
2025-03-03,133,20.8
2025-03-04,133,20.33
2025-03-05,133,18.24
2025-03-06,133,21.25
2025-03-07,133,14.12
2025-03-08,133,14.55
2025-03-10,133,12.3
2025-03-11,133,17.02
2025-03-12,133,13.64
2025-03-13,133,20.97
2025-03-14,133,21.62
2025-03-17,133,13.56
2025-03-18,133,16.84
2025-03-19,133,14.98
2025-03-20,133,16.09
2025-03-24,133,21.35
2025-03-27,133,15.88
2025-03-28,133,15.29
2025-03-29,133,17.39
2025-03-31,133,20.87
2025-04-01,133,13.41
2025-04-02,133,16.2
2025-04-03,133,20.3
2025-04-07,133,19.2
2025-04-09,133,17.65
2025-04-10,133,21.18
2025-04-16,133,13.3
2025-04-17,133,20.79
2025-04-21,133,19.48
2025-04-22,133,12.9
2025-04-25,133,12.58
2025-04-28,133,12.82
2025-04-29,133,16.86
2025-04-30,133,17.65
2025-05-05,133,16.57
2025-05-06,133,13.81
2025-05-07,133,14.76
2025-05-08,133,19.3
2025-05-09,133,19.57
2025-05-12,133,19.41
2025-05-13,133,18.41
2025-05-14,133,13.84
2025-05-15,133,19.46
2025-05-16,133,14.37
2025-05-19,133,19.67
2025-05-20,133,18.56
2025-05-22,133,19.43
2025-05-26,133,16.37
2025-05-27,133,12.02
2025-05-28,133,21.21
2025-05-30,133,18.09
2025-05-31,133,12.96
2025-06-01,133,20.23
2025-06-03,133,16.82
2025-06-04,133,20.89
2025-06-05,133,17.25
2025-06-06,133,16.8
2025-06-07,133,18.89
2025-06-09,133,19.33
2025-06-11,133,22.04
2025-06-12,133,15.06
2025-06-13,133,20.25
2025-06-19,133,18.02
2025-06-20,133,16.35
2025-06-22,133,15.59
2025-06-23,133,20.78
2025-06-25,133,16.99
2025-06-29,133,16.98
2025-07-03,133,18.37
2025-07-04,133,16.71
2025-07-08,133,17.05
2025-07-09,133,16.17
2025-07-10,133,19.91
2025-07-14,133,20.12
2025-07-15,133,11.98
2025-07-16,133,21.0
2025-07-17,133,18.15
2025-07-18,133,19.86
2025-07-21,133,13.62
2025-07-22,133,13.92
2025-07-23,133,19.76
2025-07-25,133,18.8
2025-07-28,133,20.24
2025-07-31,133,20.5
2025-08-01,133,18.72
2025-08-02,133,12.38
2025-08-04,133,13.37
2025-08-05,133,22.04
2025-08-06,133,13.84
2025-08-07,133,15.13
2025-08-08,133,20.47
2025-08-11,133,22.04
2025-08-13,133,19.64
2025-08-14,133,12.43
2025-08-15,133,17.4
2025-08-17,133,20.6
2025-08-18,133,15.79
2025-08-19,133,12.89
2025-08-21,133,13.68
2025-08-22,133,14.77
2025-08-25,133,21.4
2025-08-28,133,21.05
2025-08-29,133,18.32
2025-08-31,133,13.45
2025-09-02,133,18.58
2025-09-03,133,21.82
2025-09-04,133,20.78
2025-09-08,133,18.16
2025-09-11,133,20.23
2025-09-15,133,12.78
2025-09-21,133,20.42
2025-09-22,133,22.0
2025-09-23,133,12.75
2025-09-24,133,15.22
2025-09-26,133,12.38
2025-09-30,133,13.1
2025-10-01,133,13.33
2025-10-02,133,21.11
2025-10-06,133,13.65
2025-10-07,133,18.01
2025-10-09,133,20.5
2025-10-15,133,16.2
2025-10-16,133,21.46
2025-10-17,133,16.91
2025-10-20,133,18.86
2025-10-22,133,21.51
2025-10-23,133,13.71
2025-10-24,133,19.38
2025-10-27,133,18.85
2025-10-28,133,21.97
2025-10-30,133,16.83
2025-10-31,133,18.39
2025-11-03,133,15.86
2025-11-04,133,18.37
2025-11-05,133,21.82
2025-11-06,133,13.9
2025-11-07,133,18.6
2025-11-10,133,16.46
2025-11-12,133,15.93
2025-11-13,133,14.18
2025-11-14,133,18.16
2025-11-15,133,18.8
2025-11-19,133,21.61
2025-11-24,133,14.04
2025-11-26,133,16.64
2025-11-27,133,16.62
2025-12-03,133,14.27
2025-12-07,133,19.65
2025-12-09,133,19.01
2025-12-11,133,14.78
2025-12-17,133,16.05
2025-12-19,133,15.17
2025-12-22,133,18.45
2025-12-23,133,17.43
2025-12-24,133,20.69
2025-12-25,133,20.85
2025-12-26,133,15.68
2025-12-29,133,18.67
2025-12-30,133,14.1
2025-12-31,133,17.86
2025-01-05,134,15.38
2025-01-06,134,12.08
2025-01-07,134,11.41
2025-01-09,134,12.58
2025-01-13,134,11.97
2025-01-14,134,11.54
2025-01-15,134,12.03
2025-01-17,134,15.69
2025-01-22,134,9.63
2025-01-24,134,16.3
2025-01-29,134,11.67
2025-01-30,134,11.83
2025-01-31,134,16.0
2025-02-03,134,16.82
2025-02-04,134,10.34
2025-02-07,134,13.32
2025-02-12,134,12.65
2025-02-13,134,14.07
2025-02-17,134,16.36
2025-02-18,134,11.44
2025-02-19,134,12.45
2025-02-21,134,14.48
2025-02-22,134,11.26
2025-02-25,134,15.26
2025-02-28,134,11.53
2025-03-03,134,10.88
2025-03-05,134,10.13
2025-03-10,134,12.97
2025-03-12,134,10.44
2025-03-13,134,11.19
2025-03-14,134,16.51
2025-03-16,134,16.12
2025-03-17,134,14.84
2025-03-18,134,16.39
2025-03-19,134,14.27
2025-03-21,134,15.35
2025-03-25,134,13.71
2025-03-27,134,13.99
2025-03-28,134,14.86
2025-04-01,134,13.48
2025-04-02,134,16.7
2025-04-08,134,10.45
2025-04-13,134,16.25
2025-04-15,134,13.25
2025-04-16,134,12.15
2025-04-20,134,10.68
2025-04-23,134,10.29
2025-04-25,134,10.99
2025-04-26,134,16.2
2025-04-28,134,16.54
2025-04-29,134,14.93
2025-04-30,134,14.77
2025-05-01,134,14.07
2025-05-02,134,15.33
2025-05-05,134,14.98
2025-05-07,134,11.36
2025-05-09,134,12.21
2025-05-12,134,12.73
2025-05-13,134,15.99
2025-05-14,134,9.8
2025-05-16,134,15.54
2025-05-26,134,16.0
2025-05-27,134,9.34
2025-05-30,134,13.27
2025-06-02,134,12.16
2025-06-03,134,14.89
2025-06-04,134,15.46
2025-06-05,134,16.15
2025-06-06,134,12.59
2025-06-08,134,12.0
2025-06-09,134,13.53
2025-06-11,134,11.55
2025-06-15,134,11.37
2025-06-16,134,16.15
2025-06-20,134,12.56
2025-06-22,134,9.49
2025-06-23,134,13.09
2025-06-24,134,12.43
2025-06-25,134,10.75
2025-06-26,134,9.92
2025-06-27,134,13.75
2025-07-07,134,9.82
2025-07-09,134,15.47
2025-07-10,134,10.6
2025-07-11,134,14.59
2025-07-13,134,14.86
2025-07-15,134,13.19
2025-07-18,134,11.3
2025-07-21,134,13.47
2025-07-22,134,14.34
2025-07-23,134,10.1
2025-07-24,134,14.29
2025-07-25,134,11.82
2025-07-29,134,14.7
2025-08-01,134,11.87
2025-08-08,134,10.69
2025-08-11,134,9.25
2025-08-12,134,14.13
2025-08-13,134,9.17
2025-08-14,134,14.97
2025-08-15,134,10.01
2025-08-16,134,15.73
2025-08-18,134,9.58
2025-08-19,134,14.14
2025-08-20,134,16.14
2025-08-26,134,10.17
2025-08-27,134,12.83
2025-08-28,134,13.24
2025-08-29,134,15.9
2025-08-31,134,15.48
2025-09-04,134,16.84
2025-09-05,134,14.96
2025-09-08,134,12.54
2025-09-11,134,14.18
2025-09-13,134,16.59
2025-09-14,134,16.24
2025-09-16,134,16.06
2025-09-19,134,15.61
2025-09-22,134,14.91
2025-09-23,134,16.46
2025-09-24,134,15.94
2025-09-25,134,16.25
2025-09-27,134,14.85
2025-09-29,134,9.64
2025-09-30,134,16.54
2025-10-01,134,9.3
2025-10-02,134,16.86
2025-10-03,134,10.2
2025-10-08,134,15.22
2025-10-13,134,15.13
2025-10-15,134,9.26
2025-10-17,134,14.0
2025-10-20,134,14.42
2025-10-23,134,14.78
2025-10-24,134,16.78
2025-10-27,134,12.71
2025-10-28,134,10.05
2025-10-29,134,11.85
2025-10-30,134,12.97
2025-10-31,134,11.95
2025-11-03,134,14.94
2025-11-05,134,13.86
2025-11-07,134,13.32
2025-11-12,134,12.48
2025-11-13,134,12.37
2025-11-14,134,10.07
2025-11-15,134,11.41
2025-11-24,134,10.21
2025-11-25,134,9.28
2025-11-26,134,14.66
2025-11-27,134,12.38
2025-11-29,134,9.28
2025-11-30,134,14.44
2025-12-01,134,15.84
2025-12-02,134,11.31
2025-12-03,134,13.58
2025-12-05,134,11.07
2025-12-08,134,14.21
2025-12-09,134,14.36
2025-12-11,134,16.49
2025-12-17,134,11.11
2025-12-18,134,9.97
2025-12-20,134,11.15
2025-12-26,134,16.87
2025-12-27,134,12.22
2025-12-29,134,14.96
2025-12-30,134,10.49
2025-12-31,134,15.22
2025-01-01,135,29.09
2025-01-03,135,39.5
2025-01-04,135,41.09
2025-01-06,135,24.95
2025-01-08,135,29.26
2025-01-09,135,28.78
2025-01-10,135,41.2
2025-01-11,135,31.31
2025-01-14,135,28.91
2025-01-15,135,24.64
2025-01-20,135,35.58
2025-01-21,135,36.46
2025-01-24,135,27.96
2025-01-27,135,23.87
2025-01-28,135,40.76
2025-01-29,135,28.32
2025-02-01,135,28.33
2025-02-03,135,37.12
2025-02-04,135,32.35
2025-02-05,135,29.35
2025-02-06,135,25.2
2025-02-12,135,27.23
2025-02-14,135,40.19
2025-02-15,135,29.81
2025-02-16,135,43.99
2025-02-17,135,27.3
2025-02-18,135,41.15
2025-02-20,135,41.76
2025-02-21,135,30.57
2025-02-24,135,41.23
2025-02-26,135,42.2
2025-03-03,135,38.98
2025-03-04,135,29.62
2025-03-05,135,27.98
2025-03-06,135,39.34
2025-03-07,135,26.09
2025-03-09,135,27.94
2025-03-11,135,32.66
2025-03-12,135,25.62
2025-03-16,135,36.39
2025-03-17,135,30.12
2025-03-18,135,34.53
2025-03-20,135,34.2
2025-03-21,135,33.31
2025-03-26,135,31.12
2025-03-27,135,37.1
2025-03-28,135,28.59
2025-04-03,135,34.38
2025-04-05,135,42.49
2025-04-07,135,34.35
2025-04-08,135,35.14
2025-04-09,135,29.18
2025-04-11,135,39.14
2025-04-13,135,29.09
2025-04-14,135,43.17
2025-04-18,135,32.04
2025-04-23,135,30.51
2025-04-24,135,25.0
2025-04-25,135,31.64
2025-04-26,135,31.92
2025-04-27,135,30.94
2025-04-28,135,40.0
2025-05-01,135,40.65
2025-05-05,135,34.43
2025-05-06,135,40.79
2025-05-07,135,36.13
2025-05-08,135,25.93
2025-05-09,135,35.46
2025-05-11,135,30.12
2025-05-12,135,24.61
2025-05-13,135,37.69
2025-05-14,135,35.74
2025-05-15,135,25.19
2025-05-16,135,28.08
2025-05-19,135,31.47
2025-05-23,135,27.57
2025-05-27,135,27.71
2025-05-29,135,35.73
2025-05-30,135,40.25
2025-05-31,135,39.38
2025-06-02,135,34.68
2025-06-03,135,28.4
2025-06-04,135,40.33
2025-06-09,135,39.19
2025-06-10,135,23.86
2025-06-11,135,30.82
2025-06-12,135,38.55
2025-06-18,135,35.13
2025-06-25,135,25.75
2025-06-28,135,28.69
2025-07-01,135,36.33
2025-07-02,135,30.73
2025-07-05,135,38.21
2025-07-08,135,42.81
2025-07-09,135,41.31
2025-07-14,135,30.12
2025-07-16,135,29.95
2025-07-20,135,35.63
2025-07-21,135,36.67
2025-07-24,135,27.71
2025-07-28,135,40.91
2025-07-29,135,43.11
2025-07-30,135,29.54
2025-07-31,135,41.11
2025-08-04,135,30.08
2025-08-05,135,39.3
2025-08-06,135,39.82
2025-08-08,135,26.13
2025-08-09,135,25.0
2025-08-11,135,35.32
2025-08-12,135,25.22
2025-08-13,135,29.22
2025-08-14,135,41.73
2025-08-17,135,31.57
2025-08-18,135,27.96
2025-08-20,135,35.35
2025-08-23,135,27.72
2025-08-25,135,28.89
2025-08-26,135,31.24
2025-08-27,135,27.31
2025-08-28,135,25.47
2025-09-01,135,39.66
2025-09-02,135,43.9
2025-09-04,135,37.5
2025-09-05,135,33.77
2025-09-07,135,28.23
2025-09-09,135,37.37
2025-09-11,135,33.36
2025-09-12,135,36.35
2025-09-15,135,40.17
2025-09-17,135,38.62
2025-09-18,135,25.64
2025-09-19,135,32.1
2025-09-20,135,25.89
2025-09-23,135,34.14
2025-09-24,135,33.97
2025-09-26,135,34.92
2025-10-01,135,41.09
2025-10-02,135,34.5
2025-10-03,135,35.72
2025-10-05,135,29.13
2025-10-07,135,31.31
2025-10-08,135,43.54
2025-10-09,135,26.53
2025-10-10,135,30.13
2025-10-13,135,41.58
2025-10-15,135,38.57
2025-10-17,135,36.75
2025-10-20,135,30.45
2025-10-21,135,35.34
2025-10-22,135,30.91
2025-10-23,135,25.97
2025-10-24,135,44.08
2025-10-26,135,35.38
2025-10-30,135,42.05
2025-11-03,135,30.73
2025-11-06,135,37.52
2025-11-08,135,27.53
2025-11-11,135,42.91
2025-11-12,135,30.76
2025-11-14,135,32.82
2025-11-17,135,30.61
2025-11-20,135,33.19
2025-11-21,135,39.98
2025-11-22,135,26.76
2025-11-25,135,41.42
2025-11-26,135,37.2
2025-11-27,135,38.96
2025-11-28,135,35.01
2025-12-01,135,30.04
2025-12-03,135,23.94
2025-12-05,135,37.53
2025-12-06,135,31.52
2025-12-10,135,42.3
2025-12-12,135,37.3
2025-12-14,135,23.93
2025-12-15,135,43.28
2025-12-17,135,37.25
2025-12-22,135,25.27
2025-12-23,135,30.29
2025-12-24,135,27.35
2025-12-29,135,35.04
2025-12-31,135,39.93
2025-01-01,136,7.28
2025-01-02,136,5.53
2025-01-03,136,5.2
2025-01-06,136,8.22
2025-01-07,136,8.1
2025-01-08,136,7.12
2025-01-10,136,5.2
2025-01-13,136,9.07
2025-01-15,136,7.39
2025-01-16,136,5.06
2025-01-17,136,7.35
2025-01-20,136,8.12
2025-01-23,136,9.05
2025-01-24,136,7.06
2025-01-27,136,6.39
2025-01-28,136,8.68
2025-01-30,136,7.28
2025-02-02,136,8.21
2025-02-04,136,9.08
2025-02-10,136,7.04
2025-02-14,136,7.41
2025-02-19,136,6.6
2025-02-20,136,7.56
2025-02-21,136,7.71
2025-02-24,136,8.53
2025-02-25,136,6.22
2025-02-28,136,7.61
2025-03-04,136,8.75
2025-03-06,136,5.02
2025-03-09,136,5.36
2025-03-10,136,5.9
2025-03-13,136,7.22
2025-03-17,136,6.44
2025-03-24,136,5.49
2025-03-27,136,4.93
2025-04-01,136,6.27
2025-04-04,136,5.64
2025-04-07,136,7.85
2025-04-09,136,4.93
2025-04-10,136,6.21
2025-04-11,136,6.12
2025-04-13,136,5.17
2025-04-15,136,8.83
2025-04-16,136,4.9
2025-04-18,136,8.74
2025-04-21,136,8.31
2025-04-23,136,7.73
2025-04-30,136,7.31
2025-05-01,136,6.59
2025-05-03,136,8.34
2025-05-04,136,7.33
2025-05-05,136,7.7
2025-05-06,136,9.1
2025-05-08,136,7.12
2025-05-09,136,7.96
2025-05-11,136,7.68
2025-05-12,136,6.15
2025-05-14,136,7.02
2025-05-18,136,8.85
2025-05-20,136,6.06
2025-05-21,136,5.7
2025-05-23,136,5.44
2025-05-24,136,6.56
2025-05-25,136,8.7
2025-05-26,136,8.76
2025-05-29,136,5.91
2025-05-30,136,7.18
2025-05-31,136,5.22
2025-06-01,136,6.27
2025-06-02,136,5.72
2025-06-03,136,8.14
2025-06-04,136,8.22
2025-06-05,136,8.08
2025-06-06,136,8.68
2025-06-09,136,8.61
2025-06-10,136,6.82
2025-06-11,136,7.52
2025-06-12,136,7.37
2025-06-14,136,5.93
2025-06-16,136,8.7
2025-06-17,136,5.24
2025-06-18,136,8.1
2025-06-20,136,5.91
2025-06-23,136,6.78
2025-06-26,136,5.53
2025-07-01,136,5.94
2025-07-03,136,6.6
2025-07-04,136,6.29
2025-07-07,136,8.81
2025-07-09,136,5.61
2025-07-10,136,5.57
2025-07-11,136,7.93
2025-07-13,136,6.98
2025-07-14,136,6.74
2025-07-15,136,6.9
2025-07-16,136,7.42
2025-07-17,136,8.87
2025-07-18,136,8.66
2025-07-21,136,8.55
2025-07-22,136,7.75
2025-07-25,136,9.0
2025-07-29,136,5.6
2025-07-30,136,7.63
2025-07-31,136,7.86
2025-08-02,136,7.67
2025-08-04,136,5.86
2025-08-05,136,8.53
2025-08-06,136,5.67
2025-08-11,136,5.11
2025-08-12,136,5.29
2025-08-13,136,9.01
2025-08-18,136,5.65
2025-08-19,136,7.12
2025-08-23,136,8.1
2025-08-28,136,8.36
2025-08-29,136,6.69
2025-09-02,136,5.42
2025-09-03,136,8.5
2025-09-04,136,7.47
2025-09-07,136,5.31
2025-09-08,136,5.34
2025-09-09,136,8.52
2025-09-11,136,8.47
2025-09-12,136,7.46
2025-09-13,136,6.92
2025-09-15,136,8.39
2025-09-16,136,7.22
2025-09-17,136,6.71
2025-09-18,136,7.83
2025-09-19,136,8.35
2025-09-21,136,6.65
2025-09-22,136,6.2
2025-09-23,136,4.98
2025-09-26,136,5.87
2025-09-27,136,8.62
2025-09-30,136,8.52
2025-10-02,136,7.59
2025-10-04,136,6.74
2025-10-10,136,7.32
2025-10-16,136,8.7
2025-10-17,136,7.43
2025-10-18,136,7.17
2025-10-19,136,6.3
2025-10-23,136,7.33
2025-10-24,136,7.75
2025-10-26,136,7.36
2025-10-27,136,7.78
2025-10-28,136,7.22
2025-10-29,136,7.28
2025-10-30,136,6.2
2025-10-31,136,8.16
2025-11-01,136,6.48
2025-11-03,136,6.52
2025-11-04,136,5.84
2025-11-06,136,5.73
2025-11-11,136,7.11
2025-11-12,136,9.03
2025-11-14,136,5.89
2025-11-17,136,5.05
2025-11-18,136,6.64
2025-11-20,136,8.13
2025-11-21,136,7.52
2025-11-23,136,7.88
2025-11-26,136,6.65
2025-11-27,136,6.2
2025-12-02,136,9.07
2025-12-04,136,6.2
2025-12-05,136,6.85
2025-12-08,136,8.39
2025-12-09,136,6.87
2025-12-10,136,8.84
2025-12-11,136,8.44
2025-12-12,136,5.31
2025-12-17,136,6.09
2025-12-18,136,5.53
2025-12-19,136,6.95
2025-12-20,136,8.22
2025-12-21,136,6.25
2025-12-22,136,8.8
2025-12-23,136,6.14
2025-12-24,136,6.32
2025-12-25,136,5.51
2025-12-26,136,6.04
2025-12-27,136,5.81
2025-12-29,136,5.9
2025-01-01,137,31.29
2025-01-03,137,24.73
2025-01-05,137,22.07
2025-01-07,137,24.14
2025-01-08,137,31.06
2025-01-09,137,33.37
2025-01-10,137,31.12
2025-01-13,137,26.71
2025-01-16,137,32.22
2025-01-20,137,25.1
2025-01-21,137,34.06
2025-01-22,137,29.07
2025-01-24,137,21.33
2025-01-25,137,21.47
2025-01-29,137,30.66
2025-02-01,137,22.38
2025-02-05,137,25.27
2025-02-07,137,24.95
2025-02-09,137,27.48
2025-02-10,137,28.47
2025-02-11,137,33.72
2025-02-13,137,20.19
2025-02-18,137,29.14
2025-02-19,137,23.16
2025-02-20,137,34.18
2025-02-21,137,31.6
2025-02-23,137,29.64
2025-02-25,137,28.12
2025-02-26,137,24.06
2025-03-01,137,34.91
2025-03-03,137,33.08
2025-03-04,137,28.03
2025-03-06,137,27.89
2025-03-07,137,31.22
2025-03-12,137,26.37
2025-03-13,137,19.81
2025-03-15,137,23.39
2025-03-21,137,25.38
2025-03-25,137,27.07
2025-03-27,137,33.96
2025-03-28,137,20.18
2025-03-30,137,22.55
2025-03-31,137,26.7
2025-04-01,137,33.84
2025-04-05,137,28.65
2025-04-06,137,26.23
2025-04-07,137,30.07
2025-04-09,137,19.57
2025-04-10,137,33.07
2025-04-11,137,22.92
2025-04-12,137,27.47
2025-04-13,137,25.66
2025-04-14,137,22.61
2025-04-15,137,19.22
2025-04-16,137,22.15
2025-04-21,137,34.6
2025-04-23,137,31.47
2025-04-24,137,31.54
2025-04-25,137,23.58
2025-04-28,137,28.51
2025-04-29,137,26.1
2025-04-30,137,32.79
2025-05-01,137,33.28
2025-05-02,137,21.81
2025-05-06,137,24.08
2025-05-07,137,33.94
2025-05-10,137,29.62
2025-05-12,137,21.45
2025-05-15,137,21.86
2025-05-16,137,29.02
2025-05-21,137,21.45
2025-05-22,137,23.46
2025-05-24,137,33.14
2025-05-25,137,24.54
2025-05-26,137,20.57
2025-05-27,137,24.45
2025-05-28,137,22.15
2025-05-30,137,33.24
2025-05-31,137,21.22
2025-06-02,137,34.11
2025-06-03,137,19.32
2025-06-08,137,26.72
2025-06-11,137,21.94
2025-06-12,137,32.35
2025-06-14,137,27.54
2025-06-16,137,27.58
2025-06-17,137,27.51
2025-06-19,137,34.57
2025-06-20,137,24.74
2025-06-22,137,27.78
2025-06-25,137,27.95
2025-06-27,137,27.46
2025-06-30,137,25.49
2025-07-01,137,23.78
2025-07-02,137,25.88
2025-07-11,137,28.09
2025-07-12,137,28.92
2025-07-16,137,30.09
2025-07-20,137,22.99
2025-07-21,137,33.92
2025-07-23,137,34.77
2025-07-24,137,29.29
2025-07-28,137,29.87
2025-07-29,137,19.28
2025-07-31,137,30.33
2025-08-01,137,20.96
2025-08-04,137,27.34
2025-08-05,137,33.69
2025-08-06,137,21.46
2025-08-08,137,32.87
2025-08-11,137,31.2
2025-08-12,137,23.02
2025-08-17,137,33.87
2025-08-20,137,26.55
2025-08-21,137,28.83
2025-08-24,137,23.03
2025-08-27,137,21.89
2025-08-28,137,19.92
2025-09-01,137,29.22
2025-09-04,137,18.93
2025-09-09,137,26.04
2025-09-10,137,33.57
2025-09-12,137,27.97
2025-09-14,137,21.85
2025-09-15,137,28.04
2025-09-17,137,33.74
2025-09-18,137,22.21
2025-09-19,137,33.86
2025-09-22,137,33.71
2025-09-23,137,34.07
2025-09-27,137,28.67
2025-09-29,137,27.09
2025-10-01,137,25.66
2025-10-02,137,34.47
2025-10-07,137,28.01
2025-10-08,137,34.58
2025-10-09,137,27.34
2025-10-10,137,33.38
2025-10-12,137,30.76
2025-10-13,137,21.15
2025-10-14,137,35.07
2025-10-15,137,23.39
2025-10-21,137,26.74
2025-10-22,137,23.84
2025-10-23,137,30.16
2025-10-24,137,33.46
2025-10-26,137,25.34
2025-10-27,137,24.6
2025-10-28,137,25.1
2025-10-29,137,23.43
2025-10-31,137,22.27
2025-11-01,137,24.54
2025-11-03,137,25.74
2025-11-05,137,27.52
2025-11-06,137,27.92
2025-11-10,137,20.7
2025-11-12,137,26.1
2025-11-14,137,19.12
2025-11-16,137,33.9
2025-11-20,137,33.2
2025-11-25,137,28.85
2025-11-26,137,30.88
2025-11-27,137,30.66
2025-12-01,137,20.89
2025-12-02,137,25.73
2025-12-04,137,21.46
2025-12-07,137,19.44
2025-12-08,137,33.5
2025-12-16,137,19.34
2025-12-17,137,27.18
2025-12-18,137,27.64
2025-12-22,137,24.52
2025-12-23,137,24.42
2025-12-24,137,25.27
2025-12-25,137,29.16
2025-12-26,137,26.38
2025-12-27,137,20.41
2025-12-29,137,30.64
2025-12-31,137,30.62
2025-01-02,138,38.34
2025-01-07,138,26.21
2025-01-10,138,35.47
2025-01-12,138,37.72
2025-01-14,138,33.81
2025-01-15,138,31.71
2025-01-18,138,26.29
2025-01-20,138,25.71
2025-01-23,138,31.18
2025-01-24,138,24.72
2025-01-25,138,37.0
2025-01-31,138,23.83
2025-02-01,138,38.02
2025-02-03,138,37.58
2025-02-04,138,41.62
2025-02-05,138,24.7
2025-02-07,138,30.95
2025-02-10,138,40.29
2025-02-11,138,37.54
2025-02-12,138,37.42
2025-02-13,138,26.19
2025-02-14,138,29.92
2025-02-16,138,30.55
2025-02-17,138,28.02
2025-02-19,138,37.93
2025-02-20,138,27.76
2025-02-21,138,29.51
2025-02-23,138,42.03
2025-02-24,138,36.38
2025-02-26,138,25.69
2025-02-27,138,26.28
2025-03-03,138,43.39
2025-03-04,138,27.54
2025-03-06,138,38.93
2025-03-07,138,38.75
2025-03-10,138,42.83
2025-03-11,138,30.89
2025-03-14,138,41.21
2025-03-17,138,36.99
2025-03-19,138,28.79
2025-03-21,138,34.62
2025-03-25,138,29.49
2025-03-26,138,30.14
2025-03-31,138,38.93
2025-04-01,138,36.21
2025-04-03,138,24.55
2025-04-04,138,41.34
2025-04-07,138,27.25
2025-04-08,138,28.76
2025-04-10,138,42.67
2025-04-11,138,38.39
2025-04-12,138,24.07
2025-04-16,138,43.95
2025-04-17,138,39.43
2025-04-19,138,30.58
2025-04-21,138,39.6
2025-04-28,138,25.49
2025-04-29,138,27.74
2025-05-04,138,24.45
2025-05-06,138,41.97
2025-05-07,138,42.66
2025-05-08,138,36.91
2025-05-12,138,31.63
2025-05-13,138,33.1
2025-05-15,138,43.32
2025-05-16,138,30.7
2025-05-17,138,40.45
2025-05-18,138,29.48
2025-05-19,138,41.02
2025-05-21,138,32.91
2025-05-22,138,43.15
2025-05-24,138,32.56
2025-05-29,138,37.99
2025-05-30,138,40.62
2025-06-02,138,41.6
2025-06-04,138,38.03
2025-06-06,138,26.35
2025-06-08,138,28.75
2025-06-11,138,27.92
2025-06-12,138,37.35
2025-06-13,138,40.47
2025-06-14,138,26.11
2025-06-16,138,28.47
2025-06-18,138,42.59
2025-06-19,138,42.81
2025-06-23,138,39.42
2025-06-24,138,42.22
2025-06-29,138,31.04
2025-06-30,138,29.31
2025-07-10,138,29.16
2025-07-11,138,27.93
2025-07-15,138,26.62
2025-07-16,138,39.07
2025-07-18,138,28.78
2025-07-21,138,27.96
2025-07-24,138,25.87
2025-07-25,138,33.99
2025-07-28,138,33.84
2025-07-29,138,27.49
2025-08-01,138,33.2
2025-08-02,138,35.26
2025-08-04,138,31.63
2025-08-05,138,30.4
2025-08-06,138,30.18
2025-08-07,138,26.82
2025-08-12,138,32.98
2025-08-14,138,38.77
2025-08-20,138,41.24
2025-08-22,138,29.24
2025-08-24,138,25.01
2025-08-26,138,33.88
2025-08-27,138,35.07
2025-08-28,138,34.13
2025-08-29,138,42.63
2025-09-01,138,28.44
2025-09-02,138,31.17
2025-09-03,138,39.33
2025-09-04,138,40.46
2025-09-05,138,40.12
2025-09-07,138,36.2
2025-09-08,138,33.17
2025-09-10,138,24.32
2025-09-11,138,26.96
2025-09-12,138,28.04
2025-09-13,138,40.68
2025-09-14,138,31.22
2025-09-15,138,39.54
2025-09-16,138,41.44
2025-09-17,138,27.14
2025-09-18,138,41.92
2025-09-19,138,27.61
2025-09-22,138,37.15
2025-09-23,138,24.14
2025-09-25,138,28.79
2025-09-26,138,27.02
2025-10-01,138,40.39
2025-10-02,138,33.13
2025-10-06,138,27.1
2025-10-09,138,38.9
2025-10-10,138,40.58
2025-10-13,138,44.14
2025-10-18,138,24.11
2025-10-19,138,32.72
2025-10-20,138,27.55
2025-10-21,138,37.92
2025-10-22,138,43.76
2025-10-23,138,31.22
2025-10-24,138,28.26
2025-10-26,138,23.83
2025-10-29,138,28.46
2025-10-30,138,36.58
2025-10-31,138,25.72
2025-11-04,138,28.55
2025-11-05,138,27.99
2025-11-08,138,39.53
2025-11-10,138,40.99
2025-11-11,138,37.89
2025-11-12,138,39.09
2025-11-13,138,29.65
2025-11-17,138,30.9
2025-11-18,138,32.91
2025-11-20,138,38.57
2025-11-22,138,24.94
2025-11-23,138,38.48
2025-11-24,138,42.26
2025-11-25,138,25.89
2025-11-27,138,41.1
2025-11-28,138,31.13
2025-12-04,138,43.57
2025-12-08,138,38.8
2025-12-09,138,43.92
2025-12-11,138,37.23
2025-12-12,138,27.06
2025-12-15,138,41.17
2025-12-22,138,26.75
2025-12-23,138,42.72
2025-12-24,138,34.57
2025-12-29,138,38.55
2025-12-30,138,29.52
2025-12-31,138,37.13
2025-01-02,139,34.27
2025-01-03,139,29.42
2025-01-04,139,24.18
2025-01-06,139,36.71
2025-01-08,139,36.43
2025-01-09,139,23.89
2025-01-11,139,32.17
2025-01-12,139,37.31
2025-01-13,139,25.25
2025-01-14,139,28.64
2025-01-17,139,26.64
2025-01-20,139,38.32
2025-01-21,139,25.94
2025-01-23,139,39.3
2025-01-26,139,35.35
2025-01-30,139,33.88
2025-02-02,139,36.32
2025-02-05,139,28.39
2025-02-06,139,38.21
2025-02-07,139,25.38
2025-02-10,139,25.18
2025-02-14,139,32.54
2025-02-17,139,42.31
2025-02-19,139,42.01
2025-02-20,139,28.17
2025-02-21,139,31.07
2025-02-25,139,35.6
2025-02-26,139,33.15
2025-02-28,139,35.02
2025-03-03,139,26.99
2025-03-07,139,42.1
2025-03-10,139,38.34
2025-03-11,139,24.94
2025-03-12,139,24.27
2025-03-13,139,38.61
2025-03-15,139,40.6
2025-03-18,139,24.89
2025-03-20,139,33.13
2025-03-21,139,40.63
2025-03-22,139,35.04
2025-03-24,139,30.9
2025-03-26,139,33.07
2025-03-27,139,38.49
2025-03-28,139,36.47
2025-03-31,139,28.34
2025-04-04,139,28.05
2025-04-06,139,31.62
2025-04-08,139,32.75
2025-04-11,139,24.83
2025-04-15,139,33.98
2025-04-16,139,28.1
2025-04-17,139,31.69
2025-04-21,139,44.01
2025-04-22,139,29.81
2025-04-23,139,43.68
2025-04-24,139,35.37
2025-04-25,139,24.06
2025-05-01,139,25.49
2025-05-06,139,37.9
2025-05-07,139,32.03
2025-05-09,139,24.49
2025-05-10,139,25.56
2025-05-15,139,29.21
2025-05-16,139,43.01
2025-05-17,139,27.44
2025-05-18,139,30.27
2025-05-20,139,37.39
2025-05-23,139,31.13
2025-05-27,139,26.51
2025-05-28,139,27.74
2025-05-29,139,36.74
2025-05-30,139,26.26
2025-05-31,139,24.2
2025-06-01,139,41.9
2025-06-03,139,38.94
2025-06-04,139,39.96
2025-06-05,139,26.91
2025-06-06,139,28.73
2025-06-07,139,40.09
2025-06-08,139,34.33
2025-06-11,139,25.37
2025-06-16,139,34.62
2025-06-17,139,40.12
2025-06-20,139,35.59
2025-06-23,139,37.7
2025-06-24,139,33.9
2025-06-25,139,29.35
2025-06-26,139,39.29
2025-06-30,139,42.78
2025-07-01,139,27.98
2025-07-04,139,40.97
2025-07-05,139,40.11
2025-07-07,139,39.95
2025-07-08,139,27.95
2025-07-09,139,41.77
2025-07-10,139,35.31
2025-07-15,139,41.76
2025-07-18,139,27.22
2025-07-19,139,37.72
2025-07-21,139,39.02
2025-07-23,139,30.22
2025-07-25,139,42.91
2025-07-28,139,31.2
2025-07-30,139,39.74
2025-07-31,139,40.11
2025-08-01,139,34.55
2025-08-05,139,30.35
2025-08-07,139,39.78
2025-08-12,139,29.11
2025-08-13,139,25.4
2025-08-15,139,26.02
2025-08-18,139,30.11
2025-08-19,139,24.23
2025-08-20,139,44.0
2025-08-22,139,37.16
2025-08-25,139,28.55
2025-08-28,139,24.2
2025-08-31,139,40.5
2025-09-01,139,27.68
2025-09-03,139,36.2
2025-09-05,139,26.05
2025-09-09,139,33.67
2025-09-14,139,31.07
2025-09-15,139,37.46
2025-09-18,139,34.07
2025-09-19,139,38.3
2025-09-26,139,37.44
2025-10-06,139,24.52
2025-10-07,139,35.77
2025-10-08,139,38.01
2025-10-10,139,41.27
2025-10-11,139,41.82
2025-10-14,139,25.71
2025-10-16,139,32.8
2025-10-17,139,37.78
2025-10-22,139,42.04
2025-10-23,139,33.29
2025-10-24,139,33.66
2025-10-29,139,25.76
2025-10-31,139,24.44
2025-11-03,139,27.32
2025-11-06,139,34.95
2025-11-07,139,33.99
2025-11-09,139,43.14
2025-11-11,139,27.64
2025-11-12,139,42.74
2025-11-13,139,26.61
2025-11-16,139,41.21
2025-11-18,139,23.87
2025-11-21,139,32.63
2025-11-24,139,27.79
2025-11-25,139,43.91
2025-11-27,139,32.58
2025-11-28,139,35.94
2025-12-01,139,38.12
2025-12-03,139,39.21
2025-12-05,139,38.33
2025-12-06,139,37.04
2025-12-09,139,32.53
2025-12-12,139,33.71
2025-12-13,139,29.38
2025-12-15,139,24.03
2025-12-19,139,43.08
2025-12-24,139,31.4
2025-12-26,139,34.55
2025-12-28,139,37.02
2025-12-30,139,28.13
2025-12-31,139,25.31
2025-01-03,140,19.23
2025-01-06,140,14.14
2025-01-08,140,20.93
2025-01-09,140,17.55
2025-01-10,140,22.84
2025-01-12,140,14.71
2025-01-13,140,16.35
2025-01-14,140,17.17
2025-01-15,140,22.22
2025-01-17,140,16.68
2025-01-19,140,25.36
2025-01-20,140,15.12
2025-01-21,140,20.45
2025-01-24,140,18.31
2025-01-28,140,18.37
2025-01-29,140,23.51
2025-02-03,140,21.15
2025-02-06,140,19.52
2025-02-07,140,23.48
2025-02-08,140,19.14
2025-02-11,140,16.69
2025-02-12,140,22.22
2025-02-14,140,16.88
2025-02-18,140,21.66
2025-02-21,140,19.72
2025-02-23,140,25.85
2025-02-24,140,15.71
2025-02-27,140,16.02
2025-03-02,140,17.05
2025-03-05,140,16.69
2025-03-06,140,22.98
2025-03-09,140,17.04
2025-03-10,140,14.25
2025-03-12,140,24.04
2025-03-13,140,25.67
2025-03-14,140,15.33
2025-03-15,140,22.62
2025-03-19,140,19.84
2025-03-20,140,14.78
2025-03-21,140,15.19
2025-03-25,140,19.45
2025-03-26,140,22.95
2025-03-27,140,20.38
2025-03-30,140,16.94
2025-04-06,140,18.25
2025-04-07,140,17.8
2025-04-08,140,20.09
2025-04-09,140,22.73
2025-04-10,140,25.5
2025-04-15,140,21.95
2025-04-17,140,21.39
2025-04-18,140,19.67
2025-04-19,140,22.87
2025-04-22,140,25.81
2025-04-23,140,16.81
2025-04-27,140,16.3
2025-04-28,140,23.32
2025-04-29,140,15.59
2025-04-30,140,21.69
2025-05-01,140,25.3
2025-05-02,140,24.01
2025-05-05,140,22.99
2025-05-06,140,22.29
2025-05-07,140,16.74
2025-05-08,140,24.27
2025-05-09,140,16.04
2025-05-12,140,17.2
2025-05-13,140,14.6
2025-05-14,140,24.82
2025-05-15,140,17.54
2025-05-18,140,20.62
2025-05-20,140,22.74
2025-05-22,140,19.39
2025-05-26,140,23.61
2025-05-28,140,14.47
2025-05-29,140,19.96
2025-06-02,140,20.43
2025-06-04,140,14.08
2025-06-06,140,16.77
2025-06-09,140,19.97
2025-06-10,140,19.8
2025-06-11,140,25.63
2025-06-12,140,17.44
2025-06-16,140,19.26
2025-06-17,140,23.72
2025-06-18,140,14.68
2025-06-20,140,24.68
2025-06-23,140,19.07
2025-06-24,140,25.55
2025-06-25,140,20.32
2025-06-26,140,25.92
2025-06-27,140,23.77
2025-06-30,140,19.34
2025-07-01,140,14.03
2025-07-02,140,25.42
2025-07-05,140,19.89
2025-07-06,140,22.12
2025-07-09,140,16.97
2025-07-14,140,14.05
2025-07-15,140,22.03
2025-07-16,140,22.25
2025-07-17,140,22.59
2025-07-18,140,24.46
2025-07-20,140,23.86
2025-07-22,140,14.58
2025-07-23,140,24.14
2025-07-24,140,20.06
2025-07-28,140,18.99
2025-07-29,140,21.29
2025-07-30,140,17.49
2025-07-31,140,22.88
2025-08-06,140,16.86
2025-08-07,140,18.07
2025-08-12,140,20.37
2025-08-13,140,22.65
2025-08-14,140,15.94
2025-08-15,140,22.35
2025-08-17,140,23.89
2025-08-19,140,17.66
2025-08-21,140,22.84
2025-08-22,140,23.39
2025-08-25,140,19.52
2025-08-26,140,20.1
2025-08-28,140,24.39
2025-09-01,140,16.14
2025-09-04,140,21.4
2025-09-05,140,21.61
2025-09-10,140,15.46
2025-09-12,140,25.47
2025-09-15,140,21.36
2025-09-17,140,16.58
2025-09-20,140,22.42
2025-09-22,140,19.27
2025-09-24,140,17.23
2025-09-26,140,22.48
2025-09-27,140,20.64
2025-09-30,140,22.19
2025-10-01,140,25.9
2025-10-02,140,14.85
2025-10-03,140,24.45
2025-10-06,140,22.3
2025-10-07,140,21.67
2025-10-08,140,22.1
2025-10-10,140,24.76
2025-10-14,140,14.83
2025-10-16,140,14.44
2025-10-17,140,21.59
2025-10-24,140,14.75
2025-10-26,140,24.31
2025-10-29,140,21.6
2025-10-30,140,17.22
2025-11-02,140,17.66
2025-11-03,140,17.75
2025-11-04,140,18.45
2025-11-07,140,17.6
2025-11-08,140,16.7
2025-11-10,140,17.2
2025-11-11,140,20.76
2025-11-12,140,19.12
2025-11-14,140,18.66
2025-11-19,140,16.51
2025-11-21,140,17.57
2025-11-22,140,20.79
2025-11-24,140,23.22
2025-11-27,140,24.14
2025-11-28,140,14.11
2025-11-29,140,20.1
2025-12-01,140,23.98
2025-12-03,140,15.28
2025-12-04,140,22.15
2025-12-05,140,18.31
2025-12-06,140,18.72
2025-12-08,140,24.28
2025-12-09,140,21.3
2025-12-10,140,15.1
2025-12-11,140,22.0
2025-12-12,140,19.71
2025-12-16,140,25.9
2025-12-17,140,24.11
2025-12-18,140,15.02
2025-12-19,140,20.89
2025-12-21,140,22.27
2025-12-22,140,21.83
2025-12-23,140,14.85
2025-12-24,140,16.96
2025-12-25,140,15.52
2025-12-26,140,20.41
2025-12-29,140,14.79
2025-12-31,140,25.74
2025-01-01,141,17.21
2025-01-03,141,14.56
2025-01-04,141,16.76
2025-01-06,141,20.07
2025-01-07,141,17.64
2025-01-08,141,18.26
2025-01-10,141,18.01
2025-01-11,141,18.42
2025-01-13,141,14.47
2025-01-16,141,20.75
2025-01-19,141,17.24
2025-01-20,141,14.18
2025-01-22,141,17.82
2025-01-23,141,20.86
2025-01-24,141,14.74
2025-01-29,141,20.36
2025-01-30,141,13.39
2025-02-03,141,19.82
2025-02-04,141,15.84
2025-02-05,141,15.38
2025-02-06,141,19.38
2025-02-07,141,15.9
2025-02-08,141,21.58
2025-02-13,141,18.18
2025-02-14,141,20.89
2025-02-16,141,19.92
2025-02-18,141,15.63
2025-02-19,141,19.32
2025-02-21,141,21.54
2025-02-22,141,17.7
2025-02-25,141,21.81
2025-02-26,141,15.38
2025-02-28,141,17.35
2025-03-03,141,20.11
2025-03-04,141,20.12
2025-03-07,141,18.63
2025-03-09,141,19.66
2025-03-10,141,13.36
2025-03-11,141,18.81
2025-03-12,141,14.03
2025-03-13,141,21.46
2025-03-16,141,12.33
2025-03-17,141,17.84
2025-03-18,141,16.1
2025-03-19,141,21.88
2025-03-20,141,11.99
2025-03-23,141,19.13
2025-03-24,141,19.3
2025-03-25,141,21.94
2025-03-26,141,12.01
2025-03-31,141,18.43
2025-04-02,141,12.58
2025-04-06,141,13.97
2025-04-07,141,14.05
2025-04-08,141,14.68
2025-04-09,141,20.26
2025-04-10,141,13.51
2025-04-11,141,15.4
2025-04-13,141,13.2
2025-04-17,141,21.21
2025-04-18,141,19.97
2025-04-22,141,14.69
2025-04-25,141,16.64
2025-04-29,141,17.56
2025-04-30,141,19.31
2025-05-01,141,18.64
2025-05-05,141,17.93
2025-05-06,141,14.15
2025-05-08,141,20.96
2025-05-09,141,12.6
2025-05-11,141,22.04
2025-05-12,141,17.63
2025-05-13,141,18.09
2025-05-14,141,21.26
2025-05-15,141,13.12
2025-05-20,141,17.86
2025-05-23,141,14.91
2025-05-25,141,17.82
2025-05-28,141,13.66
2025-06-08,141,17.85
2025-06-10,141,15.97
2025-06-11,141,14.49
2025-06-12,141,13.64
2025-06-14,141,21.74
2025-06-15,141,16.88
2025-06-16,141,20.85
2025-06-18,141,13.31
2025-06-19,141,12.7
2025-06-20,141,12.59
2025-06-23,141,21.28
2025-06-24,141,13.72
2025-06-25,141,13.16
2025-06-28,141,17.46
2025-06-30,141,14.4
2025-07-01,141,18.54
2025-07-02,141,19.79
2025-07-03,141,16.28
2025-07-09,141,18.06
2025-07-15,141,21.15
2025-07-21,141,16.41
2025-07-25,141,17.9
2025-07-26,141,15.88
2025-07-28,141,20.7
2025-07-29,141,18.25
2025-07-30,141,19.05
2025-07-31,141,17.16
2025-08-01,141,18.47
2025-08-04,141,14.45
2025-08-05,141,14.67
2025-08-06,141,12.38
2025-08-07,141,17.66
2025-08-08,141,16.98
2025-08-12,141,13.55
2025-08-13,141,16.41
2025-08-15,141,14.68
2025-08-18,141,17.28
2025-08-19,141,21.98
2025-08-22,141,21.13
2025-08-25,141,15.52
2025-08-26,141,16.26
2025-08-27,141,21.35
2025-08-28,141,21.54
2025-08-29,141,14.55
2025-09-01,141,21.37
2025-09-08,141,16.42
2025-09-09,141,18.23
2025-09-10,141,16.53
2025-09-15,141,20.75
2025-09-16,141,20.71
2025-09-17,141,16.55
2025-09-19,141,12.74
2025-09-23,141,17.64
2025-09-24,141,12.67
2025-09-25,141,21.67
2025-09-26,141,17.83
2025-09-29,141,17.61
2025-10-01,141,15.5
2025-10-03,141,17.11
2025-10-04,141,14.8
2025-10-05,141,20.47
2025-10-07,141,16.39
2025-10-08,141,13.87
2025-10-14,141,17.52
2025-10-15,141,14.15
2025-10-23,141,13.53
2025-10-24,141,16.65
2025-10-27,141,16.98
2025-10-28,141,15.7
2025-10-29,141,12.57
2025-10-30,141,12.79
2025-10-31,141,21.81
2025-11-01,141,19.89
2025-11-07,141,15.56
2025-11-09,141,16.74
2025-11-10,141,19.46
2025-11-11,141,19.6
2025-11-12,141,13.0
2025-11-16,141,13.18
2025-11-18,141,14.29
2025-11-20,141,18.57
2025-11-21,141,21.79
2025-11-24,141,19.12
2025-11-25,141,21.76
2025-11-26,141,15.89
2025-11-27,141,18.71
2025-11-28,141,22.02
2025-12-01,141,16.8
2025-12-03,141,16.84
2025-12-04,141,13.67
2025-12-08,141,19.12
2025-12-10,141,12.44
2025-12-11,141,20.28
2025-12-12,141,20.89
2025-12-15,141,13.74
2025-12-16,141,12.71
2025-12-19,141,15.9
2025-12-21,141,13.79
2025-12-22,141,21.65
2025-12-23,141,12.92
2025-12-29,141,17.96
2025-12-30,141,15.25
2025-12-31,141,16.31
2025-01-02,142,29.93
2025-01-03,142,26.35
2025-01-06,142,23.41
2025-01-07,142,22.17
2025-01-09,142,30.78
2025-01-10,142,19.6
2025-01-20,142,30.48
2025-01-21,142,22.02
2025-01-22,142,27.98
2025-01-23,142,24.05
2025-01-28,142,33.58
2025-01-29,142,23.27
2025-01-31,142,23.78
2025-02-05,142,33.67
2025-02-08,142,26.78
2025-02-09,142,22.91
2025-02-11,142,19.62
2025-02-12,142,18.21
2025-02-15,142,24.17
2025-02-18,142,24.16
2025-02-21,142,19.17
2025-02-24,142,33.41
2025-02-25,142,24.22
2025-02-26,142,31.12
2025-02-28,142,22.62
2025-03-03,142,32.69
2025-03-05,142,25.84
2025-03-06,142,26.4
2025-03-07,142,26.96
2025-03-09,142,28.57
2025-03-12,142,24.51
2025-03-14,142,30.45
2025-03-15,142,31.06
2025-03-20,142,24.05
2025-03-21,142,21.02
2025-03-24,142,33.06
2025-03-25,142,18.81
2025-03-26,142,29.69
2025-03-27,142,26.05
2025-03-30,142,23.42
2025-03-31,142,29.42
2025-04-02,142,27.38
2025-04-04,142,28.48
2025-04-07,142,25.24
2025-04-08,142,18.69
2025-04-10,142,29.13
2025-04-12,142,20.86
2025-04-16,142,29.84
2025-04-17,142,29.61
2025-04-18,142,28.72
2025-04-20,142,18.65
2025-04-22,142,23.87
2025-04-24,142,21.59
2025-04-25,142,24.56
2025-04-29,142,24.47
2025-05-02,142,28.71
2025-05-04,142,28.82
2025-05-05,142,30.43
2025-05-07,142,19.04
2025-05-09,142,19.67
2025-05-13,142,27.36
2025-05-14,142,29.5
2025-05-16,142,20.31
2025-05-18,142,33.16
2025-05-20,142,18.63
2025-05-21,142,32.16
2025-05-22,142,27.9
2025-05-23,142,31.07
2025-05-27,142,29.23
2025-05-28,142,29.83
2025-06-03,142,29.59
2025-06-05,142,28.8
2025-06-09,142,30.28
2025-06-10,142,24.88
2025-06-11,142,32.94
2025-06-12,142,30.74
2025-06-13,142,31.45
2025-06-14,142,21.81
2025-06-16,142,25.12
2025-06-17,142,19.99
2025-06-18,142,21.28
2025-06-20,142,33.05
2025-06-23,142,22.39
2025-06-25,142,22.69
2025-06-26,142,33.26
2025-06-30,142,19.57
2025-07-01,142,19.97
2025-07-02,142,19.57
2025-07-03,142,18.96
2025-07-07,142,19.15
2025-07-08,142,23.54
2025-07-11,142,28.93
2025-07-13,142,29.98
2025-07-15,142,28.12
2025-07-16,142,19.11
2025-07-21,142,20.97
2025-07-22,142,31.37
2025-07-25,142,32.38
2025-07-28,142,24.53
2025-07-30,142,20.41
2025-08-01,142,32.35
2025-08-05,142,29.33
2025-08-06,142,26.37
2025-08-07,142,31.14
2025-08-08,142,25.84
2025-08-09,142,33.39
2025-08-10,142,30.73
2025-08-11,142,22.19
2025-08-12,142,31.4
2025-08-15,142,33.11
2025-08-16,142,29.45
2025-08-17,142,31.32
2025-08-19,142,24.48
2025-08-26,142,25.82
2025-08-28,142,29.61
2025-09-01,142,26.42
2025-09-02,142,29.37
2025-09-05,142,26.53
2025-09-10,142,19.92
2025-09-11,142,24.06
2025-09-12,142,21.71
2025-09-14,142,21.96
2025-09-17,142,23.49
2025-09-18,142,21.68
2025-09-19,142,20.25
2025-09-22,142,22.23
2025-09-23,142,29.08
2025-09-24,142,23.62
2025-09-25,142,19.57
2025-09-26,142,26.52
2025-10-06,142,25.24
2025-10-07,142,19.95
2025-10-13,142,24.99
2025-10-14,142,33.66
2025-10-15,142,18.5
2025-10-16,142,32.11
2025-10-22,142,29.5
2025-10-24,142,19.02
2025-10-25,142,27.86
2025-10-27,142,22.12
2025-10-28,142,20.45
2025-10-31,142,21.52
2025-11-03,142,19.38
2025-11-05,142,24.8
2025-11-07,142,18.46
2025-11-09,142,26.56
2025-11-15,142,29.13
2025-11-17,142,20.2
2025-11-22,142,22.05
2025-11-24,142,28.62
2025-11-25,142,24.65
2025-11-26,142,19.86
2025-11-27,142,23.84
2025-11-28,142,25.13
2025-11-30,142,27.33
2025-12-01,142,22.25
2025-12-03,142,24.1
2025-12-07,142,26.64
2025-12-09,142,28.93
2025-12-13,142,25.26
2025-12-15,142,32.72
2025-12-16,142,27.78
2025-12-18,142,31.91
2025-12-20,142,23.28
2025-12-22,142,28.16
2025-12-24,142,21.82
2025-12-25,142,32.83
2025-12-27,142,30.74
2025-12-29,142,20.9
2025-12-30,142,21.59
2025-12-31,142,20.86
2025-01-01,143,16.65
2025-01-03,143,13.4
2025-01-06,143,13.36
2025-01-10,143,9.96
2025-01-13,143,16.78
2025-01-15,143,14.75
2025-01-16,143,10.66
2025-01-17,143,11.36
2025-01-24,143,9.69
2025-01-27,143,9.14
2025-01-29,143,13.67
2025-01-30,143,14.41
2025-01-31,143,9.32
2025-02-01,143,12.51
2025-02-02,143,16.16
2025-02-03,143,14.69
2025-02-04,143,16.39
2025-02-05,143,15.17
2025-02-10,143,12.01
2025-02-12,143,14.17
2025-02-13,143,14.31
2025-02-20,143,15.77
2025-02-21,143,9.94
2025-02-24,143,12.26
2025-02-25,143,11.63
2025-02-26,143,9.39
2025-03-01,143,11.83
2025-03-03,143,14.81
2025-03-04,143,15.13
2025-03-07,143,10.28
2025-03-10,143,10.49
2025-03-13,143,12.95
2025-03-14,143,16.61
2025-03-17,143,10.77
2025-03-18,143,13.78
2025-03-21,143,14.08
2025-03-24,143,10.06
2025-03-25,143,15.89
2025-03-27,143,9.59
2025-03-31,143,13.83
2025-04-01,143,9.57
2025-04-02,143,16.42
2025-04-03,143,12.45
2025-04-04,143,11.42
2025-04-05,143,13.79
2025-04-08,143,11.03
2025-04-09,143,9.21
2025-04-10,143,15.23
2025-04-15,143,13.78
2025-04-21,143,10.5
2025-04-22,143,15.44
2025-04-25,143,14.06
2025-04-28,143,12.97
2025-04-29,143,11.37
2025-05-05,143,13.58
2025-05-06,143,10.65
2025-05-07,143,10.2
2025-05-08,143,11.1
2025-05-09,143,13.38
2025-05-10,143,13.7
2025-05-11,143,14.6
2025-05-12,143,15.05
2025-05-15,143,15.42
2025-05-16,143,10.06
2025-05-18,143,15.87
2025-05-20,143,14.41
2025-05-21,143,13.51
2025-05-22,143,16.41
2025-05-23,143,14.95
2025-05-26,143,14.21
2025-05-29,143,11.68
2025-05-30,143,12.66
2025-06-02,143,15.28
2025-06-05,143,10.44
2025-06-09,143,10.65
2025-06-11,143,12.45
2025-06-12,143,13.39
2025-06-16,143,12.09
2025-06-18,143,10.3
2025-06-19,143,10.05
2025-06-20,143,9.44
2025-06-21,143,15.8
2025-06-22,143,15.68
2025-06-24,143,12.59
2025-06-25,143,10.03
2025-06-29,143,13.83
2025-07-02,143,14.55
2025-07-05,143,9.58
2025-07-07,143,12.07
2025-07-09,143,12.55
2025-07-13,143,15.17
2025-07-15,143,14.87
2025-07-16,143,9.2
2025-07-18,143,10.09
2025-07-19,143,15.01
2025-07-21,143,12.24
2025-07-22,143,13.68
2025-07-23,143,13.62
2025-07-26,143,14.94
2025-07-28,143,11.65
2025-07-29,143,15.68
2025-07-30,143,13.09
2025-08-01,143,10.2
2025-08-07,143,12.96
2025-08-08,143,10.27
2025-08-11,143,15.62
2025-08-14,143,9.24
2025-08-16,143,15.66
2025-08-18,143,12.9
2025-08-19,143,12.06
2025-08-20,143,16.86
2025-08-22,143,9.37
2025-08-26,143,12.53
2025-08-27,143,9.64
2025-08-29,143,14.72
2025-08-31,143,15.3
2025-09-03,143,14.61
2025-09-04,143,13.27
2025-09-05,143,10.15
2025-09-06,143,11.01
2025-09-08,143,14.66
2025-09-09,143,9.83
2025-09-11,143,11.56
2025-09-12,143,13.42
2025-09-15,143,10.35
2025-09-16,143,9.14
2025-09-17,143,14.0
2025-09-18,143,15.48
2025-09-19,143,14.67
2025-09-24,143,16.0
2025-09-26,143,12.77
2025-09-27,143,16.01
2025-09-28,143,11.99
2025-09-30,143,16.33
2025-10-01,143,16.77
2025-10-03,143,12.27
2025-10-06,143,16.0
2025-10-07,143,16.4
2025-10-08,143,16.48
2025-10-09,143,10.88
2025-10-10,143,10.57
2025-10-12,143,13.45
2025-10-14,143,11.37
2025-10-16,143,12.63
2025-10-17,143,12.32
2025-10-20,143,9.58
2025-10-21,143,15.91
2025-10-23,143,11.67
2025-10-28,143,16.68
2025-11-02,143,16.83
2025-11-05,143,10.38
2025-11-06,143,12.79
2025-11-12,143,14.48
2025-11-14,143,12.81
2025-11-17,143,12.98
2025-11-18,143,16.23
2025-11-19,143,15.08
2025-11-20,143,12.08
2025-11-21,143,12.17
2025-11-25,143,11.45
2025-11-27,143,9.5
2025-12-01,143,11.64
2025-12-03,143,12.96
2025-12-05,143,14.68
2025-12-08,143,12.1
2025-12-09,143,11.94
2025-12-10,143,10.94
2025-12-11,143,15.97
2025-12-12,143,11.95
2025-12-13,143,14.14
2025-12-15,143,16.07
2025-12-17,143,14.4
2025-12-18,143,16.62
2025-12-19,143,10.84
2025-12-20,143,9.56
2025-12-21,143,9.35
2025-12-22,143,15.7
2025-12-23,143,11.82
2025-12-24,143,9.11
2025-12-26,143,14.85
2025-12-28,143,11.15
2025-12-29,143,11.42
2025-12-30,143,16.06
2025-12-31,143,9.67
2025-01-02,144,14.8
2025-01-03,144,18.31
2025-01-06,144,17.44
2025-01-08,144,25.86
2025-01-10,144,22.61
2025-01-13,144,25.5
2025-01-14,144,18.56
2025-01-15,144,18.62
2025-01-16,144,21.74
2025-01-17,144,21.39
2025-01-18,144,16.15
2025-01-21,144,22.17
2025-01-23,144,18.96
2025-01-24,144,21.04
2025-01-28,144,24.06
2025-02-03,144,22.46
2025-02-04,144,25.6
2025-02-07,144,17.4
2025-02-11,144,20.5
2025-02-12,144,21.81
2025-02-13,144,15.02
2025-02-14,144,18.58
2025-02-19,144,19.69
2025-02-20,144,16.18
2025-02-24,144,17.59
2025-02-25,144,17.93
2025-02-26,144,20.46
2025-02-27,144,22.52
2025-03-04,144,21.75
2025-03-05,144,19.42
2025-03-06,144,25.23
2025-03-08,144,17.77
2025-03-09,144,20.2
2025-03-10,144,14.88
2025-03-12,144,17.26
2025-03-14,144,23.81
2025-03-17,144,15.06
2025-03-18,144,20.64
2025-03-21,144,21.27
2025-03-24,144,16.57
2025-03-27,144,16.76
2025-03-30,144,21.74
2025-03-31,144,25.62
2025-04-01,144,18.35
2025-04-02,144,14.6
2025-04-03,144,23.84
2025-04-04,144,22.36
2025-04-09,144,16.65
2025-04-10,144,24.14
2025-04-11,144,15.28
2025-04-13,144,25.93
2025-04-14,144,19.39
2025-04-15,144,22.17
2025-04-18,144,16.27
2025-04-19,144,22.67
2025-04-21,144,17.02
2025-04-22,144,17.4
2025-04-28,144,21.04
2025-04-30,144,15.06
2025-05-01,144,16.07
2025-05-02,144,20.31
2025-05-06,144,22.77
2025-05-07,144,19.25
2025-05-09,144,20.31
2025-05-10,144,23.62
2025-05-12,144,18.68
2025-05-13,144,14.65
2025-05-14,144,22.02
2025-05-20,144,15.48
2025-05-21,144,17.25
2025-05-22,144,21.32
2025-05-26,144,25.87
2025-05-28,144,21.26
2025-05-29,144,16.33
2025-06-02,144,18.82
2025-06-03,144,24.72
2025-06-06,144,22.64
2025-06-09,144,20.18
2025-06-10,144,17.43
2025-06-14,144,22.75
2025-06-16,144,18.95
2025-06-18,144,23.77
2025-06-20,144,26.0
2025-06-23,144,19.16
2025-06-24,144,15.44
2025-06-26,144,20.76
2025-06-27,144,16.82
2025-07-01,144,24.12
2025-07-03,144,22.61
2025-07-05,144,20.57
2025-07-09,144,18.88
2025-07-11,144,25.97
2025-07-13,144,19.88
2025-07-14,144,21.13
2025-07-15,144,16.85
2025-07-17,144,20.39
2025-07-18,144,25.6
2025-07-22,144,17.9
2025-07-24,144,17.73
2025-07-25,144,15.8
2025-07-28,144,14.94
2025-07-29,144,15.02
2025-07-30,144,15.04
2025-07-31,144,22.36
2025-08-04,144,14.57
2025-08-05,144,20.81
2025-08-08,144,19.08
2025-08-09,144,19.02
2025-08-11,144,20.69
2025-08-13,144,19.67
2025-08-14,144,16.16
2025-08-15,144,17.87
2025-08-18,144,23.27
2025-08-19,144,22.14
2025-08-21,144,16.62
2025-08-22,144,25.34
2025-08-23,144,25.44
2025-08-27,144,14.54
2025-08-28,144,18.09
2025-08-30,144,25.04
2025-09-01,144,15.83
2025-09-04,144,24.85
2025-09-05,144,20.14
2025-09-08,144,15.64
2025-09-09,144,14.75
2025-09-11,144,20.92
2025-09-16,144,14.19
2025-09-17,144,23.88
2025-09-18,144,24.07
2025-09-19,144,16.37
2025-09-22,144,15.05
2025-09-23,144,16.26
2025-10-02,144,14.05
2025-10-03,144,18.17
2025-10-05,144,23.92
2025-10-07,144,18.84
2025-10-08,144,18.13
2025-10-09,144,17.03
2025-10-10,144,22.26
2025-10-15,144,14.18
2025-10-16,144,23.82
2025-10-17,144,20.81
2025-10-21,144,19.56
2025-10-22,144,22.98
2025-10-24,144,23.16
2025-10-30,144,25.0
2025-10-31,144,14.11
2025-11-01,144,15.07
2025-11-02,144,16.24
2025-11-03,144,24.74
2025-11-06,144,19.1
2025-11-07,144,17.14
2025-11-09,144,21.91
2025-11-10,144,23.8
2025-11-14,144,16.57
2025-11-16,144,14.24
2025-11-17,144,18.73
2025-11-24,144,24.46
2025-11-26,144,21.58
2025-12-02,144,24.24
2025-12-03,144,21.68
2025-12-04,144,16.68
2025-12-05,144,17.47
2025-12-09,144,19.68
2025-12-11,144,19.77
2025-12-12,144,21.29
2025-12-15,144,17.54
2025-12-18,144,20.16
2025-12-19,144,21.71
2025-12-21,144,22.73
2025-12-22,144,17.12
2025-12-23,144,23.94
2025-12-24,144,19.82
2025-12-26,144,20.83
2025-12-27,144,14.76
2025-12-29,144,23.0
2025-12-30,144,17.0
2025-01-01,145,5.94
2025-01-02,145,4.65
2025-01-03,145,3.68
2025-01-06,145,4.24
2025-01-07,145,3.63
2025-01-08,145,3.81
2025-01-10,145,5.2
2025-01-13,145,3.88
2025-01-14,145,6.3
2025-01-16,145,5.43
2025-01-20,145,3.64
2025-01-22,145,5.61
2025-01-23,145,6.2
2025-01-24,145,3.92
2025-01-29,145,4.65
2025-01-30,145,5.15
2025-02-03,145,6.1
2025-02-04,145,5.87
2025-02-05,145,6.13
2025-02-06,145,5.6
2025-02-11,145,4.15
2025-02-12,145,5.98
2025-02-13,145,4.4
2025-02-17,145,5.61
2025-02-18,145,3.71
2025-02-19,145,4.86
2025-02-20,145,4.53
2025-02-26,145,3.82
2025-02-27,145,4.44
2025-03-04,145,4.23
2025-03-07,145,3.81
2025-03-11,145,3.65
2025-03-12,145,3.73
2025-03-13,145,5.64
2025-03-14,145,5.42
2025-03-16,145,4.66
2025-03-17,145,4.77
2025-03-18,145,3.79
2025-03-19,145,3.51
2025-03-21,145,5.38
2025-03-24,145,5.86
2025-03-25,145,4.97
2025-03-26,145,5.51
2025-04-06,145,3.75
2025-04-07,145,5.94
2025-04-08,145,3.95
2025-04-09,145,3.61
2025-04-11,145,5.69
2025-04-12,145,4.73
2025-04-13,145,3.51
2025-04-15,145,4.75
2025-04-16,145,5.26
2025-04-18,145,4.74
2025-04-21,145,6.33
2025-04-23,145,4.94
2025-04-25,145,5.54
2025-04-28,145,3.78
2025-05-06,145,3.74
2025-05-07,145,6.12
2025-05-08,145,5.65
2025-05-09,145,5.74
2025-05-12,145,4.0
2025-05-13,145,5.98
2025-05-15,145,6.01
2025-05-17,145,5.64
2025-05-19,145,4.79
2025-05-21,145,3.72
2025-05-26,145,5.38
2025-06-02,145,4.12
2025-06-05,145,3.92
2025-06-08,145,3.93
2025-06-10,145,4.58
2025-06-12,145,4.93
2025-06-16,145,4.72
2025-06-17,145,4.92
2025-06-18,145,4.89
2025-06-20,145,5.46
2025-06-23,145,3.98
2025-06-26,145,5.99
2025-07-01,145,3.76
2025-07-02,145,5.93
2025-07-05,145,4.23
2025-07-06,145,6.41
2025-07-07,145,5.29
2025-07-11,145,3.75
2025-07-14,145,4.01
2025-07-15,145,4.8
2025-07-17,145,4.92
2025-07-18,145,6.38
2025-07-21,145,5.18
2025-07-22,145,4.71
2025-07-23,145,3.92
2025-07-26,145,5.93
2025-07-27,145,5.62
2025-07-29,145,5.09
2025-07-30,145,3.69
2025-07-31,145,4.27
2025-08-04,145,6.3
2025-08-05,145,3.57
2025-08-06,145,4.05
2025-08-07,145,5.3
2025-08-08,145,4.14
2025-08-10,145,3.83
2025-08-11,145,3.66
2025-08-13,145,3.54
2025-08-14,145,6.37
2025-08-15,145,4.58
2025-08-18,145,5.75
2025-08-19,145,5.75
2025-08-20,145,3.5
2025-08-22,145,3.74
2025-08-23,145,4.8
2025-08-25,145,5.96
2025-08-26,145,3.64
2025-08-27,145,6.08
2025-08-29,145,3.69
2025-08-31,145,4.19
2025-09-03,145,4.13
2025-09-05,145,4.32
2025-09-08,145,4.77
2025-09-09,145,6.0
2025-09-14,145,6.0
2025-09-18,145,4.81
2025-09-19,145,4.53
2025-09-25,145,4.48
2025-09-26,145,6.01
2025-09-29,145,4.52
2025-10-02,145,5.98
2025-10-06,145,6.05
2025-10-07,145,6.29
2025-10-08,145,6.43
2025-10-09,145,4.65
2025-10-10,145,6.4
2025-10-11,145,4.92
2025-10-13,145,5.64
2025-10-15,145,4.99
2025-10-16,145,4.67
2025-10-20,145,3.72
2025-10-21,145,5.97
2025-10-22,145,4.06
2025-10-24,145,5.81
2025-10-28,145,5.96
2025-10-29,145,5.48
2025-10-30,145,3.84
2025-11-03,145,4.93
2025-11-04,145,4.58
2025-11-05,145,6.32
2025-11-06,145,4.08
2025-11-08,145,5.43
2025-11-11,145,4.79
2025-11-14,145,4.39
2025-11-15,145,6.07
2025-11-17,145,4.65
2025-11-18,145,4.73
2025-11-19,145,4.93
2025-11-20,145,3.67
2025-11-26,145,4.46
2025-11-27,145,4.55
2025-12-04,145,5.58
2025-12-05,145,5.09
2025-12-07,145,4.57
2025-12-08,145,3.8
2025-12-09,145,6.44
2025-12-10,145,5.05
2025-12-11,145,5.18
2025-12-12,145,5.81
2025-12-15,145,5.16
2025-12-17,145,5.87
2025-12-18,145,4.34
2025-12-22,145,3.73
2025-12-24,145,4.3
2025-12-25,145,5.0
2025-12-26,145,5.39
2025-12-30,145,6.02
2025-01-01,146,9.57
2025-01-02,146,8.56
2025-01-06,146,12.18
2025-01-07,146,12.66
2025-01-09,146,12.3
2025-01-10,146,7.36
2025-01-11,146,7.51
2025-01-13,146,9.85
2025-01-15,146,12.95
2025-01-17,146,9.49
2025-01-20,146,7.93
2025-01-21,146,12.43
2025-01-23,146,7.85
2025-01-27,146,9.95
2025-01-29,146,12.29
2025-01-30,146,10.95
2025-01-31,146,10.09
2025-02-03,146,12.58
2025-02-04,146,8.32
2025-02-07,146,11.87
2025-02-08,146,10.49
2025-02-11,146,7.18
2025-02-12,146,10.67
2025-02-18,146,9.86
2025-02-24,146,7.64
2025-02-26,146,10.54
2025-02-27,146,8.18
2025-02-28,146,10.95
2025-03-05,146,7.02
2025-03-06,146,10.81
2025-03-11,146,7.53
2025-03-12,146,9.01
2025-03-13,146,9.75
2025-03-14,146,11.65
2025-03-19,146,9.1
2025-03-20,146,9.78
2025-03-21,146,9.81
2025-03-23,146,11.79
2025-03-24,146,9.43
2025-03-25,146,8.82
2025-03-26,146,11.49
2025-03-28,146,10.55
2025-03-31,146,11.3
2025-04-01,146,11.06
2025-04-03,146,10.54
2025-04-04,146,10.25
2025-04-05,146,7.16
2025-04-06,146,8.71
2025-04-11,146,12.51
2025-04-14,146,11.3
2025-04-17,146,7.59
2025-04-18,146,11.28
2025-04-21,146,9.62
2025-04-22,146,7.65
2025-04-23,146,11.74
2025-04-25,146,10.15
2025-04-26,146,11.68
2025-04-29,146,9.03
2025-04-30,146,7.02
2025-05-01,146,12.92
2025-05-03,146,9.77
2025-05-05,146,11.01
2025-05-06,146,9.09
2025-05-07,146,10.59
2025-05-09,146,10.02
2025-05-12,146,7.1
2025-05-13,146,9.92
2025-05-14,146,12.31
2025-05-16,146,12.3
2025-05-21,146,12.99
2025-05-27,146,10.25
2025-05-31,146,11.6
2025-06-01,146,7.39
2025-06-02,146,8.61
2025-06-03,146,7.01
2025-06-05,146,8.56
2025-06-06,146,7.25
2025-06-07,146,7.71
2025-06-09,146,11.94
2025-06-10,146,10.52
2025-06-11,146,9.1
2025-06-13,146,9.25
2025-06-15,146,7.16
2025-06-16,146,8.78
2025-06-17,146,11.22
2025-06-18,146,11.56
2025-06-20,146,10.96
2025-06-22,146,10.74
2025-06-25,146,10.4
2025-06-26,146,8.85
2025-06-27,146,8.8
2025-06-30,146,8.12
2025-07-02,146,12.58
2025-07-03,146,10.22
2025-07-04,146,9.4
2025-07-10,146,9.86
2025-07-11,146,10.83
2025-07-13,146,12.27
2025-07-14,146,7.81
2025-07-15,146,12.33
2025-07-16,146,11.43
2025-07-17,146,7.46
2025-07-20,146,12.38
2025-07-22,146,11.03
2025-07-24,146,12.46
2025-07-25,146,8.11
2025-07-30,146,11.23
2025-08-01,146,9.32
2025-08-02,146,8.94
2025-08-05,146,10.35
2025-08-08,146,8.07
2025-08-11,146,10.0
2025-08-12,146,12.56
2025-08-13,146,10.22
2025-08-14,146,9.75
2025-08-15,146,8.33
2025-08-18,146,7.85
2025-08-19,146,11.58
2025-08-26,146,7.25
2025-08-27,146,7.53
2025-08-28,146,9.47
2025-09-02,146,9.74
2025-09-04,146,11.27
2025-09-06,146,9.37
2025-09-09,146,10.51
2025-09-11,146,10.41
2025-09-18,146,9.14
2025-09-19,146,10.37
2025-09-22,146,8.83
2025-09-23,146,11.61
2025-09-27,146,11.22
2025-09-29,146,9.86
2025-10-01,146,11.93
2025-10-02,146,7.36
2025-10-06,146,10.84
2025-10-07,146,12.43
2025-10-09,146,12.85
2025-10-10,146,9.67
2025-10-13,146,9.51
2025-10-15,146,8.91
2025-10-16,146,10.07
2025-10-17,146,8.03
2025-10-20,146,9.32
2025-10-24,146,9.24
2025-10-27,146,9.54
2025-10-28,146,7.73
2025-11-04,146,8.34
2025-11-08,146,9.12
2025-11-09,146,8.26
2025-11-10,146,7.74
2025-11-12,146,9.47
2025-11-14,146,10.72
2025-11-17,146,12.66
2025-11-18,146,8.87
2025-11-20,146,7.5
2025-11-21,146,8.99
2025-11-25,146,10.58
2025-11-26,146,7.81
2025-11-27,146,10.26
2025-12-02,146,8.34
2025-12-04,146,8.12
2025-12-07,146,10.3
2025-12-08,146,8.25
2025-12-09,146,11.04
2025-12-10,146,7.55
2025-12-11,146,12.63
2025-12-14,146,12.75
2025-12-15,146,8.51
2025-12-16,146,9.98
2025-12-17,146,11.46
2025-12-18,146,7.32
2025-12-19,146,7.29
2025-12-20,146,9.35
2025-12-23,146,9.83
2025-12-25,146,11.26
2025-12-26,146,10.74
2025-12-30,146,8.21
2025-01-01,147,11.05
2025-01-02,147,11.77
2025-01-03,147,13.37
2025-01-05,147,8.8
2025-01-06,147,12.05
2025-01-09,147,7.82
2025-01-13,147,14.09
2025-01-14,147,9.35
2025-01-15,147,7.99
2025-01-17,147,10.76
2025-01-18,147,8.0
2025-01-21,147,10.73
2025-01-27,147,11.19
2025-01-28,147,13.41
2025-01-29,147,9.33
2025-01-30,147,11.52
2025-02-01,147,12.17
2025-02-03,147,9.22
2025-02-05,147,12.35
2025-02-07,147,10.01
2025-02-09,147,13.25
2025-02-10,147,9.28
2025-02-11,147,13.99
2025-02-14,147,8.98
2025-02-17,147,11.43
2025-02-18,147,8.71
2025-02-19,147,8.85
2025-02-24,147,12.72
2025-02-25,147,11.48
2025-02-26,147,10.94
2025-02-28,147,13.65
2025-03-04,147,13.12
2025-03-05,147,8.18
2025-03-07,147,11.89
2025-03-08,147,14.01
2025-03-10,147,10.84
2025-03-13,147,8.53
2025-03-16,147,8.22
2025-03-17,147,11.22
2025-03-18,147,9.79
2025-03-19,147,11.53
2025-03-20,147,9.95
2025-03-21,147,9.08
2025-03-24,147,11.79
2025-03-25,147,8.34
2025-03-27,147,8.9
2025-03-28,147,11.3
2025-03-30,147,13.88
2025-03-31,147,9.47
2025-04-01,147,8.5
2025-04-08,147,9.86
2025-04-09,147,9.57
2025-04-11,147,13.48
2025-04-12,147,10.04
2025-04-16,147,10.14
2025-04-20,147,8.4
2025-04-28,147,12.41
2025-04-29,147,12.87
2025-04-30,147,8.73
2025-05-01,147,9.46
2025-05-02,147,9.4
2025-05-03,147,10.29
2025-05-05,147,9.66
2025-05-06,147,13.47
2025-05-07,147,10.0
2025-05-09,147,13.32
2025-05-12,147,8.49
2025-05-13,147,9.29
2025-05-16,147,8.3
2025-05-19,147,13.78
2025-05-22,147,8.51
2025-05-23,147,9.56
2025-05-24,147,11.93
2025-05-26,147,9.81
2025-05-27,147,11.66
2025-05-28,147,10.63
2025-05-29,147,8.55
2025-05-30,147,9.99
2025-06-02,147,9.31
2025-06-05,147,13.83
2025-06-08,147,7.84
2025-06-09,147,8.2
2025-06-13,147,10.73
2025-06-14,147,13.83
2025-06-16,147,11.4
2025-06-17,147,8.66
2025-06-18,147,13.45
2025-06-19,147,9.86
2025-06-20,147,10.82
2025-06-23,147,8.36
2025-06-25,147,13.96
2025-06-26,147,13.35
2025-06-27,147,13.27
2025-06-28,147,8.93
2025-06-30,147,13.95
2025-07-01,147,14.12
2025-07-04,147,8.95
2025-07-05,147,12.03
2025-07-07,147,12.79
2025-07-08,147,14.26
2025-07-10,147,12.75
2025-07-13,147,13.04
2025-07-14,147,11.6
2025-07-15,147,11.38
2025-07-17,147,13.34
2025-07-18,147,9.83
2025-07-19,147,11.19
2025-07-20,147,13.9
2025-07-21,147,11.57
2025-07-22,147,9.92
2025-07-24,147,13.09
2025-07-25,147,7.96
2025-07-29,147,8.62
2025-07-31,147,9.8
2025-08-01,147,13.57
2025-08-05,147,13.03
2025-08-06,147,12.7
2025-08-07,147,8.48
2025-08-09,147,8.98
2025-08-15,147,10.17
2025-08-17,147,14.27
2025-08-18,147,11.27
2025-08-19,147,8.82
2025-08-21,147,9.7
2025-08-22,147,11.23
2025-08-25,147,10.95
2025-08-26,147,8.62
2025-08-27,147,12.13
2025-08-28,147,11.75
2025-08-30,147,9.12
2025-08-31,147,14.18
2025-09-01,147,13.08
2025-09-04,147,11.55
2025-09-05,147,8.4
2025-09-08,147,12.74
2025-09-10,147,10.12
2025-09-12,147,7.86
2025-09-13,147,11.54
2025-09-15,147,10.4
2025-09-16,147,12.13
2025-09-18,147,10.25
2025-09-19,147,11.99
2025-09-22,147,9.9
2025-09-24,147,11.65
2025-09-26,147,8.15
2025-10-01,147,11.85
2025-10-02,147,8.26
2025-10-03,147,10.5
2025-10-07,147,12.48
2025-10-08,147,11.75
2025-10-10,147,9.12
2025-10-17,147,13.26
2025-10-20,147,13.85
2025-10-24,147,8.72
2025-10-27,147,7.78
2025-10-28,147,8.61
2025-11-01,147,8.59
2025-11-02,147,9.41
2025-11-03,147,14.18
2025-11-05,147,8.65
2025-11-06,147,12.82
2025-11-10,147,8.76
2025-11-11,147,8.09
2025-11-13,147,10.89
2025-11-17,147,9.94
2025-11-19,147,8.11
2025-11-21,147,9.93
2025-11-23,147,13.98
2025-11-24,147,8.73
2025-11-25,147,10.68
2025-11-26,147,10.82
2025-11-28,147,11.25
2025-11-30,147,11.1
2025-12-03,147,12.64
2025-12-04,147,14.21
2025-12-05,147,12.45
2025-12-06,147,8.53
2025-12-09,147,9.9
2025-12-10,147,13.57
2025-12-11,147,10.62
2025-12-16,147,11.98
2025-12-17,147,11.63
2025-12-19,147,13.61
2025-12-20,147,10.5
2025-12-22,147,14.05
2025-12-23,147,11.68
2025-12-24,147,10.76
2025-12-29,147,11.21
2025-12-31,147,13.65
2025-01-01,148,11.8
2025-01-02,148,13.98
2025-01-06,148,12.03
2025-01-07,148,10.99
2025-01-09,148,13.92
2025-01-10,148,12.61
2025-01-13,148,14.45
2025-01-14,148,16.25
2025-01-15,148,17.78
2025-01-19,148,15.75
2025-01-20,148,12.69
2025-01-21,148,13.68
2025-01-23,148,17.21
2025-01-24,148,15.71
2025-01-28,148,15.3
2025-01-30,148,14.07
2025-02-03,148,16.7
2025-02-06,148,15.15
2025-02-08,148,16.85
2025-02-11,148,11.17
2025-02-12,148,13.39
2025-02-13,148,12.96
2025-02-16,148,17.82
2025-02-18,148,11.24
2025-02-20,148,15.45
2025-02-21,148,18.4
2025-02-24,148,18.73
2025-02-25,148,19.1
2025-03-02,148,16.79
2025-03-03,148,15.48
2025-03-04,148,12.04
2025-03-05,148,11.07
2025-03-06,148,15.3
2025-03-07,148,16.11
2025-03-08,148,17.75
2025-03-09,148,14.5
2025-03-10,148,16.08
2025-03-11,148,16.41
2025-03-13,148,11.16
2025-03-18,148,18.37
2025-03-20,148,13.26
2025-03-21,148,13.02
2025-03-23,148,11.45
2025-03-24,148,18.64
2025-03-25,148,14.83
2025-03-26,148,15.0
2025-03-27,148,13.41
2025-03-28,148,11.13
2025-03-29,148,18.58
2025-03-30,148,11.11
2025-03-31,148,16.02
2025-04-02,148,13.02
2025-04-03,148,13.69
2025-04-07,148,13.15
2025-04-09,148,14.4
2025-04-11,148,11.71
2025-04-16,148,19.37
2025-04-17,148,10.86
2025-04-21,148,10.52
2025-04-23,148,17.05
2025-04-24,148,18.13
2025-04-25,148,14.53
2025-04-29,148,13.72
2025-05-01,148,18.97
2025-05-02,148,14.67
2025-05-06,148,12.68
2025-05-09,148,19.4
2025-05-13,148,13.58
2025-05-14,148,12.84
2025-05-16,148,19.33
2025-05-17,148,15.55
2025-05-19,148,14.98
2025-05-20,148,19.12
2025-05-22,148,19.41
2025-05-23,148,13.48
2025-05-28,148,13.52
2025-05-29,148,11.38
2025-05-30,148,17.6
2025-06-05,148,15.84
2025-06-06,148,19.04
2025-06-09,148,19.2
2025-06-10,148,14.0
2025-06-11,148,15.48
2025-06-14,148,17.01
2025-06-16,148,14.55
2025-06-19,148,17.82
2025-06-20,148,12.59
2025-06-22,148,18.85
2025-06-24,148,14.22
2025-06-26,148,10.89
2025-07-02,148,15.42
2025-07-04,148,19.0
2025-07-05,148,12.43
2025-07-06,148,19.17
2025-07-07,148,17.16
2025-07-08,148,10.97
2025-07-09,148,12.99
2025-07-10,148,10.7
2025-07-14,148,12.21
2025-07-15,148,16.35
2025-07-20,148,13.41
2025-07-21,148,14.29
2025-07-22,148,13.72
2025-07-23,148,15.67
2025-07-25,148,18.25
2025-07-29,148,13.82
2025-07-30,148,18.71
2025-07-31,148,13.59
2025-08-04,148,15.01
2025-08-05,148,12.83
2025-08-07,148,13.8
2025-08-08,148,13.06
2025-08-11,148,17.6
2025-08-12,148,19.46
2025-08-15,148,18.51
2025-08-18,148,16.04
2025-08-20,148,15.46
2025-08-21,148,16.53
2025-08-25,148,11.59
2025-08-26,148,15.71
2025-08-31,148,16.6
2025-09-02,148,13.63
2025-09-04,148,18.59
2025-09-08,148,18.88
2025-09-09,148,16.75
2025-09-12,148,16.37
2025-09-13,148,18.43
2025-09-15,148,15.67
2025-09-16,148,17.06
2025-09-17,148,18.97
2025-09-19,148,15.22
2025-09-24,148,12.4
2025-09-29,148,17.73
2025-10-02,148,17.96
2025-10-04,148,17.16
2025-10-06,148,11.75
2025-10-07,148,18.16
2025-10-08,148,18.53
2025-10-10,148,16.16
2025-10-11,148,12.96
2025-10-12,148,18.05
2025-10-13,148,19.44
2025-10-14,148,12.56
2025-10-18,148,14.23
2025-10-20,148,13.07
2025-10-21,148,17.88
2025-10-23,148,13.52
2025-10-25,148,17.9
2025-10-26,148,13.15
2025-10-27,148,11.59
2025-10-28,148,12.93
2025-10-29,148,17.82
2025-10-31,148,16.45
2025-11-03,148,13.95
2025-11-04,148,15.85
2025-11-05,148,16.78
2025-11-06,148,11.79
2025-11-07,148,15.63
2025-11-09,148,12.49
2025-11-10,148,11.46
2025-11-11,148,12.74
2025-11-14,148,13.82
2025-11-16,148,18.07
2025-11-17,148,17.35
2025-11-18,148,17.31
2025-11-19,148,19.33
2025-11-22,148,11.25
2025-11-24,148,18.38
2025-11-25,148,16.34
2025-11-27,148,18.93
2025-11-28,148,18.01
2025-12-01,148,14.75
2025-12-02,148,15.32
2025-12-03,148,15.14
2025-12-04,148,18.0
2025-12-05,148,13.16
2025-12-09,148,13.85
2025-12-11,148,12.67
2025-12-13,148,13.53
2025-12-14,148,19.15
2025-12-16,148,18.06
2025-12-18,148,12.38
2025-12-19,148,15.16
2025-12-20,148,12.96
2025-12-23,148,19.23
2025-12-24,148,18.71
2025-12-25,148,17.12
2025-12-29,148,19.2
2025-01-01,149,30.62
2025-01-03,149,26.06
2025-01-06,149,37.34
2025-01-07,149,35.22
2025-01-08,149,25.84
2025-01-10,149,24.78
2025-01-13,149,38.67
2025-01-14,149,36.64
2025-01-15,149,37.25
2025-01-17,149,34.1
2025-01-21,149,30.6
2025-01-22,149,31.82
2025-01-23,149,26.77
2025-01-25,149,26.58
2025-01-26,149,28.59
2025-01-28,149,31.76
2025-01-31,149,23.71
2025-02-03,149,24.36
2025-02-04,149,38.41
2025-02-05,149,26.45
2025-02-10,149,34.56
2025-02-11,149,38.34
2025-02-12,149,36.03
2025-02-17,149,37.32
2025-02-19,149,25.83
2025-02-21,149,22.46
2025-02-25,149,39.3
2025-02-26,149,38.91
2025-02-27,149,30.22
2025-02-28,149,29.36
2025-03-04,149,28.01
2025-03-05,149,36.46
2025-03-06,149,39.9
2025-03-07,149,24.86
2025-03-10,149,37.67
2025-03-14,149,31.2
2025-03-19,149,31.73
2025-03-20,149,28.39
2025-03-21,149,36.0
2025-03-24,149,35.66
2025-03-26,149,33.82
2025-03-27,149,33.05
2025-03-28,149,39.48
2025-03-29,149,27.42
2025-04-02,149,24.48
2025-04-03,149,34.8
2025-04-07,149,32.44
2025-04-09,149,28.94
2025-04-14,149,33.82
2025-04-17,149,38.06
2025-04-18,149,28.67
2025-04-19,149,36.84
2025-04-22,149,26.59
2025-04-24,149,36.34
2025-04-25,149,22.26
2025-04-28,149,32.59
2025-04-29,149,37.14
2025-05-01,149,27.53
2025-05-05,149,33.16
2025-05-07,149,25.63
2025-05-08,149,30.09
2025-05-09,149,26.83
2025-05-10,149,38.47
2025-05-11,149,38.04
2025-05-12,149,34.07
2025-05-14,149,34.77
2025-05-17,149,30.17
2025-05-19,149,39.66
2025-05-21,149,22.24
2025-05-22,149,24.0
2025-05-23,149,39.18
2025-05-26,149,33.26
2025-05-27,149,36.07
2025-05-28,149,38.19
2025-05-30,149,24.23
2025-05-31,149,28.56
2025-06-01,149,30.07
2025-06-02,149,30.97
2025-06-03,149,31.91
2025-06-06,149,36.36
2025-06-07,149,26.95
2025-06-10,149,27.77
2025-06-11,149,39.08
2025-06-12,149,23.14
2025-06-13,149,27.08
2025-06-15,149,30.23
2025-06-22,149,23.36
2025-06-23,149,24.48
2025-06-25,149,23.45
2025-06-26,149,24.85
2025-06-27,149,28.44
2025-06-29,149,25.56
2025-07-01,149,29.9
2025-07-02,149,36.49
2025-07-04,149,39.33
2025-07-08,149,35.6
2025-07-09,149,22.1
2025-07-10,149,24.54
2025-07-13,149,28.1
2025-07-14,149,29.12
2025-07-16,149,32.21
2025-07-18,149,21.93
2025-07-19,149,35.06
2025-07-20,149,38.82
2025-07-21,149,32.49
2025-07-22,149,39.78
2025-07-23,149,32.63
2025-07-25,149,31.24
2025-07-29,149,26.33
2025-07-31,149,30.45
2025-08-05,149,36.33
2025-08-06,149,25.08
2025-08-09,149,35.89
2025-08-10,149,30.23
2025-08-12,149,27.3
2025-08-13,149,39.89
2025-08-14,149,24.08
2025-08-15,149,26.23
2025-08-22,149,29.78
2025-08-24,149,27.91
2025-08-26,149,30.97
2025-08-29,149,33.34
2025-08-30,149,22.69
2025-09-04,149,37.72
2025-09-08,149,26.05
2025-09-09,149,31.8
2025-09-10,149,23.34
2025-09-13,149,39.48
2025-09-16,149,39.9
2025-09-18,149,40.02
2025-09-20,149,36.84
2025-09-22,149,26.09
2025-09-23,149,34.57
2025-09-25,149,29.42
2025-10-05,149,30.14
2025-10-08,149,29.95
2025-10-09,149,36.41
2025-10-15,149,34.94
2025-10-16,149,33.86
2025-10-17,149,22.75
2025-10-18,149,30.41
2025-10-20,149,39.91
2025-10-21,149,39.56
2025-10-23,149,37.11
2025-10-24,149,34.46
2025-10-26,149,36.56
2025-10-27,149,35.32
2025-10-28,149,34.43
2025-11-03,149,36.84
2025-11-05,149,30.22
2025-11-09,149,38.65
2025-11-10,149,29.99
2025-11-11,149,38.96
2025-11-12,149,28.64
2025-11-14,149,38.41
2025-11-16,149,29.79
2025-11-17,149,22.91
2025-11-18,149,38.6
2025-11-19,149,21.83
2025-11-21,149,32.09
2025-11-28,149,28.31
2025-11-30,149,28.28
2025-12-01,149,32.63
2025-12-05,149,22.18
2025-12-06,149,38.59
2025-12-09,149,34.9
2025-12-12,149,36.46
2025-12-15,149,33.31
2025-12-16,149,38.86
2025-12-18,149,39.55
2025-12-22,149,39.63
2025-12-23,149,36.63
2025-12-24,149,35.71
2025-12-25,149,28.64
2025-12-30,149,30.87
2025-12-31,149,40.11
2025-01-01,150,44.47
2025-01-02,150,31.86
2025-01-06,150,48.89
2025-01-08,150,37.76
2025-01-09,150,27.34
2025-01-13,150,42.55
2025-01-14,150,36.44
2025-01-16,150,37.56
2025-01-17,150,42.35
2025-01-18,150,30.55
2025-01-22,150,26.97
2025-01-24,150,36.13
2025-01-26,150,38.47
2025-01-28,150,38.46
2025-01-29,150,48.96
2025-01-30,150,29.09
2025-01-31,150,34.97
2025-02-03,150,47.25
2025-02-04,150,42.84
2025-02-05,150,42.14
2025-02-13,150,37.41
2025-02-14,150,27.22
2025-02-16,150,27.43
2025-02-17,150,31.9
2025-02-24,150,32.66
2025-02-26,150,34.02
2025-02-27,150,28.2
2025-02-28,150,45.63
2025-03-03,150,30.89
2025-03-04,150,30.09
2025-03-07,150,43.17
2025-03-11,150,40.36
2025-03-12,150,46.97
2025-03-13,150,39.69
2025-03-14,150,32.9
2025-03-17,150,36.67
2025-03-18,150,32.04
2025-03-19,150,47.17
2025-03-21,150,48.19
2025-03-23,150,29.43
2025-03-24,150,33.53
2025-03-27,150,38.77
2025-03-28,150,30.54
2025-03-29,150,47.24
2025-04-04,150,45.17
2025-04-10,150,48.07
2025-04-11,150,41.63
2025-04-14,150,47.0
2025-04-15,150,34.92
2025-04-16,150,44.95
2025-04-18,150,39.67
2025-04-21,150,27.02
2025-04-23,150,43.19
2025-04-24,150,41.57
2025-04-25,150,29.16
2025-04-28,150,35.51
2025-04-29,150,38.37
2025-04-30,150,41.57
2025-05-01,150,31.65
2025-05-06,150,32.02
2025-05-08,150,35.57
2025-05-10,150,46.24
2025-05-11,150,34.31
2025-05-12,150,34.73
2025-05-14,150,43.33
2025-05-22,150,32.19
2025-05-26,150,31.94
2025-05-27,150,39.45
2025-05-28,150,35.29
2025-05-29,150,39.42
2025-05-31,150,29.62
2025-06-03,150,38.25
2025-06-04,150,36.07
2025-06-09,150,42.32
2025-06-10,150,38.56
2025-06-11,150,28.73
2025-06-12,150,43.83
2025-06-13,150,47.68
2025-06-15,150,45.42
2025-06-16,150,35.46
2025-06-17,150,34.14
2025-06-19,150,37.26
2025-06-20,150,29.84
2025-06-24,150,48.77
2025-06-30,150,33.31
2025-07-02,150,30.06
2025-07-03,150,34.86
2025-07-04,150,40.41
2025-07-06,150,31.35
2025-07-07,150,32.32
2025-07-10,150,26.61
2025-07-16,150,28.22
2025-07-17,150,43.49
2025-07-18,150,38.02
2025-07-21,150,42.53
2025-07-23,150,41.91
2025-07-24,150,31.45
2025-07-25,150,45.69
2025-07-27,150,48.61
2025-07-29,150,42.84
2025-07-30,150,32.54
2025-07-31,150,35.65
2025-08-06,150,45.02
2025-08-07,150,32.24
2025-08-08,150,28.12
2025-08-12,150,30.4
2025-08-14,150,35.97
2025-08-15,150,36.32
2025-08-16,150,27.33
2025-08-18,150,36.62
2025-08-19,150,28.37
2025-08-20,150,43.18
2025-08-21,150,46.28
2025-08-28,150,43.82
2025-08-30,150,44.53
2025-09-01,150,37.7
2025-09-02,150,42.99
2025-09-03,150,44.25
2025-09-04,150,32.56
2025-09-06,150,46.27
2025-09-08,150,47.76
2025-09-09,150,32.51
2025-09-10,150,44.84
2025-09-12,150,32.47
2025-09-15,150,43.63
2025-09-16,150,30.84
2025-09-18,150,43.94
2025-09-19,150,40.17
2025-09-21,150,41.43
2025-09-26,150,32.41
2025-09-29,150,32.64
2025-10-02,150,39.39
2025-10-03,150,33.14
2025-10-04,150,31.87
2025-10-06,150,46.89
2025-10-08,150,29.57
2025-10-10,150,36.24
2025-10-11,150,31.23
2025-10-13,150,49.04
2025-10-15,150,49.39
2025-10-19,150,28.95
2025-10-20,150,45.31
2025-10-24,150,41.22
2025-10-28,150,33.29
2025-10-29,150,38.9
2025-10-31,150,27.73
2025-11-05,150,47.87
2025-11-07,150,30.21
2025-11-11,150,43.3
2025-11-15,150,36.87
2025-11-17,150,36.37
2025-11-18,150,41.67
2025-11-19,150,45.99
2025-11-20,150,38.35
2025-11-24,150,39.32
2025-11-26,150,29.39
2025-11-27,150,39.69
2025-11-28,150,36.51
2025-11-29,150,29.58
2025-12-01,150,28.88
2025-12-03,150,33.83
2025-12-05,150,48.69
2025-12-08,150,38.18
2025-12-10,150,45.15
2025-12-12,150,30.96
2025-12-13,150,34.51
2025-12-14,150,31.84
2025-12-16,150,47.14
2025-12-17,150,30.11
2025-12-18,150,42.4
2025-12-23,150,27.35
2025-12-26,150,27.6
2025-12-27,150,31.05
2025-01-03,151,27.18
2025-01-06,151,22.48
2025-01-08,151,28.46
2025-01-09,151,20.55
2025-01-14,151,29.88
2025-01-17,151,23.09
2025-01-19,151,24.91
2025-01-20,151,32.3
2025-01-22,151,23.51
2025-01-23,151,22.94
2025-01-24,151,31.3
2025-01-25,151,29.88
2025-01-26,151,19.02
2025-01-27,151,23.51
2025-01-28,151,30.0
2025-01-30,151,20.34
2025-01-31,151,20.59
2025-02-02,151,18.95
2025-02-03,151,28.94
2025-02-05,151,26.11
2025-02-07,151,22.1
2025-02-10,151,26.51
2025-02-14,151,26.71
2025-02-17,151,32.2
2025-02-18,151,22.09
2025-02-19,151,30.71
2025-02-21,151,30.37
2025-02-26,151,24.94
2025-02-27,151,18.97
2025-02-28,151,30.46
2025-03-03,151,25.03
2025-03-05,151,26.99
2025-03-06,151,21.82
2025-03-10,151,22.7
2025-03-11,151,23.35
2025-03-12,151,28.03
2025-03-14,151,23.74
2025-03-18,151,34.45
2025-03-19,151,24.89
2025-03-20,151,19.71
2025-03-21,151,32.07
2025-03-23,151,28.45
2025-03-24,151,20.11
2025-03-26,151,33.91
2025-03-27,151,31.97
2025-04-01,151,27.48
2025-04-02,151,27.9
2025-04-06,151,20.05
2025-04-08,151,27.46
2025-04-09,151,32.42
2025-04-11,151,22.54
2025-04-14,151,29.72
2025-04-15,151,19.7
2025-04-16,151,21.46
2025-04-17,151,20.34
2025-04-24,151,28.64
2025-04-28,151,25.44
2025-04-29,151,27.06
2025-05-02,151,23.45
2025-05-05,151,27.02
2025-05-08,151,30.55
2025-05-12,151,30.65
2025-05-15,151,20.16
2025-05-16,151,30.71
2025-05-20,151,30.79
2025-05-22,151,35.1
2025-05-23,151,25.24
2025-05-24,151,34.66
2025-05-26,151,34.66
2025-05-27,151,22.46
2025-05-28,151,20.91
2025-05-30,151,21.53
2025-05-31,151,25.32
2025-06-02,151,23.73
2025-06-04,151,30.43
2025-06-05,151,25.93
2025-06-06,151,22.48
2025-06-07,151,27.0
2025-06-08,151,28.1
2025-06-10,151,20.63
2025-06-15,151,25.97
2025-06-16,151,30.35
2025-06-18,151,34.73
2025-06-19,151,33.52
2025-06-24,151,27.53
2025-06-25,151,26.91
2025-06-26,151,25.14
2025-06-27,151,29.98
2025-07-02,151,33.04
2025-07-03,151,33.49
2025-07-08,151,29.45
2025-07-10,151,33.81
2025-07-11,151,29.13
2025-07-14,151,25.5
2025-07-15,151,27.03
2025-07-18,151,34.46
2025-07-21,151,23.81
2025-07-22,151,32.34
2025-07-23,151,20.48
2025-07-24,151,24.42
2025-07-26,151,34.05
2025-07-28,151,21.95
2025-07-30,151,20.32
2025-08-01,151,29.32
2025-08-03,151,29.02
2025-08-05,151,24.55
2025-08-08,151,26.69
2025-08-11,151,19.7
2025-08-12,151,29.36
2025-08-14,151,29.86
2025-08-15,151,24.59
2025-08-17,151,30.27
2025-08-18,151,22.43
2025-08-19,151,33.54
2025-08-20,151,32.92
2025-08-21,151,19.4
2025-08-25,151,24.04
2025-08-26,151,22.88
2025-08-27,151,27.33
2025-08-29,151,21.09
2025-08-30,151,24.93
2025-09-01,151,22.42
2025-09-05,151,27.66
2025-09-08,151,22.77
2025-09-09,151,28.01
2025-09-10,151,26.28
2025-09-12,151,32.95
2025-09-15,151,31.57
2025-09-17,151,26.2
2025-09-18,151,23.04
2025-09-19,151,23.0
2025-09-22,151,23.52
2025-09-23,151,27.56
2025-09-24,151,28.21
2025-09-26,151,25.36
2025-09-27,151,27.77
2025-09-28,151,26.38
2025-09-29,151,23.13
2025-10-02,151,24.02
2025-10-07,151,20.13
2025-10-09,151,19.27
2025-10-12,151,32.57
2025-10-13,151,27.7
2025-10-16,151,27.02
2025-10-17,151,26.46
2025-10-18,151,32.81
2025-10-19,151,22.89
2025-10-23,151,33.94
2025-10-27,151,27.8
2025-10-28,151,32.01
2025-10-29,151,28.93
2025-10-30,151,28.39
2025-10-31,151,25.42
2025-11-02,151,26.14
2025-11-04,151,27.17
2025-11-05,151,29.5
2025-11-06,151,29.43
2025-11-09,151,19.63
2025-11-10,151,24.61
2025-11-13,151,26.68
2025-11-15,151,24.14
2025-11-16,151,33.98
2025-11-17,151,34.44
2025-11-19,151,23.96
2025-11-20,151,29.31
2025-11-21,151,33.76
2025-11-22,151,20.98
2025-11-24,151,25.48
2025-11-27,151,28.11
2025-11-28,151,26.97
2025-11-29,151,25.48
2025-12-05,151,33.15
2025-12-08,151,23.77
2025-12-09,151,24.43
2025-12-11,151,30.66
2025-12-12,151,20.79
2025-12-13,151,29.82
2025-12-15,151,22.69
2025-12-17,151,29.16
2025-12-18,151,26.35
2025-12-19,151,25.97
2025-12-21,151,29.7
2025-12-23,151,28.25
2025-12-25,151,23.99
2025-12-26,151,32.37
2025-01-01,152,16.23
2025-01-02,152,12.17
2025-01-03,152,15.36
2025-01-06,152,14.96
2025-01-07,152,9.4
2025-01-08,152,14.33
2025-01-09,152,13.82
2025-01-11,152,12.44
2025-01-20,152,15.76
2025-01-21,152,16.79
2025-01-22,152,12.54
2025-01-23,152,11.95
2025-01-26,152,16.54
2025-01-29,152,12.98
2025-01-30,152,12.2
2025-01-31,152,15.83
2025-02-02,152,15.96
2025-02-03,152,16.33
2025-02-04,152,14.7
2025-02-07,152,11.83
2025-02-10,152,15.67
2025-02-14,152,14.82
2025-02-16,152,16.87
2025-02-17,152,14.58
2025-02-20,152,11.93
2025-02-21,152,13.67
2025-02-25,152,11.23
2025-02-26,152,9.2
2025-02-27,152,11.9
2025-02-28,152,9.88
2025-03-05,152,12.14
2025-03-06,152,9.74
2025-03-09,152,15.98
2025-03-12,152,10.27
2025-03-13,152,12.61
2025-03-17,152,14.28
2025-03-18,152,16.8
2025-03-19,152,14.74
2025-03-20,152,11.29
2025-03-23,152,14.39
2025-03-24,152,16.69
2025-03-26,152,10.73
2025-03-27,152,11.03
2025-03-28,152,10.7
2025-03-30,152,14.3
2025-03-31,152,14.0
2025-04-02,152,10.78
2025-04-04,152,15.42
2025-04-05,152,14.29
2025-04-09,152,14.29
2025-04-10,152,10.42
2025-04-11,152,9.99
2025-04-18,152,13.82
2025-04-19,152,13.2
2025-04-20,152,9.6
2025-04-21,152,16.72
2025-04-22,152,14.48
2025-04-24,152,14.62
2025-04-25,152,13.23
2025-04-27,152,11.18
2025-04-28,152,12.97
2025-05-01,152,9.44
2025-05-02,152,16.66
2025-05-06,152,11.82
2025-05-07,152,16.7
2025-05-08,152,11.2
2025-05-10,152,14.2
2025-05-12,152,12.89
2025-05-20,152,12.45
2025-05-22,152,11.41
2025-05-25,152,10.05
2025-05-26,152,15.33
2025-05-28,152,11.12
2025-06-01,152,13.86
2025-06-02,152,13.87
2025-06-03,152,13.12
2025-06-05,152,15.55
2025-06-06,152,10.31
2025-06-10,152,10.99
2025-06-11,152,14.21
2025-06-16,152,16.06
2025-06-17,152,11.96
2025-06-20,152,12.09
2025-06-27,152,11.89
2025-06-30,152,11.78
2025-07-01,152,13.06
2025-07-02,152,13.63
2025-07-03,152,12.25
2025-07-08,152,12.47
2025-07-09,152,9.4
2025-07-10,152,10.41
2025-07-11,152,13.52
2025-07-14,152,9.38
2025-07-15,152,14.5
2025-07-16,152,13.74
2025-07-18,152,13.56
2025-07-19,152,14.77
2025-07-20,152,9.38
2025-07-22,152,10.37
2025-07-24,152,11.2
2025-07-29,152,10.21
2025-07-30,152,10.07
2025-07-31,152,14.55
2025-08-04,152,12.47
2025-08-06,152,16.05
2025-08-07,152,10.33
2025-08-08,152,12.99
2025-08-10,152,13.62
2025-08-11,152,14.39
2025-08-12,152,14.82
2025-08-14,152,16.42
2025-08-15,152,16.41
2025-08-16,152,16.1
2025-08-21,152,11.79
2025-08-26,152,13.78
2025-08-27,152,9.41
2025-08-28,152,13.83
2025-08-29,152,15.09
2025-08-31,152,15.33
2025-09-01,152,12.59
2025-09-08,152,9.61
2025-09-09,152,12.06
2025-09-11,152,13.35
2025-09-12,152,15.08
2025-09-15,152,16.38
2025-09-18,152,9.94
2025-09-19,152,14.97
2025-09-22,152,10.34
2025-09-24,152,11.98
2025-09-25,152,15.31
2025-09-27,152,11.79
2025-10-01,152,9.62
2025-10-02,152,12.27
2025-10-03,152,14.18
2025-10-04,152,11.84
2025-10-09,152,14.49
2025-10-10,152,10.16
2025-10-12,152,13.01
2025-10-13,152,13.8
2025-10-14,152,9.75
2025-10-16,152,12.56
2025-10-17,152,9.75
2025-10-22,152,10.39
2025-10-23,152,10.03
2025-10-24,152,10.81
2025-10-26,152,15.79
2025-10-31,152,10.83
2025-11-03,152,14.42
2025-11-04,152,13.86
2025-11-05,152,15.55
2025-11-06,152,12.14
2025-11-07,152,13.55
2025-11-08,152,16.38
2025-11-10,152,11.0
2025-11-12,152,9.93
2025-11-13,152,16.65
2025-11-14,152,9.58
2025-11-18,152,12.25
2025-11-19,152,12.47
2025-11-21,152,9.85
2025-11-24,152,11.57
2025-11-25,152,9.17
2025-11-28,152,15.91
2025-12-03,152,12.2
2025-12-04,152,12.26
2025-12-05,152,16.49
2025-12-06,152,15.0
2025-12-07,152,16.56
2025-12-08,152,12.48
2025-12-09,152,10.68
2025-12-14,152,14.43
2025-12-18,152,13.51
2025-12-19,152,13.09
2025-12-20,152,10.62
2025-12-23,152,10.38
2025-12-26,152,9.49
2025-12-29,152,9.9
2025-12-31,152,14.27
2025-01-01,153,33.37
2025-01-04,153,26.9
2025-01-06,153,25.77
2025-01-08,153,29.39
2025-01-10,153,32.52
2025-01-12,153,23.63
2025-01-13,153,22.08
2025-01-15,153,23.01
2025-01-16,153,33.68
2025-01-18,153,32.05
2025-01-20,153,19.97
2025-01-21,153,21.44
2025-01-23,153,26.37
2025-01-27,153,21.49
2025-01-28,153,24.12
2025-01-31,153,25.58
2025-02-01,153,28.96
2025-02-04,153,31.85
2025-02-07,153,32.12
2025-02-10,153,32.02
2025-02-11,153,23.37
2025-02-12,153,31.53
2025-02-13,153,22.7
2025-02-18,153,25.44
2025-02-19,153,27.07
2025-02-23,153,20.03
2025-02-24,153,26.49
2025-02-25,153,26.18
2025-02-27,153,25.52
2025-02-28,153,19.27
2025-03-02,153,29.17
2025-03-03,153,32.15
2025-03-05,153,21.87
2025-03-06,153,33.54
2025-03-07,153,25.68
2025-03-09,153,30.23
2025-03-10,153,22.95
2025-03-11,153,18.93
2025-03-12,153,28.74
2025-03-13,153,33.42
2025-03-14,153,19.91
2025-03-17,153,28.44
2025-03-19,153,27.12
2025-03-25,153,20.38
2025-03-27,153,33.05
2025-03-28,153,25.68
2025-03-31,153,18.83
2025-04-01,153,23.71
2025-04-02,153,27.7
2025-04-03,153,33.44
2025-04-07,153,32.86
2025-04-09,153,25.0
2025-04-10,153,19.95
2025-04-17,153,26.62
2025-04-21,153,29.73
2025-04-22,153,24.5
2025-04-23,153,22.67
2025-04-25,153,20.39
2025-04-27,153,25.92
2025-04-28,153,23.22
2025-05-05,153,18.36
2025-05-06,153,30.47
2025-05-08,153,20.83
2025-05-13,153,26.93
2025-05-19,153,26.32
2025-05-20,153,29.96
2025-05-21,153,20.22
2025-05-22,153,20.52
2025-05-25,153,20.61
2025-05-27,153,32.16
2025-05-28,153,26.45
2025-05-31,153,28.06
2025-06-02,153,21.35
2025-06-04,153,20.37
2025-06-07,153,25.52
2025-06-08,153,23.4
2025-06-11,153,26.74
2025-06-13,153,21.51
2025-06-14,153,20.18
2025-06-15,153,18.66
2025-06-16,153,24.64
2025-06-17,153,23.16
2025-06-18,153,30.76
2025-06-25,153,23.71
2025-06-26,153,23.21
2025-06-27,153,32.4
2025-06-30,153,18.31
2025-07-02,153,21.43
2025-07-03,153,26.93
2025-07-04,153,26.77
2025-07-08,153,33.05
2025-07-09,153,28.04
2025-07-10,153,33.71
2025-07-11,153,21.13
2025-07-14,153,21.45
2025-07-15,153,19.64
2025-07-16,153,22.08
2025-07-18,153,18.61
2025-07-21,153,23.92
2025-07-22,153,33.4
2025-07-24,153,28.83
2025-07-25,153,30.81
2025-07-28,153,28.36
2025-07-30,153,31.99
2025-08-01,153,31.8
2025-08-02,153,33.03
2025-08-07,153,27.97
2025-08-08,153,20.59
2025-08-12,153,22.72
2025-08-13,153,24.49
2025-08-14,153,25.18
2025-08-15,153,29.67
2025-08-16,153,29.11
2025-08-18,153,20.87
2025-08-20,153,22.62
2025-08-21,153,25.72
2025-08-22,153,21.26
2025-08-30,153,31.98
2025-09-02,153,32.29
2025-09-03,153,26.94
2025-09-04,153,26.84
2025-09-05,153,30.59
2025-09-09,153,23.11
2025-09-12,153,26.2
2025-09-15,153,33.46
2025-09-16,153,32.42
2025-09-17,153,21.93
2025-09-18,153,22.62
2025-09-19,153,22.16
2025-09-24,153,27.02
2025-09-25,153,31.41
2025-09-26,153,30.13
2025-09-29,153,19.17
2025-09-30,153,31.11
2025-10-01,153,24.48
2025-10-02,153,21.47
2025-10-03,153,29.96
2025-10-08,153,26.17
2025-10-09,153,19.23
2025-10-13,153,31.99
2025-10-15,153,33.53
2025-10-16,153,30.6
2025-10-17,153,31.7
2025-10-19,153,21.94
2025-10-21,153,19.27
2025-10-22,153,29.44
2025-10-23,153,24.95
2025-10-24,153,28.92
2025-10-27,153,24.38
2025-10-29,153,19.98
2025-10-30,153,25.29
2025-10-31,153,29.26
2025-11-01,153,25.4
2025-11-03,153,20.9
2025-11-04,153,26.82
2025-11-05,153,20.69
2025-11-10,153,28.9
2025-11-13,153,27.0
2025-11-14,153,25.36
2025-11-16,153,20.06
2025-11-17,153,33.39
2025-11-18,153,23.98
2025-11-19,153,18.22
2025-11-20,153,19.93
2025-11-25,153,18.75
2025-11-26,153,25.71
2025-11-27,153,32.83
2025-11-28,153,23.69
2025-11-29,153,22.51
2025-12-05,153,21.86
2025-12-06,153,29.18
2025-12-08,153,30.53
2025-12-10,153,26.83
2025-12-14,153,29.11
2025-12-15,153,32.16
2025-12-18,153,21.72
2025-12-19,153,18.29
2025-12-22,153,25.04
2025-12-24,153,30.27
2025-12-28,153,28.87
2025-12-29,153,27.16
2025-12-30,153,33.6
2025-12-31,153,19.85
2025-01-01,154,20.04
2025-01-03,154,23.9
2025-01-06,154,26.17
2025-01-07,154,19.2
2025-01-10,154,20.27
2025-01-11,154,23.78
2025-01-14,154,23.59
2025-01-15,154,30.8
2025-01-16,154,18.49
2025-01-17,154,26.68
2025-01-20,154,22.39
2025-01-21,154,32.16
2025-01-22,154,21.58
2025-01-23,154,30.49
2025-01-28,154,19.88
2025-01-30,154,24.47
2025-02-04,154,23.97
2025-02-05,154,21.81
2025-02-06,154,28.69
2025-02-11,154,29.13
2025-02-13,154,20.16
2025-02-14,154,30.51
2025-02-18,154,25.91
2025-02-19,154,31.42
2025-02-21,154,21.16
2025-02-22,154,21.46
2025-02-25,154,30.14
2025-02-26,154,28.11
2025-02-28,154,21.83
2025-03-04,154,25.43
2025-03-06,154,20.22
2025-03-07,154,21.86
2025-03-08,154,24.8
2025-03-11,154,18.26
2025-03-12,154,30.17
2025-03-14,154,17.65
2025-03-17,154,25.5
2025-03-19,154,23.34
2025-03-20,154,25.99
2025-03-25,154,27.44
2025-03-26,154,19.33
2025-03-27,154,17.76
2025-03-31,154,27.87
2025-04-02,154,19.89
2025-04-03,154,27.96
2025-04-05,154,26.32
2025-04-06,154,29.87
2025-04-10,154,21.98
2025-04-13,154,31.04
2025-04-14,154,22.1
2025-04-15,154,31.98
2025-04-16,154,32.07
2025-04-18,154,25.81
2025-04-21,154,21.8
2025-04-22,154,19.39
2025-04-23,154,27.42
2025-04-24,154,24.16
2025-04-25,154,32.42
2025-04-28,154,20.03
2025-05-01,154,26.6
2025-05-02,154,17.89
2025-05-05,154,26.46
2025-05-08,154,26.7
2025-05-10,154,27.18
2025-05-12,154,21.43
2025-05-14,154,29.66
2025-05-15,154,29.07
2025-05-19,154,27.67
2025-05-20,154,18.89
2025-05-22,154,25.1
2025-05-24,154,30.95
2025-05-26,154,19.47
2025-05-28,154,32.11
2025-05-31,154,28.19
2025-06-02,154,29.24
2025-06-04,154,29.33
2025-06-06,154,22.95
2025-06-10,154,30.57
2025-06-11,154,23.82
2025-06-16,154,22.28
2025-06-19,154,29.88
2025-06-20,154,19.48
2025-06-21,154,24.69
2025-06-23,154,27.29
2025-06-24,154,32.46
2025-06-25,154,28.08
2025-06-26,154,20.6
2025-06-27,154,17.6
2025-06-28,154,20.13
2025-06-29,154,28.26
2025-06-30,154,23.44
2025-07-01,154,22.51
2025-07-02,154,32.47
2025-07-03,154,17.79
2025-07-04,154,22.82
2025-07-07,154,25.14
2025-07-09,154,18.67
2025-07-11,154,25.8
2025-07-14,154,29.68
2025-07-15,154,18.0
2025-07-21,154,28.31
2025-07-22,154,20.78
2025-07-23,154,26.22
2025-07-25,154,29.12
2025-07-31,154,29.65
2025-08-01,154,25.34
2025-08-02,154,30.75
2025-08-03,154,21.64
2025-08-04,154,19.24
2025-08-08,154,18.33
2025-08-09,154,29.08
2025-08-13,154,27.9
2025-08-14,154,20.72
2025-08-15,154,30.06
2025-08-17,154,23.78
2025-08-19,154,22.26
2025-08-26,154,32.31
2025-08-29,154,25.66
2025-08-30,154,18.31
2025-09-01,154,25.91
2025-09-02,154,23.32
2025-09-03,154,25.73
2025-09-05,154,19.47
2025-09-07,154,29.75
2025-09-08,154,21.06
2025-09-10,154,26.52
2025-09-12,154,26.65
2025-09-16,154,30.3
2025-09-17,154,30.33
2025-09-25,154,21.88
2025-09-26,154,24.87
2025-09-29,154,25.81
2025-09-30,154,31.56
2025-10-02,154,27.11
2025-10-04,154,27.61
2025-10-05,154,20.33
2025-10-06,154,32.19
2025-10-09,154,30.29
2025-10-14,154,27.26
2025-10-16,154,30.67
2025-10-17,154,24.67
2025-10-20,154,21.58
2025-10-21,154,28.62
2025-10-22,154,27.29
2025-10-23,154,27.59
2025-10-24,154,23.15
2025-10-27,154,23.14
2025-10-28,154,26.31
2025-10-30,154,19.23
2025-10-31,154,20.36
2025-11-01,154,31.31
2025-11-02,154,18.6
2025-11-03,154,31.62
2025-11-06,154,17.56
2025-11-07,154,19.38
2025-11-10,154,23.45
2025-11-19,154,29.98
2025-11-21,154,23.81
2025-11-22,154,30.15
2025-11-24,154,23.67
2025-11-26,154,20.2
2025-11-28,154,17.93
2025-11-29,154,24.33
2025-12-02,154,29.13
2025-12-03,154,24.6
2025-12-05,154,31.95
2025-12-08,154,23.95
2025-12-09,154,19.3
2025-12-10,154,26.7
2025-12-15,154,19.03
2025-12-16,154,18.54
2025-12-17,154,25.99
2025-12-18,154,29.13
2025-12-20,154,32.26
2025-12-22,154,22.75
2025-12-25,154,30.33
2025-12-27,154,28.86
2025-12-29,154,23.24
2025-12-30,154,28.21
2025-01-01,155,30.66
2025-01-02,155,20.34
2025-01-03,155,21.56
2025-01-05,155,22.24
2025-01-06,155,36.55
2025-01-07,155,31.73
2025-01-13,155,21.43
2025-01-16,155,34.04
2025-01-18,155,36.55
2025-01-20,155,34.18
2025-01-21,155,24.81
2025-01-23,155,29.43
2025-01-24,155,31.69
2025-01-25,155,21.29
2025-01-28,155,36.2
2025-01-30,155,30.78
2025-02-02,155,21.54
2025-02-03,155,34.96
2025-02-07,155,28.49
2025-02-09,155,26.8
2025-02-10,155,21.61
2025-02-11,155,29.13
2025-02-13,155,22.55
2025-02-14,155,26.6
2025-02-18,155,26.92
2025-02-19,155,30.57
2025-02-21,155,24.57
2025-02-26,155,20.59
2025-02-28,155,35.57
2025-03-03,155,29.87
2025-03-05,155,29.13
2025-03-06,155,36.64
2025-03-14,155,31.43
2025-03-19,155,35.21
2025-03-20,155,28.6
2025-03-21,155,21.55
2025-03-23,155,23.84
2025-03-26,155,34.66
2025-03-27,155,31.78
2025-04-03,155,37.24
2025-04-04,155,22.63
2025-04-05,155,27.93
2025-04-07,155,23.96
2025-04-08,155,34.34
2025-04-09,155,37.55
2025-04-12,155,30.03
2025-04-17,155,35.43
2025-04-18,155,24.71
2025-04-21,155,33.8
2025-04-22,155,37.17
2025-04-23,155,23.38
2025-04-24,155,20.6
2025-04-27,155,24.95
2025-04-29,155,30.62
2025-05-01,155,22.84
2025-05-02,155,30.1
2025-05-05,155,35.39
2025-05-06,155,30.57
2025-05-07,155,25.53
2025-05-11,155,31.9
2025-05-12,155,22.0
2025-05-13,155,32.44
2025-05-14,155,26.95
2025-05-15,155,30.78
2025-05-16,155,20.37
2025-05-17,155,26.7
2025-05-20,155,22.07
2025-05-21,155,35.9
2025-05-22,155,22.39
2025-05-26,155,35.42
2025-05-27,155,24.71
2025-05-29,155,29.88
2025-05-30,155,26.59
2025-06-03,155,31.27
2025-06-04,155,31.72
2025-06-09,155,34.87
2025-06-10,155,35.29
2025-06-11,155,29.93
2025-06-12,155,28.0
2025-06-15,155,34.61
2025-06-16,155,31.98
2025-06-18,155,27.36
2025-06-19,155,23.41
2025-06-20,155,23.84
2025-06-21,155,31.2
2025-06-23,155,26.97
2025-06-24,155,30.72
2025-06-27,155,28.83
2025-06-30,155,24.23
2025-07-01,155,33.04
2025-07-02,155,27.6
2025-07-03,155,37.39
2025-07-06,155,27.93
2025-07-07,155,23.21
2025-07-08,155,37.12
2025-07-09,155,23.96
2025-07-10,155,28.61
2025-07-11,155,25.61
2025-07-12,155,21.87
2025-07-14,155,23.94
2025-07-16,155,37.23
2025-07-21,155,35.42
2025-07-24,155,28.37
2025-07-25,155,22.98
2025-07-28,155,21.66
2025-08-01,155,33.33
2025-08-04,155,21.41
2025-08-05,155,21.13
2025-08-06,155,25.14
2025-08-07,155,35.14
2025-08-12,155,27.98
2025-08-13,155,25.86
2025-08-14,155,28.68
2025-08-18,155,26.03
2025-08-19,155,24.53
2025-08-20,155,28.87
2025-08-22,155,27.34
2025-08-23,155,31.38
2025-08-25,155,29.57
2025-08-27,155,23.53
2025-08-29,155,32.95
2025-08-30,155,37.55
2025-08-31,155,33.81
2025-09-01,155,25.93
2025-09-03,155,26.86
2025-09-04,155,21.64
2025-09-05,155,30.63
2025-09-06,155,24.23
2025-09-08,155,33.32
2025-09-12,155,22.88
2025-09-14,155,28.58
2025-09-17,155,24.16
2025-09-19,155,37.6
2025-09-23,155,27.02
2025-09-25,155,21.34
2025-09-26,155,32.2
2025-09-27,155,30.17
2025-09-30,155,22.73
2025-10-02,155,34.71
2025-10-03,155,20.36
2025-10-06,155,37.11
2025-10-08,155,27.54
2025-10-10,155,36.43
2025-10-11,155,20.71
2025-10-13,155,24.35
2025-10-14,155,27.55
2025-10-15,155,32.68
2025-10-17,155,29.23
2025-10-23,155,30.09
2025-10-24,155,28.96
2025-10-26,155,30.64
2025-10-27,155,35.41
2025-10-28,155,26.09
2025-10-29,155,27.78
2025-10-31,155,31.36
2025-11-02,155,33.44
2025-11-04,155,22.65
2025-11-05,155,23.62
2025-11-07,155,20.69
2025-11-11,155,28.27
2025-11-13,155,33.78
2025-11-15,155,24.34
2025-11-19,155,25.57
2025-11-22,155,28.47
2025-11-24,155,35.17
2025-11-25,155,34.87
2025-11-26,155,37.4
2025-11-27,155,25.5
2025-11-30,155,24.69
2025-12-02,155,27.45
2025-12-03,155,35.44
2025-12-04,155,35.65
2025-12-08,155,33.14
2025-12-12,155,24.34
2025-12-14,155,28.8
2025-12-15,155,36.56
2025-12-16,155,22.9
2025-12-17,155,26.05
2025-12-18,155,28.29
2025-12-19,155,34.8
2025-12-22,155,33.66
2025-12-23,155,31.98
2025-12-26,155,26.69
2025-12-31,155,22.67
2025-01-02,156,43.82
2025-01-06,156,30.63
2025-01-07,156,51.43
2025-01-09,156,39.45
2025-01-10,156,43.95
2025-01-15,156,45.88
2025-01-21,156,35.87
2025-01-22,156,46.87
2025-01-24,156,34.05
2025-01-25,156,28.16
2025-01-27,156,51.14
2025-01-29,156,32.77
2025-01-30,156,29.72
2025-02-03,156,50.51
2025-02-04,156,30.44
2025-02-05,156,46.44
2025-02-06,156,51.97
2025-02-10,156,50.37
2025-02-11,156,39.68
2025-02-12,156,36.61
2025-02-16,156,47.85
2025-02-17,156,42.18
2025-02-19,156,45.96
2025-02-20,156,34.69
2025-02-21,156,46.79
2025-02-24,156,35.63
2025-02-28,156,28.7
2025-03-04,156,49.44
2025-03-05,156,47.91
2025-03-07,156,43.01
2025-03-08,156,35.52
2025-03-10,156,38.4
2025-03-13,156,30.96
2025-03-14,156,47.74
2025-03-17,156,38.6
2025-03-21,156,45.88
2025-03-23,156,30.19
2025-03-24,156,29.91
2025-03-25,156,51.17
2025-03-31,156,46.03
2025-04-01,156,50.69
2025-04-07,156,28.05
2025-04-08,156,43.35
2025-04-10,156,29.1
2025-04-12,156,44.52
2025-04-13,156,49.63
2025-04-15,156,34.53
2025-04-18,156,35.38
2025-04-21,156,47.91
2025-04-22,156,28.3
2025-04-23,156,42.23
2025-04-25,156,39.94
2025-04-27,156,32.33
2025-04-29,156,43.37
2025-04-30,156,50.96
2025-05-08,156,43.89
2025-05-11,156,30.51
2025-05-13,156,49.37
2025-05-14,156,32.86
2025-05-15,156,45.38
2025-05-17,156,51.55
2025-05-19,156,40.72
2025-05-20,156,51.81
2025-05-21,156,49.65
2025-05-22,156,45.19
2025-05-25,156,47.14
2025-05-27,156,36.96
2025-05-30,156,48.23
2025-06-04,156,41.4
2025-06-07,156,37.63
2025-06-09,156,38.99
2025-06-10,156,49.68
2025-06-12,156,50.83
2025-06-13,156,29.39
2025-06-15,156,51.96
2025-06-16,156,35.35
2025-06-18,156,30.69
2025-06-19,156,49.49
2025-06-20,156,45.9
2025-06-23,156,36.49
2025-06-25,156,34.65
2025-06-27,156,43.93
2025-06-30,156,34.6
2025-07-03,156,31.46
2025-07-04,156,41.91
2025-07-07,156,45.37
2025-07-08,156,44.86
2025-07-10,156,44.73
2025-07-11,156,29.63
2025-07-12,156,44.86
2025-07-13,156,51.92
2025-07-14,156,35.5
2025-07-16,156,29.27
2025-07-17,156,32.3
2025-07-18,156,43.07
2025-07-24,156,29.97
2025-07-25,156,50.15
2025-07-28,156,41.66
2025-07-30,156,33.54
2025-08-01,156,34.0
2025-08-04,156,39.34
2025-08-06,156,38.58
2025-08-09,156,45.99
2025-08-11,156,46.14
2025-08-12,156,32.97
2025-08-14,156,43.1
2025-08-15,156,33.45
2025-08-16,156,31.75
2025-08-18,156,48.28
2025-08-22,156,33.92
2025-08-28,156,47.61
2025-08-29,156,29.63
2025-08-30,156,31.64
2025-09-02,156,40.41
2025-09-05,156,40.56
2025-09-08,156,29.54
2025-09-09,156,42.83
2025-09-10,156,31.56
2025-09-11,156,33.55
2025-09-15,156,28.64
2025-09-17,156,34.45
2025-09-19,156,44.61
2025-09-20,156,42.05
2025-09-22,156,49.17
2025-09-23,156,45.78
2025-09-26,156,28.08
2025-09-27,156,41.03
2025-09-28,156,29.09
2025-09-29,156,33.6
2025-10-01,156,34.51
2025-10-06,156,33.74
2025-10-08,156,39.54
2025-10-09,156,45.74
2025-10-14,156,43.26
2025-10-19,156,50.29
2025-10-22,156,36.86
2025-10-23,156,35.0
2025-10-24,156,42.83
2025-10-26,156,29.6
2025-10-29,156,28.59
2025-10-31,156,29.39
2025-11-04,156,36.83
2025-11-05,156,36.98
2025-11-06,156,43.24
2025-11-07,156,44.18
2025-11-10,156,35.89
2025-11-12,156,38.72
2025-11-14,156,29.31
2025-11-18,156,28.54
2025-11-21,156,34.12
2025-11-23,156,51.37
2025-11-24,156,44.91
2025-11-25,156,35.4
2025-11-27,156,43.26
2025-11-28,156,51.94
2025-11-29,156,32.39
2025-11-30,156,48.89
2025-12-01,156,33.92
2025-12-02,156,51.5
2025-12-05,156,28.16
2025-12-07,156,29.58
2025-12-08,156,34.69
2025-12-10,156,51.49
2025-12-11,156,35.2
2025-12-15,156,49.13
2025-12-19,156,38.62
2025-12-20,156,42.2
2025-12-21,156,35.16
2025-12-24,156,47.06
2025-12-25,156,40.69
2025-12-26,156,49.32
2025-12-27,156,29.54
2025-12-30,156,31.51
2025-12-31,156,39.91
2025-01-01,157,28.21
2025-01-02,157,36.12
2025-01-03,157,29.65
2025-01-07,157,37.57
2025-01-09,157,41.16
2025-01-13,157,32.94
2025-01-14,157,41.28
2025-01-15,157,30.04
2025-01-20,157,28.78
2025-01-21,157,29.7
2025-01-22,157,40.42
2025-01-23,157,31.97
2025-01-29,157,24.9
2025-01-30,157,28.81
2025-01-31,157,30.29
2025-02-03,157,27.55
2025-02-05,157,38.05
2025-02-06,157,43.24
2025-02-07,157,31.84
2025-02-10,157,32.29
2025-02-14,157,39.96
2025-02-16,157,34.01
2025-02-17,157,26.69
2025-02-18,157,44.28
2025-02-20,157,28.84
2025-02-21,157,38.86
2025-02-26,157,45.21
2025-02-27,157,45.08
2025-02-28,157,42.12
2025-03-01,157,42.59
2025-03-02,157,43.19
2025-03-03,157,42.59
2025-03-04,157,39.37
2025-03-06,157,42.66
2025-03-10,157,39.85
2025-03-12,157,33.49
2025-03-13,157,28.41
2025-03-14,157,35.97
2025-03-15,157,41.05
2025-03-17,157,39.26
2025-03-19,157,37.02
2025-03-21,157,38.99
2025-03-22,157,29.99
2025-03-25,157,38.6
2025-03-27,157,35.41
2025-03-28,157,37.13
2025-04-01,157,25.96
2025-04-04,157,33.39
2025-04-08,157,35.93
2025-04-09,157,39.7
2025-04-11,157,30.26
2025-04-15,157,36.12
2025-04-18,157,25.82
2025-04-21,157,34.58
2025-04-23,157,29.26
2025-04-25,157,37.28
2025-04-28,157,33.66
2025-04-30,157,28.52
2025-05-02,157,32.53
2025-05-05,157,43.71
2025-05-07,157,35.25
2025-05-09,157,39.08
2025-05-10,157,32.9
2025-05-13,157,39.61
2025-05-14,157,40.06
2025-05-19,157,32.36
2025-05-20,157,41.26
2025-05-22,157,34.79
2025-05-26,157,27.74
2025-05-27,157,33.0
2025-05-28,157,44.46
2025-05-29,157,28.48
2025-05-30,157,31.75
2025-06-02,157,44.57
2025-06-03,157,33.63
2025-06-04,157,42.7
2025-06-05,157,44.61
2025-06-06,157,45.37
2025-06-09,157,42.05
2025-06-10,157,42.42
2025-06-12,157,43.96
2025-06-13,157,41.86
2025-06-14,157,39.57
2025-06-16,157,28.62
2025-06-17,157,32.06
2025-06-18,157,34.93
2025-06-23,157,39.53
2025-06-24,157,35.95
2025-06-25,157,26.87
2025-06-26,157,29.74
2025-06-27,157,26.22
2025-06-28,157,38.04
2025-06-30,157,36.55
2025-07-01,157,35.87
2025-07-02,157,25.46
2025-07-03,157,27.87
2025-07-06,157,32.83
2025-07-07,157,39.51
2025-07-08,157,33.7
2025-07-09,157,38.46
2025-07-10,157,33.04
2025-07-11,157,45.27
2025-07-13,157,33.82
2025-07-14,157,29.25
2025-07-15,157,36.46
2025-07-17,157,37.75
2025-07-18,157,34.09
2025-07-19,157,28.75
2025-07-21,157,35.45
2025-07-22,157,37.87
2025-07-24,157,34.21
2025-07-25,157,43.61
2025-07-29,157,42.28
2025-07-30,157,40.11
2025-07-31,157,39.83
2025-08-01,157,43.99
2025-08-03,157,34.0
2025-08-07,157,28.35
2025-08-14,157,37.6
2025-08-20,157,40.28
2025-08-21,157,40.48
2025-08-25,157,39.72
2025-08-26,157,26.13
2025-08-27,157,28.55
2025-08-29,157,37.25
2025-08-31,157,42.76
2025-09-03,157,31.89
2025-09-05,157,41.97
2025-09-09,157,29.27
2025-09-10,157,34.99
2025-09-11,157,24.6
2025-09-12,157,34.08
2025-09-15,157,45.02
2025-09-17,157,25.01
2025-09-18,157,33.31
2025-09-19,157,34.45
2025-09-22,157,38.69
2025-09-23,157,31.91
2025-09-24,157,30.88
2025-09-26,157,40.76
2025-10-01,157,29.46
2025-10-06,157,29.3
2025-10-07,157,28.07
2025-10-13,157,27.74
2025-10-14,157,41.41
2025-10-15,157,39.3
2025-10-16,157,33.59
2025-10-17,157,35.07
2025-10-18,157,42.23
2025-10-20,157,35.71
2025-10-22,157,36.13
2025-10-24,157,37.54
2025-10-28,157,40.72
2025-10-29,157,29.9
2025-10-30,157,32.02
2025-10-31,157,26.87
2025-11-01,157,32.45
2025-11-05,157,39.83
2025-11-06,157,35.49
2025-11-07,157,35.46
2025-11-11,157,41.27
2025-11-12,157,45.34
2025-11-14,157,42.31
2025-11-17,157,39.43
2025-11-20,157,36.12
2025-11-21,157,35.33
2025-11-26,157,35.97
2025-12-03,157,36.44
2025-12-04,157,42.41
2025-12-05,157,30.82
2025-12-08,157,27.74
2025-12-09,157,39.92
2025-12-10,157,36.33
2025-12-11,157,44.04
2025-12-13,157,45.03
2025-12-15,157,25.37
2025-12-18,157,44.49
2025-12-20,157,32.88
2025-12-21,157,30.97
2025-12-22,157,25.83
2025-12-23,157,27.67
2025-12-28,157,37.15
2025-12-29,157,45.34
2025-01-01,158,7.88
2025-01-03,158,10.2
2025-01-06,158,12.52
2025-01-09,158,9.13
2025-01-13,158,10.51
2025-01-14,158,13.05
2025-01-15,158,11.09
2025-01-16,158,13.48
2025-01-17,158,12.23
2025-01-20,158,13.01
2025-01-21,158,11.74
2025-01-23,158,13.07
2025-01-26,158,13.72
2025-01-27,158,10.82
2025-01-29,158,7.73
2025-01-31,158,8.29
2025-02-01,158,11.65
2025-02-10,158,9.99
2025-02-11,158,14.08
2025-02-13,158,9.39
2025-02-17,158,7.97
2025-02-20,158,7.72
2025-02-21,158,12.11
2025-02-26,158,9.32
2025-02-27,158,8.9
2025-03-02,158,10.8
2025-03-03,158,12.0
2025-03-04,158,9.55
2025-03-07,158,9.25
2025-03-10,158,10.79
2025-03-12,158,8.01
2025-03-16,158,13.64
2025-03-17,158,9.1
2025-03-18,158,13.79
2025-03-23,158,9.52
2025-03-24,158,12.87
2025-03-25,158,8.85
2025-03-27,158,10.97
2025-03-28,158,12.11
2025-03-31,158,11.6
2025-04-01,158,8.05
2025-04-03,158,8.32
2025-04-04,158,9.79
2025-04-08,158,9.88
2025-04-09,158,12.92
2025-04-11,158,10.68
2025-04-14,158,7.83
2025-04-16,158,9.66
2025-04-18,158,10.35
2025-04-24,158,8.16
2025-04-25,158,9.77
2025-04-26,158,8.17
2025-04-27,158,10.19
2025-04-30,158,12.98
2025-05-01,158,10.46
2025-05-02,158,13.82
2025-05-05,158,12.75
2025-05-06,158,10.46
2025-05-07,158,8.23
2025-05-08,158,10.21
2025-05-12,158,10.19
2025-05-13,158,8.3
2025-05-20,158,13.32
2025-05-21,158,13.0
2025-05-23,158,10.86
2025-05-30,158,9.59
2025-06-01,158,11.38
2025-06-02,158,13.02
2025-06-03,158,11.67
2025-06-05,158,11.47
2025-06-07,158,8.38
2025-06-09,158,10.22
2025-06-11,158,13.99
2025-06-12,158,9.96
2025-06-14,158,10.25
2025-06-17,158,10.05
2025-06-18,158,12.53
2025-06-19,158,11.18
2025-06-20,158,10.33
2025-06-21,158,9.74
2025-06-24,158,12.08
2025-06-25,158,13.01
2025-06-26,158,14.26
2025-06-27,158,11.53
2025-07-01,158,11.64
2025-07-02,158,10.45
2025-07-03,158,8.71
2025-07-05,158,13.17
2025-07-08,158,8.32
2025-07-09,158,12.85
2025-07-10,158,9.75
2025-07-12,158,9.41
2025-07-14,158,9.15
2025-07-15,158,13.74
2025-07-16,158,9.11
2025-07-18,158,8.11
2025-07-21,158,12.27
2025-07-22,158,12.38
2025-07-23,158,10.47
2025-07-25,158,7.96
2025-07-27,158,13.56
2025-07-29,158,12.36
2025-07-30,158,12.74
2025-08-01,158,10.98
2025-08-06,158,10.43
2025-08-08,158,13.05
2025-08-11,158,12.59
2025-08-12,158,9.91
2025-08-15,158,14.04
2025-08-19,158,10.42
2025-08-20,158,9.0
2025-08-21,158,10.62
2025-08-22,158,13.24
2025-08-23,158,12.68
2025-08-26,158,9.8
2025-08-28,158,9.88
2025-08-31,158,12.23
2025-09-01,158,10.74
2025-09-02,158,11.05
2025-09-03,158,10.35
2025-09-05,158,11.64
2025-09-09,158,13.25
2025-09-10,158,11.86
2025-09-11,158,12.06
2025-09-13,158,13.3
2025-09-14,158,8.86
2025-09-16,158,12.15
2025-09-17,158,9.34
2025-09-19,158,11.49
2025-09-23,158,12.33
2025-09-26,158,12.72
2025-09-27,158,7.88
2025-09-30,158,8.02
2025-10-01,158,9.04
2025-10-02,158,13.78
2025-10-09,158,12.93
2025-10-13,158,13.84
2025-10-15,158,13.95
2025-10-19,158,9.42
2025-10-20,158,8.32
2025-10-21,158,10.09
2025-10-22,158,10.0
2025-10-23,158,8.93
2025-10-24,158,13.57
2025-10-29,158,12.69
2025-10-31,158,8.16
2025-11-03,158,13.75
2025-11-05,158,12.81
2025-11-07,158,8.35
2025-11-09,158,10.86
2025-11-10,158,13.82
2025-11-11,158,8.47
2025-11-13,158,8.57
2025-11-14,158,11.63
2025-11-15,158,10.19
2025-11-17,158,13.15
2025-11-20,158,10.82
2025-11-22,158,12.08
2025-11-23,158,9.6
2025-11-27,158,12.11
2025-11-28,158,14.07
2025-12-02,158,7.76
2025-12-05,158,13.18
2025-12-09,158,10.62
2025-12-10,158,13.99
2025-12-11,158,9.65
2025-12-13,158,11.28
2025-12-14,158,7.85
2025-12-19,158,10.86
2025-12-20,158,8.25
2025-12-23,158,9.44
2025-01-01,159,28.64
2025-01-02,159,34.38
2025-01-03,159,41.39
2025-01-06,159,47.73
2025-01-09,159,29.08
2025-01-10,159,37.84
2025-01-13,159,43.13
2025-01-16,159,40.38
2025-01-20,159,47.04
2025-01-21,159,49.9
2025-01-24,159,37.97
2025-01-25,159,50.57
2025-01-27,159,34.71
2025-01-30,159,37.25
2025-02-02,159,45.05
2025-02-04,159,49.74
2025-02-05,159,48.58
2025-02-06,159,37.01
2025-02-07,159,47.15
2025-02-08,159,34.95
2025-02-09,159,45.09
2025-02-11,159,44.85
2025-02-12,159,35.53
2025-02-16,159,31.18
2025-02-17,159,30.48
2025-02-18,159,40.74
2025-02-19,159,37.95
2025-02-20,159,44.29
2025-02-21,159,46.65
2025-02-24,159,32.96
2025-03-03,159,32.89
2025-03-04,159,45.4
2025-03-05,159,37.69
2025-03-06,159,46.69
2025-03-07,159,49.57
2025-03-08,159,45.81
2025-03-11,159,37.66
2025-03-12,159,48.03
2025-03-13,159,51.74
2025-03-14,159,38.51
2025-03-17,159,34.57
2025-03-18,159,46.5
2025-03-20,159,40.75
2025-03-21,159,41.7
2025-03-24,159,35.89
2025-03-25,159,31.85
2025-03-27,159,46.13
2025-03-31,159,31.88
2025-04-03,159,44.64
2025-04-04,159,44.11
2025-04-06,159,46.79
2025-04-07,159,51.52
2025-04-10,159,35.15
2025-04-11,159,30.48
2025-04-14,159,51.47
2025-04-15,159,31.36
2025-04-18,159,51.21
2025-04-20,159,36.27
2025-04-22,159,31.16
2025-04-24,159,42.73
2025-04-25,159,46.51
2025-04-28,159,31.52
2025-05-01,159,45.9
2025-05-02,159,30.33
2025-05-03,159,39.44
2025-05-05,159,40.77
2025-05-08,159,31.17
2025-05-13,159,32.16
2025-05-14,159,49.07
2025-05-15,159,48.11
2025-05-19,159,28.96
2025-05-21,159,49.48
2025-05-22,159,51.35
2025-05-26,159,50.81
2025-05-28,159,48.7
2025-05-29,159,50.48
2025-05-30,159,45.59
2025-06-02,159,41.38
2025-06-05,159,34.52
2025-06-07,159,51.4
2025-06-09,159,40.6
2025-06-10,159,31.66
2025-06-11,159,51.73
2025-06-12,159,40.87
2025-06-16,159,34.0
2025-06-18,159,43.31
2025-06-19,159,32.34
2025-06-20,159,44.39
2025-06-21,159,40.55
2025-06-24,159,49.97
2025-06-27,159,51.64
2025-07-03,159,50.99
2025-07-04,159,50.65
2025-07-07,159,41.84
2025-07-08,159,49.13
2025-07-13,159,35.33
2025-07-14,159,34.06
2025-07-15,159,38.93
2025-07-17,159,31.64
2025-07-20,159,43.81
2025-07-21,159,28.38
2025-07-23,159,28.05
2025-07-25,159,47.31
2025-07-26,159,40.26
2025-07-27,159,37.83
2025-07-28,159,43.32
2025-07-30,159,29.22
2025-07-31,159,49.91
2025-08-06,159,45.99
2025-08-08,159,30.26
2025-08-11,159,39.55
2025-08-12,159,28.4
2025-08-13,159,37.79
2025-08-14,159,44.21
2025-08-18,159,35.22
2025-08-20,159,47.62
2025-08-22,159,45.52
2025-08-25,159,32.08
2025-08-26,159,51.12
2025-08-27,159,38.58
2025-08-28,159,47.08
2025-08-29,159,32.22
2025-09-01,159,47.52
2025-09-04,159,34.16
2025-09-05,159,39.38
2025-09-08,159,41.69
2025-09-09,159,49.8
2025-09-12,159,47.74
2025-09-16,159,47.63
2025-09-17,159,41.92
2025-09-20,159,46.1
2025-09-21,159,50.44
2025-09-22,159,39.08
2025-09-25,159,29.66
2025-09-29,159,31.77
2025-09-30,159,32.65
2025-10-01,159,47.06
2025-10-02,159,35.29
2025-10-03,159,33.46
2025-10-07,159,50.21
2025-10-08,159,40.93
2025-10-09,159,50.75
2025-10-10,159,41.12
2025-10-13,159,47.32
2025-10-15,159,39.83
2025-10-16,159,43.81
2025-10-21,159,43.57
2025-10-22,159,33.58
2025-10-23,159,39.1
2025-10-24,159,33.26
2025-10-25,159,35.51
2025-10-27,159,33.79
2025-10-30,159,50.4
2025-11-02,159,37.94
2025-11-04,159,29.31
2025-11-08,159,51.09
2025-11-11,159,44.14
2025-11-13,159,38.69
2025-11-14,159,43.72
2025-11-17,159,36.11
2025-11-20,159,33.79
2025-11-21,159,30.02
2025-11-25,159,37.12
2025-11-26,159,32.86
2025-11-27,159,47.31
2025-11-28,159,33.47
2025-11-30,159,40.74
2025-12-01,159,48.4
2025-12-06,159,46.7
2025-12-08,159,34.89
2025-12-09,159,49.18
2025-12-10,159,38.76
2025-12-15,159,42.68
2025-12-17,159,36.48
2025-12-18,159,40.97
2025-12-19,159,49.18
2025-12-21,159,49.42
2025-12-24,159,48.52
2025-12-25,159,44.71
2025-12-26,159,45.14
2025-12-27,159,45.64
2025-12-29,159,41.71
2025-12-30,159,33.69
2025-12-31,159,51.81
2025-01-01,160,11.52
2025-01-02,160,15.64
2025-01-04,160,17.17
2025-01-06,160,11.53
2025-01-07,160,17.77
2025-01-09,160,11.64
2025-01-10,160,20.25
2025-01-11,160,16.98
2025-01-12,160,11.84
2025-01-13,160,20.2
2025-01-15,160,11.83
2025-01-16,160,11.71
2025-01-17,160,18.88
2025-01-21,160,18.79
2025-01-22,160,13.13
2025-01-24,160,11.24
2025-01-31,160,15.08
2025-02-02,160,14.21
2025-02-04,160,20.09
2025-02-05,160,13.31
2025-02-06,160,17.8
2025-02-07,160,13.48
2025-02-11,160,20.53
2025-02-12,160,13.91
2025-02-15,160,17.63
2025-02-16,160,20.41
2025-02-17,160,12.42
2025-02-18,160,19.64
2025-02-20,160,12.04
2025-02-21,160,18.5
2025-02-25,160,14.47
2025-02-27,160,19.53
2025-02-28,160,15.89
2025-03-01,160,12.33
2025-03-02,160,14.5
2025-03-03,160,15.59
2025-03-04,160,13.82
2025-03-05,160,19.4
2025-03-09,160,17.85
2025-03-10,160,20.19
2025-03-11,160,14.56
2025-03-14,160,11.65
2025-03-16,160,19.38
2025-03-18,160,13.31
2025-03-19,160,11.9
2025-03-20,160,18.21
2025-03-21,160,14.91
2025-03-22,160,13.47
2025-03-25,160,20.22
2025-03-26,160,19.16
2025-03-27,160,19.54
2025-03-31,160,16.5
2025-04-01,160,18.8
2025-04-03,160,12.66
2025-04-04,160,17.66
2025-04-05,160,14.3
2025-04-07,160,19.86
2025-04-09,160,18.57
2025-04-11,160,14.04
2025-04-14,160,18.74
2025-04-15,160,11.22
2025-04-16,160,15.64
2025-04-17,160,14.83
2025-04-18,160,14.51
2025-04-21,160,17.74
2025-04-23,160,12.41
2025-04-25,160,14.45
2025-04-29,160,19.6
2025-05-01,160,12.73
2025-05-02,160,13.06
2025-05-05,160,19.01
2025-05-06,160,11.78
2025-05-07,160,20.62
2025-05-10,160,13.58
2025-05-11,160,19.09
2025-05-12,160,15.14
2025-05-13,160,20.13
2025-05-19,160,14.54
2025-05-20,160,17.84
2025-05-21,160,16.48
2025-05-23,160,15.27
2025-05-25,160,12.66
2025-05-26,160,18.42
2025-05-27,160,15.26
2025-05-31,160,14.14
2025-06-01,160,11.79
2025-06-02,160,14.28
2025-06-03,160,14.58
2025-06-06,160,17.53
2025-06-10,160,16.47
2025-06-11,160,16.37
2025-06-14,160,15.14
2025-06-17,160,12.79
2025-06-18,160,12.69
2025-06-23,160,20.11
2025-06-25,160,15.64
2025-06-27,160,20.68
2025-06-30,160,12.24
2025-07-03,160,19.4
2025-07-07,160,11.54
2025-07-08,160,18.69
2025-07-09,160,17.06
2025-07-11,160,11.48
2025-07-14,160,11.4
2025-07-15,160,11.52
2025-07-16,160,13.42
2025-07-17,160,17.27
2025-07-18,160,17.67
2025-07-22,160,14.35
2025-07-28,160,17.47
2025-07-29,160,15.71
2025-07-31,160,18.08
2025-08-03,160,12.29
2025-08-05,160,15.88
2025-08-06,160,18.99
2025-08-07,160,12.02
2025-08-08,160,13.49
2025-08-11,160,19.21
2025-08-13,160,11.95
2025-08-17,160,13.34
2025-08-18,160,12.69
2025-08-19,160,19.0
2025-08-20,160,11.31
2025-08-22,160,13.08
2025-08-23,160,16.75
2025-08-25,160,11.68
2025-08-26,160,18.7
2025-08-28,160,18.0
2025-08-29,160,11.53
2025-09-02,160,20.11
2025-09-03,160,13.29
2025-09-04,160,20.28
2025-09-06,160,13.36
2025-09-10,160,13.1
2025-09-11,160,19.29
2025-09-12,160,19.5
2025-09-15,160,18.99
2025-09-17,160,12.56
2025-09-18,160,19.53
2025-09-19,160,13.42
2025-09-24,160,19.48
2025-09-25,160,17.51
2025-09-26,160,20.62
2025-09-28,160,13.16
2025-09-30,160,14.42
2025-10-01,160,13.17
2025-10-05,160,11.96
2025-10-06,160,18.81
2025-10-07,160,13.51
2025-10-08,160,15.83
2025-10-09,160,15.09
2025-10-14,160,19.76
2025-10-15,160,14.34
2025-10-16,160,13.8
2025-10-17,160,11.95
2025-10-21,160,18.03
2025-10-23,160,15.33
2025-10-24,160,11.36
2025-10-26,160,19.44
2025-10-28,160,14.35
2025-10-29,160,18.86
2025-10-31,160,18.74
2025-11-02,160,18.59
2025-11-03,160,12.87
2025-11-04,160,16.51
2025-11-05,160,19.86
2025-11-06,160,16.98
2025-11-07,160,19.59
2025-11-08,160,12.0
2025-11-10,160,19.95
2025-11-11,160,17.0
2025-11-14,160,12.4
2025-11-16,160,18.18
2025-11-19,160,18.88
2025-11-21,160,16.63
2025-11-25,160,19.21
2025-11-26,160,17.04
2025-11-27,160,16.46
2025-11-28,160,16.57
2025-12-02,160,16.12
2025-12-04,160,15.15
2025-12-05,160,17.12
2025-12-06,160,16.01
2025-12-07,160,13.06
2025-12-08,160,14.63
2025-12-12,160,14.21
2025-12-16,160,14.08
2025-12-19,160,11.62
2025-12-22,160,17.21
2025-12-23,160,19.91
2025-12-24,160,15.48
2025-12-25,160,18.93
2025-12-26,160,18.13
2025-12-27,160,19.53
2025-12-29,160,15.83
2025-01-02,161,11.9
2025-01-03,161,11.06
2025-01-06,161,7.98
2025-01-07,161,9.16
2025-01-08,161,7.89
2025-01-13,161,8.36
2025-01-14,161,11.54
2025-01-17,161,12.12
2025-01-20,161,13.03
2025-01-23,161,12.26
2025-01-27,161,12.69
2025-01-28,161,11.41
2025-01-30,161,10.26
2025-02-02,161,8.25
2025-02-03,161,7.84
2025-02-04,161,11.74
2025-02-05,161,13.43
2025-02-07,161,7.97
2025-02-10,161,13.34
2025-02-12,161,12.78
2025-02-13,161,14.01
2025-02-14,161,14.2
2025-02-20,161,10.4
2025-02-21,161,12.37
2025-02-24,161,12.41
2025-02-25,161,12.41
2025-02-27,161,11.23
2025-02-28,161,10.55
2025-03-03,161,8.3
2025-03-05,161,8.47
2025-03-06,161,11.53
2025-03-08,161,12.74
2025-03-10,161,7.74
2025-03-12,161,8.76
2025-03-13,161,9.65
2025-03-17,161,9.3
2025-03-18,161,9.42
2025-03-20,161,13.47
2025-03-21,161,12.08
2025-03-24,161,10.82
2025-03-25,161,12.98
2025-03-26,161,7.98
2025-03-30,161,8.66
2025-04-01,161,11.02
2025-04-02,161,9.52
2025-04-03,161,9.68
2025-04-06,161,12.68
2025-04-07,161,9.13
2025-04-11,161,12.64
2025-04-14,161,11.88
2025-04-15,161,8.73
2025-04-16,161,7.78
2025-04-21,161,13.17
2025-04-22,161,7.81
2025-04-23,161,10.63
2025-04-24,161,10.7
2025-04-25,161,9.13
2025-04-29,161,8.79
2025-05-01,161,13.25
2025-05-02,161,10.23
2025-05-03,161,12.28
2025-05-05,161,10.01
2025-05-07,161,12.38
2025-05-14,161,8.08
2025-05-15,161,8.9
2025-05-16,161,11.35
2025-05-17,161,14.08
2025-05-18,161,8.8
2025-05-19,161,8.9
2025-05-22,161,10.01
2025-05-28,161,10.72
2025-05-29,161,8.28
2025-06-02,161,8.07
2025-06-05,161,12.32
2025-06-06,161,10.4
2025-06-08,161,14.25
2025-06-09,161,14.08
2025-06-12,161,14.04
2025-06-13,161,8.6
2025-06-17,161,13.09
2025-06-20,161,13.49
2025-06-26,161,12.42
2025-06-27,161,12.46
2025-07-01,161,9.04
2025-07-02,161,9.83
2025-07-03,161,12.55
2025-07-04,161,12.0
2025-07-10,161,8.7
2025-07-11,161,9.56
2025-07-12,161,11.72
2025-07-13,161,10.66
2025-07-14,161,11.96
2025-07-15,161,13.43
2025-07-16,161,12.25
2025-07-17,161,9.46
2025-07-18,161,13.61
2025-07-21,161,7.75
2025-07-23,161,10.83
2025-07-24,161,13.07
2025-07-25,161,12.03
2025-07-26,161,13.76
2025-07-27,161,13.57
2025-07-28,161,12.01
2025-07-31,161,11.19
2025-08-01,161,12.03
2025-08-05,161,10.21
2025-08-06,161,8.3
2025-08-07,161,12.36
2025-08-12,161,8.61
2025-08-14,161,14.15
2025-08-15,161,12.5
2025-08-19,161,8.08
2025-08-21,161,11.04
2025-08-25,161,8.31
2025-08-28,161,11.25
2025-08-29,161,10.26
2025-09-01,161,10.96
2025-09-02,161,13.65
2025-09-04,161,7.98
2025-09-05,161,11.85
2025-09-09,161,14.1
2025-09-10,161,11.13
2025-09-11,161,9.54
2025-09-12,161,11.76
2025-09-14,161,11.83
2025-09-18,161,9.03
2025-09-19,161,12.99
2025-09-20,161,13.98
2025-09-22,161,11.95
2025-09-23,161,12.04
2025-09-25,161,13.49
2025-09-26,161,9.83
2025-10-02,161,11.26
2025-10-05,161,10.81
2025-10-06,161,11.71
2025-10-07,161,13.87
2025-10-08,161,12.83
2025-10-10,161,11.18
2025-10-13,161,11.61
2025-10-14,161,8.33
2025-10-15,161,11.75
2025-10-17,161,11.05
2025-10-19,161,8.88
2025-10-24,161,10.15
2025-10-26,161,7.86
2025-10-27,161,14.08
2025-10-29,161,13.9
2025-10-30,161,12.7
2025-10-31,161,8.01
2025-11-03,161,14.26
2025-11-05,161,13.14
2025-11-07,161,8.68
2025-11-10,161,11.39
2025-11-13,161,8.0
2025-11-14,161,13.97
2025-11-17,161,10.41
2025-11-18,161,13.44
2025-11-19,161,11.12
2025-11-20,161,13.24
2025-11-21,161,10.84
2025-11-24,161,11.87
2025-11-25,161,11.3
2025-11-26,161,12.44
2025-11-28,161,14.14
2025-12-01,161,12.63
2025-12-02,161,10.22
2025-12-03,161,8.16
2025-12-04,161,11.66
2025-12-05,161,8.96
2025-12-06,161,8.94
2025-12-07,161,8.91
2025-12-12,161,10.14
2025-12-16,161,11.38
2025-12-17,161,10.7
2025-12-18,161,9.12
2025-12-19,161,10.8
2025-12-24,161,13.04
2025-12-25,161,13.34
2025-12-30,161,8.68
2025-12-31,161,8.01
2025-01-01,162,21.81
2025-01-02,162,19.74
2025-01-04,162,20.5
2025-01-06,162,33.03
2025-01-07,162,29.45
2025-01-09,162,22.35
2025-01-10,162,20.95
2025-01-12,162,33.78
2025-01-13,162,26.61
2025-01-15,162,25.72
2025-01-16,162,33.32
2025-01-17,162,18.66
2025-01-19,162,30.52
2025-01-22,162,29.32
2025-01-23,162,19.38
2025-01-28,162,23.17
2025-01-29,162,28.58
2025-01-30,162,26.54
2025-01-31,162,25.23
2025-02-01,162,26.97
2025-02-03,162,33.14
2025-02-04,162,29.42
2025-02-07,162,19.07
2025-02-10,162,32.46
2025-02-11,162,26.45
2025-02-14,162,21.36
2025-02-18,162,29.83
2025-02-19,162,21.82
2025-02-21,162,33.51
2025-02-24,162,18.27
2025-02-28,162,26.69
2025-03-05,162,18.5
2025-03-06,162,18.83
2025-03-07,162,22.63
2025-03-08,162,19.45
2025-03-12,162,31.16
2025-03-13,162,27.89
2025-03-14,162,32.62
2025-03-16,162,30.37
2025-03-17,162,20.03
2025-03-18,162,28.92
2025-03-19,162,32.43
2025-03-21,162,19.05
2025-03-25,162,27.65
2025-03-26,162,26.42
2025-03-27,162,25.84
2025-03-28,162,32.67
2025-03-31,162,21.25
2025-04-01,162,29.73
2025-04-02,162,32.18
2025-04-04,162,19.78
2025-04-06,162,30.39
2025-04-07,162,31.72
2025-04-08,162,22.55
2025-04-09,162,27.65
2025-04-11,162,33.53
2025-04-14,162,30.34
2025-04-15,162,28.18
2025-04-16,162,26.7
2025-04-18,162,19.85
2025-04-21,162,30.33
2025-04-22,162,28.05
2025-04-24,162,22.29
2025-04-27,162,20.84
2025-04-29,162,31.62
2025-05-01,162,33.33
2025-05-05,162,27.55
2025-05-06,162,32.74
2025-05-07,162,18.64
2025-05-09,162,32.93
2025-05-12,162,26.51
2025-05-13,162,28.2
2025-05-14,162,27.03
2025-05-15,162,19.0
2025-05-16,162,31.59
2025-05-19,162,18.97
2025-05-20,162,26.34
2025-05-21,162,19.93
2025-05-22,162,26.47
2025-05-26,162,27.34
2025-05-27,162,27.01
2025-05-28,162,22.67
2025-05-29,162,24.15
2025-05-31,162,20.33
2025-06-02,162,18.7
2025-06-03,162,30.98
2025-06-04,162,25.53
2025-06-05,162,29.29
2025-06-06,162,29.57
2025-06-09,162,21.27
2025-06-10,162,27.33
2025-06-13,162,19.35
2025-06-16,162,33.37
2025-06-17,162,28.45
2025-06-18,162,29.43
2025-06-21,162,30.19
2025-06-24,162,24.47
2025-06-25,162,30.16
2025-06-27,162,27.14
2025-06-28,162,18.41
2025-07-04,162,31.86
2025-07-07,162,19.0
2025-07-08,162,32.97
2025-07-09,162,21.37
2025-07-10,162,29.1
2025-07-11,162,18.51
2025-07-14,162,19.77
2025-07-18,162,27.56
2025-07-20,162,30.8
2025-07-23,162,21.93
2025-07-25,162,25.62
2025-07-28,162,27.62
2025-07-29,162,33.31
2025-08-02,162,20.52
2025-08-05,162,32.95
2025-08-06,162,25.42
2025-08-08,162,27.3
2025-08-10,162,23.79
2025-08-11,162,26.33
2025-08-12,162,25.02
2025-08-13,162,20.05
2025-08-14,162,19.95
2025-08-15,162,18.23
2025-08-16,162,25.54
2025-08-17,162,22.31
2025-08-18,162,18.82
2025-08-19,162,30.32
2025-08-20,162,21.1
2025-08-21,162,33.56
2025-08-22,162,32.32
2025-08-23,162,31.84
2025-08-26,162,32.22
2025-08-27,162,28.74
2025-08-28,162,20.15
2025-08-30,162,22.75
2025-09-01,162,32.76
2025-09-02,162,28.61
2025-09-05,162,24.16
2025-09-08,162,21.04
2025-09-11,162,21.06
2025-09-12,162,26.06
2025-09-15,162,22.19
2025-09-16,162,19.19
2025-09-17,162,21.48
2025-09-18,162,20.49
2025-09-19,162,20.7
2025-09-21,162,32.19
2025-09-22,162,26.07
2025-09-23,162,31.73
2025-09-25,162,29.63
2025-09-26,162,26.87
2025-09-29,162,32.86
2025-09-30,162,32.39
2025-10-03,162,32.88
2025-10-06,162,23.77
2025-10-07,162,21.04
2025-10-08,162,19.26
2025-10-09,162,28.6
2025-10-10,162,23.14
2025-10-13,162,22.22
2025-10-15,162,20.36
2025-10-17,162,22.12
2025-10-20,162,26.88
2025-10-22,162,32.17
2025-10-24,162,33.37
2025-10-31,162,22.82
2025-11-03,162,22.38
2025-11-04,162,30.37
2025-11-06,162,32.54
2025-11-07,162,29.49
2025-11-12,162,20.77
2025-11-15,162,23.39
2025-11-19,162,24.16
2025-11-21,162,26.23
2025-11-23,162,27.34
2025-11-24,162,18.53
2025-11-26,162,32.29
2025-11-27,162,18.36
2025-11-28,162,20.87
2025-12-01,162,23.9
2025-12-02,162,19.49
2025-12-03,162,28.55
2025-12-04,162,24.33
2025-12-08,162,25.73
2025-12-09,162,24.91
2025-12-11,162,30.13
2025-12-12,162,18.62
2025-12-14,162,23.42
2025-12-15,162,33.01
2025-12-16,162,32.32
2025-12-17,162,21.4
2025-12-18,162,19.77
2025-12-19,162,20.0
2025-12-20,162,20.56
2025-12-22,162,18.3
2025-12-23,162,32.8
2025-12-24,162,24.99
2025-12-25,162,26.86
2025-12-26,162,27.32
2025-12-30,162,31.08
2025-01-01,163,26.3
2025-01-03,163,36.68
2025-01-06,163,27.5
2025-01-12,163,40.7
2025-01-13,163,34.79
2025-01-14,163,31.68
2025-01-15,163,36.64
2025-01-17,163,42.76
2025-01-19,163,36.72
2025-01-20,163,28.46
2025-01-22,163,36.37
2025-01-24,163,23.85
2025-01-28,163,37.19
2025-01-29,163,41.43
2025-01-31,163,36.36
2025-02-03,163,37.63
2025-02-04,163,34.06
2025-02-05,163,29.19
2025-02-06,163,31.69
2025-02-07,163,36.15
2025-02-12,163,31.2
2025-02-13,163,37.45
2025-02-14,163,25.3
2025-02-15,163,33.02
2025-02-17,163,28.02
2025-02-18,163,42.38
2025-02-19,163,23.56
2025-02-24,163,25.93
2025-02-25,163,30.19
2025-02-26,163,28.69
2025-02-27,163,33.95
2025-02-28,163,42.34
2025-03-04,163,38.58
2025-03-05,163,40.74
2025-03-11,163,32.07
2025-03-12,163,29.01
2025-03-14,163,24.15
2025-03-20,163,34.18
2025-03-21,163,28.19
2025-03-25,163,39.98
2025-03-26,163,41.08
2025-03-27,163,37.5
2025-03-28,163,34.94
2025-03-30,163,35.51
2025-03-31,163,26.19
2025-04-01,163,31.95
2025-04-03,163,24.11
2025-04-06,163,33.31
2025-04-07,163,42.02
2025-04-08,163,32.44
2025-04-10,163,28.33
2025-04-13,163,27.27
2025-04-16,163,41.94
2025-04-17,163,32.43
2025-04-18,163,30.54
2025-04-20,163,25.7
2025-04-21,163,32.07
2025-04-23,163,30.87
2025-04-24,163,34.53
2025-04-25,163,39.29
2025-04-28,163,35.02
2025-05-01,163,31.37
2025-05-03,163,25.71
2025-05-06,163,25.48
2025-05-09,163,24.08
2025-05-11,163,31.66
2025-05-12,163,25.69
2025-05-13,163,34.96
2025-05-14,163,26.26
2025-05-19,163,26.67
2025-05-20,163,35.73
2025-05-21,163,30.65
2025-05-22,163,35.84
2025-05-26,163,42.72
2025-05-27,163,32.25
2025-05-28,163,42.37
2025-05-29,163,36.02
2025-05-30,163,33.46
2025-06-01,163,33.43
2025-06-03,163,32.32
2025-06-05,163,27.36
2025-06-06,163,37.09
2025-06-08,163,39.98
2025-06-09,163,33.97
2025-06-10,163,38.49
2025-06-11,163,40.03
2025-06-12,163,26.45
2025-06-14,163,34.99
2025-06-16,163,26.05
2025-06-17,163,26.0
2025-06-18,163,26.61
2025-06-19,163,25.81
2025-06-20,163,41.6
2025-06-21,163,33.46
2025-06-23,163,38.9
2025-06-24,163,40.76
2025-06-30,163,38.46
2025-07-01,163,35.89
2025-07-02,163,24.48
2025-07-07,163,40.62
2025-07-09,163,26.35
2025-07-11,163,27.41
2025-07-12,163,37.99
2025-07-14,163,26.59
2025-07-15,163,35.89
2025-07-16,163,29.42
2025-07-17,163,30.16
2025-07-18,163,32.73
2025-07-21,163,30.47
2025-07-22,163,42.37
2025-07-23,163,35.02
2025-07-24,163,39.08
2025-07-28,163,24.86
2025-07-29,163,34.66
2025-07-30,163,33.47
2025-08-01,163,34.68
2025-08-02,163,35.54
2025-08-03,163,25.95
2025-08-04,163,35.48
2025-08-06,163,39.48
2025-08-08,163,24.87
2025-08-11,163,42.21
2025-08-13,163,36.08
2025-08-14,163,25.88
2025-08-17,163,25.86
2025-08-18,163,34.86
2025-08-19,163,34.22
2025-08-21,163,30.0
2025-08-26,163,29.87
2025-08-27,163,40.54
2025-08-28,163,32.36
2025-08-29,163,32.89
2025-08-31,163,29.68
2025-09-01,163,42.83
2025-09-03,163,27.23
2025-09-05,163,26.16
2025-09-08,163,26.75
2025-09-10,163,36.17
2025-09-11,163,30.4
2025-09-12,163,35.83
2025-09-14,163,25.86
2025-09-15,163,34.44
2025-09-17,163,36.97
2025-09-18,163,42.72
2025-09-19,163,34.25
2025-09-23,163,39.97
2025-09-25,163,25.39
2025-09-26,163,25.5
2025-09-29,163,28.7
2025-10-01,163,28.66
2025-10-02,163,29.19
2025-10-05,163,40.71
2025-10-13,163,38.77
2025-10-14,163,36.0
2025-10-20,163,41.05
2025-10-21,163,34.98
2025-10-23,163,38.03
2025-10-24,163,31.28
2025-10-28,163,25.36
2025-10-29,163,26.37
2025-10-31,163,26.06
2025-11-01,163,34.95
2025-11-04,163,23.91
2025-11-05,163,38.42
2025-11-10,163,28.09
2025-11-11,163,24.59
2025-11-13,163,40.41
2025-11-14,163,38.3
2025-11-16,163,23.78
2025-11-18,163,28.73
2025-11-19,163,39.29
2025-11-20,163,39.81
2025-11-24,163,34.08
2025-11-26,163,23.62
2025-11-30,163,31.03
2025-12-02,163,26.83
2025-12-03,163,40.79
2025-12-04,163,39.49
2025-12-05,163,26.7
2025-12-08,163,28.33
2025-12-09,163,40.72
2025-12-10,163,36.88
2025-12-11,163,37.21
2025-12-17,163,33.32
2025-12-18,163,28.53
2025-12-22,163,23.58
2025-12-23,163,33.67
2025-12-24,163,32.51
2025-12-25,163,30.96
2025-12-26,163,28.23
2025-12-27,163,24.21
2025-12-29,163,24.46
2025-01-02,164,16.63
2025-01-06,164,14.79
2025-01-09,164,15.31
2025-01-10,164,14.25
2025-01-13,164,17.28
2025-01-14,164,16.34
2025-01-16,164,17.92
2025-01-17,164,15.49
2025-01-20,164,14.53
2025-01-21,164,18.1
2025-01-22,164,13.39
2025-01-23,164,14.44
2025-01-24,164,10.91
2025-01-30,164,13.64
2025-02-01,164,12.45
2025-02-03,164,14.38
2025-02-05,164,15.1
2025-02-07,164,11.15
2025-02-10,164,10.84
2025-02-11,164,16.98
2025-02-13,164,10.98
2025-02-15,164,19.46
2025-02-16,164,11.53
2025-02-18,164,19.27
2025-02-19,164,16.11
2025-02-20,164,11.31
2025-02-24,164,19.28
2025-02-26,164,11.4
2025-02-27,164,17.45
2025-03-03,164,13.73
2025-03-04,164,17.03
2025-03-05,164,10.69
2025-03-06,164,16.49
2025-03-10,164,11.05
2025-03-12,164,17.96
2025-03-16,164,14.49
2025-03-17,164,13.54
2025-03-18,164,17.09
2025-03-19,164,13.51
2025-03-20,164,19.36
2025-03-28,164,19.18
2025-03-30,164,12.58
2025-03-31,164,12.78
2025-04-01,164,14.07
2025-04-02,164,19.21
2025-04-07,164,13.04
2025-04-09,164,11.38
2025-04-11,164,16.64
2025-04-16,164,16.98
2025-04-17,164,12.37
2025-04-20,164,17.34
2025-04-22,164,13.44
2025-04-23,164,14.7
2025-04-24,164,15.06
2025-04-26,164,19.34
2025-04-29,164,11.18
2025-05-02,164,11.12
2025-05-03,164,11.57
2025-05-07,164,18.26
2025-05-09,164,15.02
2025-05-13,164,11.83
2025-05-14,164,13.92
2025-05-19,164,10.5
2025-05-20,164,11.82
2025-05-21,164,18.56
2025-05-22,164,16.88
2025-05-24,164,12.66
2025-05-25,164,11.28
2025-05-28,164,17.43
2025-05-29,164,16.61
2025-06-05,164,13.05
2025-06-06,164,12.82
2025-06-09,164,14.49
2025-06-12,164,12.1
2025-06-16,164,16.43
2025-06-17,164,14.75
2025-06-18,164,16.24
2025-06-19,164,10.79
2025-06-23,164,15.85
2025-06-24,164,16.79
2025-06-25,164,15.52
2025-06-26,164,19.47
2025-06-30,164,17.13
2025-07-01,164,19.13
2025-07-03,164,19.06
2025-07-04,164,14.55
2025-07-06,164,19.12
2025-07-07,164,13.16
2025-07-11,164,17.73
2025-07-12,164,17.19
2025-07-13,164,13.59
2025-07-14,164,18.77
2025-07-16,164,14.52
2025-07-17,164,18.96
2025-07-18,164,18.74
2025-07-20,164,12.96
2025-07-23,164,16.2
2025-07-25,164,13.93
2025-07-31,164,10.95
2025-08-04,164,11.8
2025-08-05,164,12.86
2025-08-06,164,15.22
2025-08-07,164,13.25
2025-08-08,164,14.52
2025-08-11,164,18.9
2025-08-14,164,11.04
2025-08-15,164,19.48
2025-08-18,164,16.65
2025-08-20,164,17.56
2025-08-21,164,16.81
2025-08-22,164,15.7
2025-08-26,164,15.05
2025-08-27,164,13.83
2025-08-29,164,12.82
2025-09-01,164,11.99
2025-09-04,164,14.62
2025-09-09,164,12.24
2025-09-10,164,12.9
2025-09-11,164,13.46
2025-09-12,164,14.85
2025-09-15,164,16.54
2025-09-16,164,16.62
2025-09-17,164,17.31
2025-09-18,164,16.82
2025-09-20,164,18.82
2025-09-22,164,18.25
2025-09-23,164,15.78
2025-09-24,164,15.68
2025-09-29,164,18.32
2025-09-30,164,12.38
2025-10-02,164,15.91
2025-10-04,164,13.69
2025-10-10,164,13.61
2025-10-11,164,18.26
2025-10-15,164,18.57
2025-10-16,164,13.96
2025-10-17,164,15.7
2025-10-21,164,11.32
2025-10-22,164,19.48
2025-10-23,164,15.33
2025-10-24,164,15.27
2025-10-25,164,12.09
2025-10-29,164,16.25
2025-10-30,164,16.24
2025-11-04,164,18.47
2025-11-05,164,16.83
2025-11-07,164,12.97
2025-11-09,164,13.61
2025-11-12,164,15.66
2025-11-13,164,10.62
2025-11-14,164,17.47
2025-11-18,164,12.5
2025-11-19,164,11.43
2025-11-24,164,15.55
2025-11-27,164,15.02
2025-11-28,164,12.97
2025-12-02,164,19.24
2025-12-03,164,11.25
2025-12-04,164,13.6
2025-12-05,164,11.27
2025-12-08,164,15.19
2025-12-09,164,11.43
2025-12-10,164,16.61
2025-12-11,164,10.72
2025-12-16,164,12.65
2025-12-17,164,11.33
2025-12-18,164,13.45
2025-12-22,164,16.95
2025-12-23,164,19.22
2025-12-24,164,19.08
2025-12-25,164,14.85
2025-12-26,164,19.21
2025-12-29,164,11.45
2025-12-30,164,15.28
2025-12-31,164,13.45
2025-01-01,165,18.41
2025-01-04,165,12.89
2025-01-05,165,12.79
2025-01-06,165,13.18
2025-01-07,165,16.24
2025-01-08,165,13.52
2025-01-12,165,16.45
2025-01-13,165,18.19
2025-01-14,165,19.09
2025-01-20,165,21.37
2025-01-21,165,13.25
2025-01-23,165,22.65
2025-01-24,165,13.09
2025-01-28,165,12.83
2025-02-01,165,19.7
2025-02-03,165,17.71
2025-02-04,165,13.46
2025-02-07,165,21.42
2025-02-17,165,16.42
2025-02-18,165,13.91
2025-02-20,165,20.57
2025-02-23,165,20.46
2025-02-26,165,18.95
2025-02-27,165,22.14
2025-02-28,165,15.28
2025-03-01,165,15.49
2025-03-04,165,15.94
2025-03-07,165,22.43
2025-03-08,165,20.89
2025-03-10,165,13.54
2025-03-12,165,13.82
2025-03-13,165,13.72
2025-03-14,165,13.88
2025-03-17,165,19.49
2025-03-18,165,19.25
2025-03-20,165,21.76
2025-03-24,165,17.19
2025-03-25,165,22.98
2025-03-28,165,14.39
2025-03-30,165,15.96
2025-04-02,165,13.21
2025-04-03,165,20.37
2025-04-04,165,14.2
2025-04-06,165,20.4
2025-04-10,165,23.32
2025-04-14,165,16.08
2025-04-15,165,23.3
2025-04-17,165,16.6
2025-04-18,165,17.34
2025-04-19,165,21.85
2025-04-22,165,19.86
2025-04-24,165,20.2
2025-04-25,165,16.91
2025-04-29,165,15.54
2025-04-30,165,22.48
2025-05-01,165,15.79
2025-05-05,165,15.28
2025-05-06,165,21.98
2025-05-07,165,14.13
2025-05-08,165,15.75
2025-05-12,165,14.44
2025-05-13,165,12.79
2025-05-14,165,20.45
2025-05-16,165,14.92
2025-05-17,165,15.66
2025-05-20,165,15.45
2025-05-24,165,16.51
2025-05-26,165,13.47
2025-05-27,165,22.54
2025-05-28,165,20.77
2025-05-29,165,22.18
2025-05-30,165,14.04
2025-05-31,165,14.63
2025-06-02,165,18.49
2025-06-03,165,14.52
2025-06-04,165,20.73
2025-06-06,165,13.7
2025-06-07,165,15.38
2025-06-11,165,21.47
2025-06-12,165,19.79
2025-06-16,165,19.44
2025-06-22,165,15.85
2025-06-23,165,15.3
2025-06-24,165,18.13
2025-06-28,165,21.21
2025-06-29,165,15.65
2025-07-02,165,14.35
2025-07-03,165,20.34
2025-07-04,165,14.27
2025-07-07,165,16.97
2025-07-09,165,15.22
2025-07-10,165,17.62
2025-07-13,165,15.39
2025-07-16,165,13.32
2025-07-17,165,20.51
2025-07-18,165,21.12
2025-07-20,165,21.23
2025-07-21,165,15.24
2025-07-23,165,14.27
2025-07-25,165,18.55
2025-07-30,165,22.67
2025-07-31,165,15.73
2025-08-04,165,21.36
2025-08-05,165,16.03
2025-08-07,165,15.22
2025-08-12,165,18.84
2025-08-13,165,16.86
2025-08-14,165,22.65
2025-08-18,165,16.25
2025-08-25,165,21.39
2025-08-26,165,12.74
2025-08-28,165,19.84
2025-08-29,165,15.31
2025-09-01,165,16.38
2025-09-04,165,15.32
2025-09-06,165,21.15
2025-09-08,165,13.26
2025-09-09,165,17.21
2025-09-10,165,17.31
2025-09-11,165,17.38
2025-09-14,165,13.51
2025-09-15,165,15.45
2025-09-16,165,20.9
2025-09-17,165,15.85
2025-09-21,165,18.01
2025-09-24,165,20.71
2025-09-26,165,18.23
2025-09-29,165,18.08
2025-09-30,165,18.37
2025-10-02,165,17.55
2025-10-04,165,12.99
2025-10-09,165,22.0
2025-10-13,165,13.78
2025-10-16,165,19.6
2025-10-20,165,13.29
2025-10-22,165,19.04
2025-10-23,165,13.9
2025-10-24,165,14.95
2025-10-25,165,15.77
2025-10-26,165,15.45
2025-10-27,165,14.52
2025-10-28,165,17.31
2025-10-29,165,14.62
2025-10-31,165,19.12
2025-11-03,165,21.81
2025-11-04,165,19.1
2025-11-05,165,19.0
2025-11-06,165,13.88
2025-11-07,165,23.22
2025-11-09,165,22.46
2025-11-10,165,21.97
2025-11-11,165,14.53
2025-11-12,165,18.29
2025-11-15,165,20.28
2025-11-18,165,17.29
2025-11-19,165,18.03
2025-11-20,165,14.04
2025-11-21,165,18.12
2025-11-22,165,22.09
2025-11-24,165,14.13
2025-11-26,165,22.69
2025-12-01,165,16.28
2025-12-02,165,22.46
2025-12-03,165,20.4
2025-12-04,165,14.46
2025-12-05,165,15.67
2025-12-06,165,21.07
2025-12-08,165,20.56
2025-12-11,165,22.26
2025-12-13,165,22.15
2025-12-15,165,23.35
2025-12-16,165,14.63
2025-12-17,165,18.28
2025-12-18,165,18.21
2025-12-24,165,15.87
2025-12-26,165,17.36
2025-12-30,165,21.82
2025-01-01,166,24.53
2025-01-02,166,34.28
2025-01-03,166,25.82
2025-01-06,166,30.42
2025-01-09,166,43.9
2025-01-10,166,30.56
2025-01-13,166,39.6
2025-01-21,166,39.89
2025-01-22,166,44.18
2025-01-23,166,35.12
2025-01-24,166,30.02
2025-01-27,166,27.48
2025-01-29,166,42.11
2025-01-30,166,34.38
2025-01-31,166,38.13
2025-02-01,166,40.91
2025-02-03,166,26.25
2025-02-04,166,43.8
2025-02-05,166,41.04
2025-02-07,166,33.52
2025-02-12,166,26.25
2025-02-13,166,43.56
2025-02-17,166,40.64
2025-02-18,166,40.1
2025-02-21,166,43.98
2025-02-22,166,37.52
2025-02-24,166,29.72
2025-02-25,166,34.1
2025-02-26,166,39.37
2025-02-27,166,40.78
2025-02-28,166,34.05
2025-03-03,166,36.77
2025-03-04,166,40.52
2025-03-10,166,40.2
2025-03-11,166,35.12
2025-03-12,166,41.15
2025-03-13,166,36.87
2025-03-18,166,42.21
2025-03-19,166,32.25
2025-03-20,166,31.93
2025-03-25,166,31.02
2025-03-26,166,33.67
2025-03-28,166,32.01
2025-04-04,166,39.8
2025-04-08,166,30.17
2025-04-09,166,29.44
2025-04-11,166,27.79
2025-04-14,166,29.49
2025-04-15,166,39.45
2025-04-17,166,35.19
2025-04-19,166,27.11
2025-04-24,166,35.12
2025-04-27,166,30.98
2025-04-29,166,41.4
2025-04-30,166,25.57
2025-05-01,166,33.85
2025-05-02,166,33.07
2025-05-08,166,33.83
2025-05-09,166,25.54
2025-05-12,166,36.9
2025-05-14,166,29.99
2025-05-15,166,34.85
2025-05-16,166,28.17
2025-05-19,166,43.76
2025-05-21,166,33.41
2025-05-24,166,37.02
2025-05-26,166,37.45
2025-05-27,166,38.34
2025-05-28,166,39.14
2025-05-29,166,27.63
2025-05-31,166,37.3
2025-06-05,166,30.54
2025-06-06,166,27.91
2025-06-09,166,36.98
2025-06-10,166,24.94
2025-06-13,166,35.9
2025-06-14,166,31.3
2025-06-15,166,29.38
2025-06-16,166,32.45
2025-06-17,166,33.9
2025-06-18,166,28.02
2025-06-19,166,41.55
2025-06-23,166,36.31
2025-06-25,166,28.05
2025-06-26,166,40.91
2025-06-28,166,37.97
2025-06-29,166,41.65
2025-07-04,166,42.46
2025-07-05,166,28.39
2025-07-07,166,25.76
2025-07-09,166,37.16
2025-07-10,166,40.34
2025-07-11,166,40.87
2025-07-14,166,30.99
2025-07-15,166,31.92
2025-07-16,166,28.39
2025-07-18,166,34.55
2025-07-20,166,27.16
2025-07-21,166,32.1
2025-07-22,166,41.73
2025-07-23,166,42.38
2025-07-29,166,41.38
2025-07-31,166,32.83
2025-08-01,166,30.92
2025-08-04,166,28.95
2025-08-05,166,39.69
2025-08-07,166,26.99
2025-08-11,166,27.38
2025-08-12,166,25.49
2025-08-13,166,27.84
2025-08-14,166,28.4
2025-08-17,166,42.9
2025-08-18,166,25.62
2025-08-19,166,26.67
2025-08-21,166,36.74
2025-08-22,166,28.87
2025-08-24,166,41.44
2025-08-25,166,44.02
2025-09-08,166,24.44
2025-09-09,166,27.07
2025-09-11,166,28.56
2025-09-13,166,25.39
2025-09-15,166,29.49
2025-09-17,166,25.58
2025-09-18,166,34.27
2025-09-19,166,27.29
2025-09-21,166,43.32
2025-09-22,166,37.09
2025-09-23,166,34.96
2025-09-24,166,24.5
2025-09-26,166,29.41
2025-09-28,166,30.91
2025-09-29,166,44.02
2025-09-30,166,40.37
2025-10-01,166,30.01
2025-10-03,166,34.0
2025-10-06,166,34.33
2025-10-07,166,43.76
2025-10-08,166,28.01
2025-10-10,166,36.78
2025-10-13,166,24.94
2025-10-14,166,26.63
2025-10-16,166,39.3
2025-10-19,166,34.53
2025-10-21,166,29.11
2025-10-23,166,28.88
2025-10-24,166,36.46
2025-10-26,166,27.36
2025-10-28,166,40.24
2025-10-29,166,33.17
2025-10-30,166,37.9
2025-10-31,166,31.81
2025-11-01,166,23.85
2025-11-02,166,26.0
2025-11-03,166,39.29
2025-11-04,166,32.25
2025-11-05,166,42.18
2025-11-07,166,25.78
2025-11-09,166,37.54
2025-11-10,166,41.33
2025-11-11,166,28.44
2025-11-12,166,28.13
2025-11-13,166,38.25
2025-11-14,166,29.13
2025-11-16,166,39.48
2025-11-17,166,38.84
2025-11-18,166,33.18
2025-11-19,166,28.97
2025-11-20,166,43.16
2025-11-21,166,27.54
2025-11-24,166,27.3
2025-11-25,166,26.2
2025-11-26,166,41.39
2025-11-27,166,34.29
2025-11-30,166,28.18
2025-12-04,166,31.01
2025-12-08,166,29.09
2025-12-09,166,34.25
2025-12-10,166,28.49
2025-12-12,166,43.66
2025-12-15,166,33.86
2025-12-17,166,30.85
2025-12-18,166,30.45
2025-12-20,166,29.58
2025-12-22,166,40.8
2025-12-23,166,26.11
2025-12-24,166,34.23
2025-12-25,166,38.45
2025-12-26,166,28.15
2025-12-29,166,40.58
2025-12-31,166,31.41
2025-01-01,167,6.85
2025-01-02,167,5.22
2025-01-03,167,6.8
2025-01-05,167,7.6
2025-01-06,167,5.47
2025-01-08,167,4.23
2025-01-10,167,7.76
2025-01-14,167,5.87
2025-01-16,167,5.4
2025-01-17,167,6.05
2025-01-19,167,5.4
2025-01-20,167,5.74
2025-01-22,167,5.18
2025-01-29,167,4.32
2025-01-30,167,5.51
2025-01-31,167,6.93
2025-02-03,167,5.38
2025-02-04,167,6.37
2025-02-07,167,6.51
2025-02-08,167,5.28
2025-02-11,167,5.47
2025-02-12,167,7.02
2025-02-21,167,5.33
2025-02-23,167,5.1
2025-02-26,167,4.73
2025-02-28,167,6.48
2025-03-01,167,5.04
2025-03-03,167,6.53
2025-03-04,167,5.15
2025-03-06,167,7.47
2025-03-07,167,5.78
2025-03-08,167,6.67
2025-03-10,167,6.33
2025-03-14,167,7.3
2025-03-16,167,4.64
2025-03-17,167,5.65
2025-03-18,167,4.91
2025-03-19,167,6.98
2025-03-21,167,6.73
2025-03-25,167,7.44
2025-03-27,167,5.78
2025-03-28,167,5.65
2025-03-31,167,7.54
2025-04-01,167,6.34
2025-04-02,167,4.46
2025-04-07,167,7.35
2025-04-09,167,7.41
2025-04-10,167,5.85
2025-04-11,167,5.01
2025-04-14,167,6.93
2025-04-15,167,7.03
2025-04-16,167,5.56
2025-04-17,167,4.71
2025-04-18,167,4.28
2025-04-20,167,6.58
2025-04-23,167,6.03
2025-04-28,167,6.81
2025-04-29,167,4.35
2025-04-30,167,7.05
2025-05-01,167,5.65
2025-05-02,167,7.8
2025-05-03,167,7.15
2025-05-04,167,7.67
2025-05-05,167,4.72
2025-05-06,167,4.25
2025-05-07,167,5.99
2025-05-09,167,6.58
2025-05-11,167,5.36
2025-05-13,167,5.89
2025-05-15,167,7.79
2025-05-16,167,7.49
2025-05-21,167,7.31
2025-05-23,167,4.4
2025-05-26,167,6.26
2025-05-27,167,6.58
2025-05-30,167,7.19
2025-06-04,167,4.21
2025-06-06,167,4.79
2025-06-07,167,6.86
2025-06-08,167,6.58
2025-06-09,167,4.73
2025-06-10,167,4.68
2025-06-11,167,6.51
2025-06-12,167,6.58
2025-06-23,167,5.3
2025-06-26,167,7.3
2025-06-29,167,6.46
2025-07-01,167,6.31
2025-07-02,167,7.37
2025-07-04,167,5.46
2025-07-05,167,5.34
2025-07-07,167,4.93
2025-07-11,167,4.68
2025-07-13,167,4.62
2025-07-14,167,5.9
2025-07-15,167,5.92
2025-07-18,167,5.32
2025-07-20,167,6.84
2025-07-22,167,5.65
2025-07-23,167,7.62
2025-07-25,167,7.69
2025-07-26,167,4.5
2025-07-27,167,7.05
2025-07-29,167,7.74
2025-07-30,167,6.64
2025-08-01,167,6.17
2025-08-04,167,6.44
2025-08-05,167,7.52
2025-08-06,167,7.48
2025-08-08,167,5.85
2025-08-11,167,6.67
2025-08-14,167,4.43
2025-08-18,167,5.98
2025-08-19,167,4.49
2025-08-20,167,7.64
2025-08-21,167,6.2
2025-08-23,167,4.45
2025-08-26,167,6.13
2025-08-28,167,5.17
2025-08-29,167,4.63
2025-09-02,167,7.57
2025-09-05,167,5.74
2025-09-06,167,5.56
2025-09-10,167,4.96
2025-09-13,167,6.79
2025-09-16,167,5.03
2025-09-17,167,7.43
2025-09-19,167,5.07
2025-09-22,167,4.44
2025-09-26,167,5.51
2025-09-27,167,6.21
2025-09-29,167,5.6
2025-10-03,167,4.8
2025-10-06,167,5.24
2025-10-07,167,4.38
2025-10-08,167,5.99
2025-10-09,167,6.63
2025-10-10,167,6.53
2025-10-12,167,5.18
2025-10-13,167,5.53
2025-10-19,167,5.1
2025-10-20,167,4.38
2025-10-22,167,4.39
2025-10-23,167,7.69
2025-10-28,167,5.37
2025-10-29,167,7.03
2025-10-31,167,5.29
2025-11-01,167,5.12
2025-11-02,167,5.04
2025-11-03,167,6.99
2025-11-04,167,5.39
2025-11-05,167,7.04
2025-11-07,167,5.07
2025-11-10,167,6.88
2025-11-11,167,7.43
2025-11-12,167,7.76
2025-11-19,167,4.39
2025-11-24,167,6.85
2025-11-25,167,7.55
2025-11-28,167,6.14
2025-12-01,167,7.75
2025-12-11,167,6.17
2025-12-16,167,5.34
2025-12-18,167,7.37
2025-12-19,167,5.99
2025-12-23,167,6.73
2025-12-25,167,7.71
2025-12-26,167,6.9
2025-12-28,167,6.19
2025-12-29,167,6.1
2025-01-02,168,5.35
2025-01-06,168,4.32
2025-01-07,168,4.42
2025-01-08,168,7.73
2025-01-09,168,7.38
2025-01-10,168,6.85
2025-01-13,168,6.91
2025-01-14,168,5.11
2025-01-16,168,5.07
2025-01-17,168,7.01
2025-01-22,168,5.61
2025-01-23,168,6.89
2025-01-24,168,4.57
2025-01-28,168,6.12
2025-01-29,168,6.92
2025-01-30,168,6.5
2025-01-31,168,6.29
2025-02-01,168,7.23
2025-02-03,168,5.4
2025-02-04,168,6.62
2025-02-05,168,7.64
2025-02-10,168,7.51
2025-02-11,168,4.54
2025-02-12,168,4.37
2025-02-13,168,7.52
2025-02-15,168,6.3
2025-02-17,168,6.88
2025-02-18,168,5.56
2025-02-19,168,4.22
2025-02-20,168,6.26
2025-02-22,168,4.43
2025-02-23,168,7.7
2025-02-24,168,5.89
2025-02-25,168,7.26
2025-02-28,168,5.1
2025-03-01,168,6.06
2025-03-04,168,4.81
2025-03-05,168,6.94
2025-03-06,168,6.43
2025-03-08,168,5.01
2025-03-10,168,6.64
2025-03-11,168,6.53
2025-03-12,168,4.83
2025-03-13,168,6.8
2025-03-14,168,5.47
2025-03-18,168,5.44
2025-03-19,168,5.08
2025-03-20,168,7.76
2025-03-22,168,6.07
2025-03-23,168,5.61
2025-03-25,168,4.37
2025-03-26,168,6.57
2025-03-28,168,7.64
2025-03-31,168,7.64
2025-04-02,168,7.05
2025-04-03,168,4.56
2025-04-10,168,6.22
2025-04-14,168,6.86
2025-04-15,168,4.37
2025-04-17,168,6.07
2025-04-18,168,7.51
2025-04-19,168,5.61
2025-04-21,168,7.69
2025-04-22,168,6.49
2025-04-23,168,5.14
2025-04-24,168,5.72
2025-04-25,168,5.94
2025-04-26,168,4.94
2025-04-29,168,4.24
2025-05-02,168,6.43
2025-05-05,168,5.89
2025-05-11,168,7.63
2025-05-12,168,5.81
2025-05-13,168,7.41
2025-05-15,168,4.92
2025-05-17,168,7.42
2025-05-18,168,4.52
2025-05-19,168,6.19
2025-05-24,168,6.54
2025-05-27,168,4.74
2025-05-30,168,4.9
2025-06-01,168,6.82
2025-06-03,168,5.65
2025-06-04,168,7.15
2025-06-07,168,6.79
2025-06-09,168,5.38
2025-06-11,168,5.8
2025-06-13,168,7.17
2025-06-16,168,6.57
2025-06-17,168,6.98
2025-06-19,168,7.7
2025-06-20,168,4.69
2025-06-23,168,7.68
2025-06-25,168,4.44
2025-06-26,168,6.01
2025-06-27,168,4.36
2025-06-30,168,5.48
2025-07-02,168,7.25
2025-07-03,168,6.08
2025-07-04,168,4.47
2025-07-05,168,4.78
2025-07-07,168,6.63
2025-07-08,168,5.1
2025-07-11,168,6.21
2025-07-13,168,5.61
2025-07-14,168,6.5
2025-07-17,168,6.79
2025-07-18,168,5.49
2025-07-19,168,7.4
2025-07-23,168,5.36
2025-07-25,168,4.25
2025-07-27,168,7.3
2025-07-28,168,7.78
2025-07-29,168,6.19
2025-07-30,168,5.22
2025-07-31,168,5.22
2025-08-03,168,7.62
2025-08-05,168,6.57
2025-08-07,168,5.05
2025-08-08,168,6.04
2025-08-10,168,7.62
2025-08-14,168,5.47
2025-08-15,168,4.96
2025-08-20,168,7.27
2025-08-21,168,5.69
2025-08-25,168,6.85
2025-08-26,168,5.93
2025-08-27,168,4.65
2025-08-28,168,6.02
2025-09-01,168,5.67
2025-09-02,168,5.44
2025-09-03,168,7.7
2025-09-04,168,7.34
2025-09-05,168,6.05
2025-09-07,168,5.86
2025-09-10,168,5.07
2025-09-11,168,7.21
2025-09-14,168,6.49
2025-09-15,168,4.24
2025-09-16,168,4.93
2025-09-18,168,5.42
2025-09-19,168,4.81
2025-09-22,168,5.96
2025-09-25,168,4.49
2025-09-30,168,4.96
2025-10-01,168,6.68
2025-10-04,168,4.26
2025-10-06,168,6.44
2025-10-07,168,4.5
2025-10-08,168,6.12
2025-10-09,168,4.75
2025-10-11,168,6.72
2025-10-12,168,6.31
2025-10-14,168,5.12
2025-10-15,168,4.24
2025-10-20,168,5.49
2025-10-23,168,5.98
2025-10-27,168,5.96
2025-11-01,168,6.17
2025-11-02,168,7.09
2025-11-03,168,5.19
2025-11-04,168,7.55
2025-11-06,168,7.08
2025-11-07,168,7.43
2025-11-10,168,6.7
2025-11-14,168,4.51
2025-11-21,168,7.27
2025-11-22,168,4.96
2025-11-24,168,4.63
2025-11-25,168,5.4
2025-11-27,168,4.51
2025-11-28,168,5.06
2025-11-29,168,4.36
2025-12-02,168,4.58
2025-12-04,168,6.0
2025-12-07,168,5.7
2025-12-09,168,6.63
2025-12-10,168,6.12
2025-12-14,168,5.11
2025-12-18,168,4.59
2025-12-19,168,5.21
2025-12-21,168,6.5
2025-12-29,168,6.95
2025-12-30,168,7.11
2025-12-31,168,4.5
2025-01-06,169,32.79
2025-01-08,169,29.76
2025-01-09,169,18.63
2025-01-13,169,30.4
2025-01-14,169,31.84
2025-01-15,169,27.06
2025-01-17,169,33.45
2025-01-21,169,31.65
2025-01-22,169,22.09
2025-01-23,169,22.11
2025-01-25,169,25.48
2025-01-29,169,24.18
2025-01-30,169,31.79
2025-01-31,169,25.86
2025-02-03,169,27.01
2025-02-10,169,18.58
2025-02-12,169,20.0
2025-02-13,169,19.25
2025-02-14,169,28.77
2025-02-19,169,32.34
2025-02-20,169,18.64
2025-02-23,169,23.16
2025-02-25,169,32.08
2025-02-26,169,28.69
2025-02-27,169,32.7
2025-02-28,169,26.62
2025-03-03,169,26.04
2025-03-04,169,20.23
2025-03-06,169,24.69
2025-03-07,169,31.34
2025-03-08,169,27.96
2025-03-12,169,22.83
2025-03-13,169,30.22
2025-03-14,169,18.96
2025-03-15,169,33.11
2025-03-17,169,26.26
2025-03-18,169,26.24
2025-03-19,169,24.29
2025-03-20,169,18.72
2025-03-21,169,18.4
2025-03-24,169,26.53
2025-03-25,169,20.07
2025-03-26,169,27.84
2025-03-27,169,26.83
2025-03-28,169,31.71
2025-03-29,169,24.24
2025-04-01,169,21.27
2025-04-02,169,28.87
2025-04-07,169,24.96
2025-04-09,169,22.14
2025-04-13,169,25.76
2025-04-14,169,30.37
2025-04-15,169,26.64
2025-04-16,169,31.18
2025-04-18,169,25.02
2025-04-21,169,20.83
2025-04-22,169,26.96
2025-04-24,169,29.15
2025-04-25,169,26.54
2025-04-29,169,29.41
2025-04-30,169,23.24
2025-05-01,169,19.79
2025-05-04,169,26.69
2025-05-05,169,23.09
2025-05-06,169,27.89
2025-05-07,169,22.27
2025-05-08,169,29.87
2025-05-09,169,27.14
2025-05-10,169,26.74
2025-05-11,169,33.68
2025-05-12,169,31.92
2025-05-13,169,27.41
2025-05-16,169,18.76
2025-05-19,169,19.64
2025-05-20,169,26.31
2025-05-22,169,29.02
2025-05-26,169,24.05
2025-05-27,169,23.85
2025-05-28,169,29.8
2025-06-02,169,32.96
2025-06-03,169,31.68
2025-06-04,169,31.28
2025-06-08,169,31.61
2025-06-09,169,26.2
2025-06-10,169,26.29
2025-06-12,169,25.32
2025-06-16,169,22.24
2025-06-20,169,19.69
2025-06-23,169,28.02
2025-06-25,169,28.13
2025-06-30,169,21.45
2025-07-01,169,20.04
2025-07-03,169,31.76
2025-07-05,169,26.5
2025-07-08,169,23.22
2025-07-10,169,30.9
2025-07-11,169,25.69
2025-07-14,169,28.28
2025-07-15,169,23.65
2025-07-16,169,23.6
2025-07-18,169,32.37
2025-07-20,169,24.96
2025-07-21,169,19.01
2025-07-24,169,21.1
2025-07-27,169,29.68
2025-07-28,169,20.05
2025-07-29,169,29.15
2025-08-04,169,20.15
2025-08-06,169,30.24
2025-08-07,169,26.51
2025-08-08,169,30.82
2025-08-09,169,29.21
2025-08-10,169,30.97
2025-08-11,169,24.63
2025-08-12,169,28.93
2025-08-13,169,31.56
2025-08-15,169,33.45
2025-08-19,169,28.96
2025-08-20,169,33.42
2025-08-21,169,21.83
2025-08-22,169,27.31
2025-08-25,169,27.0
2025-08-27,169,28.48
2025-08-29,169,22.24
2025-09-03,169,27.05
2025-09-08,169,29.43
2025-09-10,169,30.34
2025-09-11,169,32.51
2025-09-15,169,30.65
2025-09-17,169,23.36
2025-09-18,169,20.14
2025-09-22,169,30.19
2025-09-23,169,29.78
2025-09-30,169,21.97
2025-10-02,169,25.27
2025-10-03,169,24.71
2025-10-10,169,22.9
2025-10-16,169,21.34
2025-10-18,169,24.37
2025-10-22,169,20.26
2025-10-23,169,26.29
2025-10-28,169,30.22
2025-10-30,169,22.49
2025-10-31,169,26.56
2025-11-02,169,29.46
2025-11-03,169,30.0
2025-11-06,169,22.97
2025-11-07,169,31.39
2025-11-10,169,18.66
2025-11-11,169,30.0
2025-11-14,169,30.16
2025-11-17,169,20.68
2025-11-18,169,30.85
2025-11-19,169,27.17
2025-11-20,169,29.81
2025-11-21,169,20.76
2025-11-22,169,25.11
2025-11-24,169,18.85
2025-11-27,169,31.04
2025-12-04,169,29.84
2025-12-05,169,29.84
2025-12-06,169,28.47
2025-12-09,169,19.98
2025-12-10,169,24.74
2025-12-12,169,20.85
2025-12-13,169,21.8
2025-12-15,169,24.64
2025-12-16,169,20.19
2025-12-17,169,32.39
2025-12-22,169,24.31
2025-12-24,169,19.91
2025-12-25,169,21.88
2025-12-26,169,30.59
2025-12-29,169,27.3
2025-12-30,169,21.65
2025-01-01,170,32.84
2025-01-02,170,30.32
2025-01-03,170,30.1
2025-01-04,170,24.29
2025-01-09,170,29.37
2025-01-10,170,20.74
2025-01-13,170,29.67
2025-01-14,170,19.22
2025-01-19,170,30.1
2025-01-20,170,18.51
2025-01-21,170,32.72
2025-01-22,170,22.6
2025-01-27,170,18.36
2025-01-31,170,23.69
2025-02-04,170,26.25
2025-02-05,170,29.56
2025-02-06,170,21.47
2025-02-10,170,29.05
2025-02-11,170,28.41
2025-02-13,170,21.62
2025-02-18,170,31.26
2025-02-19,170,28.99
2025-02-20,170,26.46
2025-02-21,170,31.17
2025-02-24,170,26.1
2025-02-25,170,19.74
2025-02-27,170,20.46
2025-02-28,170,23.78
2025-03-03,170,24.95
2025-03-05,170,33.47
2025-03-07,170,22.47
2025-03-10,170,26.44
2025-03-12,170,31.71
2025-03-13,170,30.47
2025-03-14,170,32.39
2025-03-15,170,31.17
2025-03-18,170,19.9
2025-03-19,170,28.71
2025-03-21,170,23.74
2025-03-25,170,20.49
2025-03-26,170,18.79
2025-03-27,170,26.22
2025-03-28,170,30.98
2025-03-31,170,33.51
2025-04-01,170,20.43
2025-04-03,170,27.61
2025-04-05,170,25.25
2025-04-09,170,21.77
2025-04-10,170,18.44
2025-04-11,170,23.26
2025-04-12,170,26.83
2025-04-13,170,32.88
2025-04-15,170,22.39
2025-04-17,170,20.02
2025-04-18,170,29.34
2025-04-20,170,23.84
2025-04-21,170,22.73
2025-04-22,170,21.64
2025-04-27,170,25.08
2025-04-28,170,26.54
2025-05-01,170,24.94
2025-05-02,170,28.31
2025-05-05,170,30.39
2025-05-06,170,29.03
2025-05-07,170,20.56
2025-05-08,170,32.04
2025-05-11,170,28.82
2025-05-12,170,23.67
2025-05-13,170,32.0
2025-05-15,170,31.36
2025-05-16,170,29.97
2025-05-19,170,31.69
2025-05-20,170,33.73
2025-05-21,170,28.5
2025-05-23,170,27.93
2025-05-26,170,19.74
2025-05-27,170,30.11
2025-05-31,170,25.08
2025-06-03,170,28.97
2025-06-07,170,30.59
2025-06-09,170,30.71
2025-06-11,170,21.86
2025-06-12,170,20.6
2025-06-13,170,21.85
2025-06-16,170,29.67
2025-06-19,170,28.54
2025-06-23,170,25.66
2025-06-24,170,23.71
2025-06-25,170,27.53
2025-07-01,170,28.04
2025-07-07,170,28.44
2025-07-08,170,31.99
2025-07-15,170,18.94
2025-07-16,170,30.57
2025-07-17,170,23.08
2025-07-18,170,20.25
2025-07-21,170,32.37
2025-07-22,170,32.19
2025-07-24,170,30.63
2025-07-28,170,28.6
2025-08-01,170,21.01
2025-08-05,170,21.27
2025-08-08,170,18.84
2025-08-10,170,27.68
2025-08-11,170,20.82
2025-08-12,170,29.28
2025-08-14,170,20.33
2025-08-18,170,19.02
2025-08-19,170,26.86
2025-08-20,170,29.33
2025-08-22,170,19.44
2025-08-24,170,24.22
2025-08-25,170,26.33
2025-08-27,170,29.92
2025-08-30,170,27.13
2025-08-31,170,23.35
2025-09-01,170,26.31
2025-09-02,170,28.61
2025-09-03,170,21.13
2025-09-04,170,30.62
2025-09-06,170,32.99
2025-09-08,170,18.7
2025-09-11,170,28.86
2025-09-12,170,22.25
2025-09-15,170,29.79
2025-09-16,170,18.32
2025-09-17,170,24.77
2025-09-22,170,19.54
2025-09-25,170,20.36
2025-09-26,170,27.05
2025-09-30,170,22.82
2025-10-01,170,19.35
2025-10-02,170,21.1
2025-10-03,170,31.44
2025-10-08,170,26.82
2025-10-09,170,28.01
2025-10-14,170,22.71
2025-10-19,170,22.23
2025-10-20,170,24.86
2025-10-21,170,32.46
2025-10-23,170,20.93
2025-10-26,170,24.96
2025-10-27,170,21.01
2025-11-01,170,23.77
2025-11-03,170,26.62
2025-11-04,170,32.23
2025-11-05,170,24.85
2025-11-06,170,23.79
2025-11-07,170,26.84
2025-11-10,170,33.68
2025-11-11,170,21.06
2025-11-13,170,23.82
2025-11-14,170,27.0
2025-11-15,170,30.14
2025-11-17,170,30.26
2025-11-18,170,29.96
2025-11-21,170,19.28
2025-11-22,170,29.2
2025-11-23,170,24.29
2025-11-26,170,18.35
2025-11-27,170,21.68
2025-11-29,170,29.89
2025-11-30,170,21.38
2025-12-01,170,21.76
2025-12-02,170,18.47
2025-12-04,170,20.05
2025-12-05,170,29.96
2025-12-06,170,26.65
2025-12-07,170,24.24
2025-12-08,170,30.02
2025-12-09,170,25.17
2025-12-11,170,21.63
2025-12-12,170,33.06
2025-12-15,170,27.03
2025-12-17,170,30.39
2025-12-19,170,31.87
2025-12-20,170,32.53
2025-12-23,170,27.05
2025-12-24,170,22.55
2025-12-26,170,28.49
2025-12-29,170,30.15
2025-12-30,170,19.32
2025-01-02,171,27.36
2025-01-07,171,27.99
2025-01-08,171,37.97
2025-01-09,171,28.8
2025-01-13,171,30.05
2025-01-14,171,41.68
2025-01-15,171,34.23
2025-01-18,171,23.74
2025-01-20,171,31.75
2025-01-21,171,25.76
2025-01-22,171,26.09
2025-01-25,171,37.75
2025-01-27,171,26.96
2025-01-29,171,24.66
2025-01-30,171,41.01
2025-01-31,171,37.32
2025-02-01,171,32.88
2025-02-03,171,37.28
2025-02-04,171,29.74
2025-02-05,171,37.68
2025-02-11,171,34.85
2025-02-16,171,37.72
2025-02-17,171,39.6
2025-02-18,171,25.34
2025-02-20,171,29.39
2025-02-21,171,26.86
2025-02-23,171,26.47
2025-02-24,171,30.54
2025-02-25,171,29.8
2025-02-28,171,36.0
2025-03-04,171,40.15
2025-03-05,171,39.44
2025-03-06,171,24.47
2025-03-07,171,28.37
2025-03-11,171,41.38
2025-03-12,171,26.67
2025-03-13,171,34.5
2025-03-15,171,36.74
2025-03-19,171,34.03
2025-03-21,171,30.11
2025-03-22,171,39.73
2025-03-24,171,23.68
2025-03-25,171,23.44
2025-03-26,171,27.26
2025-03-27,171,36.75
2025-04-02,171,30.1
2025-04-03,171,37.1
2025-04-04,171,37.8
2025-04-05,171,27.7
2025-04-06,171,34.69
2025-04-08,171,27.46
2025-04-11,171,30.47
2025-04-15,171,27.52
2025-04-16,171,31.0
2025-04-17,171,39.6
2025-04-18,171,24.29
2025-04-21,171,30.07
2025-04-22,171,36.28
2025-04-23,171,40.33
2025-04-25,171,25.42
2025-04-27,171,40.96
2025-04-28,171,38.95
2025-04-30,171,33.5
2025-05-03,171,25.35
2025-05-04,171,40.26
2025-05-05,171,35.55
2025-05-06,171,34.25
2025-05-07,171,34.59
2025-05-09,171,29.47
2025-05-10,171,25.67
2025-05-11,171,36.37
2025-05-12,171,32.17
2025-05-13,171,37.84
2025-05-18,171,31.47
2025-05-19,171,29.88
2025-05-20,171,26.29
2025-05-21,171,42.33
2025-05-22,171,28.69
2025-05-26,171,33.83
2025-05-27,171,33.77
2025-05-28,171,39.63
2025-05-30,171,41.72
2025-06-01,171,24.62
2025-06-02,171,40.67
2025-06-03,171,32.62
2025-06-04,171,40.75
2025-06-05,171,40.73
2025-06-06,171,40.36
2025-06-11,171,30.5
2025-06-12,171,36.79
2025-06-13,171,35.97
2025-06-16,171,41.29
2025-06-20,171,41.62
2025-06-21,171,27.54
2025-06-22,171,30.41
2025-06-23,171,39.77
2025-06-26,171,34.4
2025-06-27,171,31.54
2025-06-30,171,23.76
2025-07-02,171,41.28
2025-07-03,171,40.55
2025-07-05,171,39.66
2025-07-07,171,27.35
2025-07-09,171,37.75
2025-07-11,171,37.08
2025-07-17,171,34.17
2025-07-18,171,29.35
2025-07-24,171,23.86
2025-07-25,171,33.76
2025-07-27,171,28.83
2025-07-28,171,33.28
2025-08-01,171,35.79
2025-08-04,171,39.5
2025-08-05,171,30.65
2025-08-06,171,32.2
2025-08-08,171,26.76
2025-08-12,171,26.65
2025-08-13,171,33.82
2025-08-19,171,33.41
2025-08-20,171,38.31
2025-08-21,171,39.66
2025-08-22,171,42.23
2025-08-25,171,38.97
2025-09-03,171,39.07
2025-09-04,171,23.42
2025-09-05,171,39.72
2025-09-10,171,37.56
2025-09-12,171,28.58
2025-09-13,171,36.2
2025-09-14,171,37.81
2025-09-15,171,31.79
2025-09-16,171,35.37
2025-09-17,171,37.22
2025-09-19,171,39.52
2025-09-23,171,31.04
2025-09-25,171,36.77
2025-09-26,171,38.28
2025-09-27,171,35.12
2025-09-28,171,23.11
2025-10-02,171,27.75
2025-10-04,171,33.56
2025-10-06,171,25.95
2025-10-07,171,38.06
2025-10-09,171,25.25
2025-10-10,171,25.3
2025-10-11,171,32.01
2025-10-13,171,29.65
2025-10-14,171,25.71
2025-10-15,171,34.39
2025-10-17,171,39.82
2025-10-19,171,35.06
2025-10-21,171,33.47
2025-10-22,171,42.16
2025-10-23,171,36.62
2025-10-24,171,31.34
2025-10-27,171,32.2
2025-10-29,171,25.71
2025-10-30,171,23.72
2025-10-31,171,31.24
2025-11-04,171,34.45
2025-11-05,171,29.96
2025-11-09,171,32.52
2025-11-10,171,25.46
2025-11-11,171,27.04
2025-11-13,171,42.19
2025-11-16,171,34.33
2025-11-17,171,28.06
2025-11-18,171,32.16
2025-11-19,171,29.42
2025-11-20,171,42.89
2025-11-21,171,27.51
2025-11-24,171,25.26
2025-11-25,171,33.5
2025-11-26,171,26.16
2025-11-27,171,33.11
2025-12-02,171,31.28
2025-12-05,171,41.86
2025-12-06,171,40.07
2025-12-10,171,32.9
2025-12-11,171,37.04
2025-12-12,171,38.01
2025-12-14,171,31.01
2025-12-16,171,38.81
2025-12-18,171,24.98
2025-12-19,171,27.96
2025-12-22,171,29.13
2025-12-23,171,36.68
2025-12-24,171,41.53
2025-12-25,171,38.35
2025-12-27,171,25.56
2025-12-29,171,23.13
2025-12-31,171,24.01
2025-01-02,172,12.92
2025-01-03,172,20.53
2025-01-06,172,13.9
2025-01-07,172,19.78
2025-01-08,172,18.34
2025-01-09,172,14.43
2025-01-13,172,17.44
2025-01-14,172,15.36
2025-01-17,172,14.0
2025-01-20,172,16.99
2025-01-26,172,17.03
2025-01-27,172,18.08
2025-01-28,172,14.02
2025-01-30,172,20.22
2025-02-01,172,17.22
2025-02-05,172,17.45
2025-02-06,172,14.45
2025-02-07,172,21.67
2025-02-13,172,16.19
2025-02-14,172,18.58
2025-02-15,172,22.55
2025-02-17,172,15.35
2025-02-18,172,17.76
2025-02-22,172,22.39
2025-02-25,172,18.31
2025-02-27,172,21.62
2025-03-02,172,18.28
2025-03-03,172,13.29
2025-03-05,172,22.95
2025-03-07,172,22.91
2025-03-08,172,21.22
2025-03-10,172,22.67
2025-03-16,172,14.26
2025-03-17,172,16.19
2025-03-18,172,23.04
2025-03-20,172,22.01
2025-03-21,172,13.67
2025-03-26,172,20.35
2025-03-27,172,21.43
2025-03-28,172,20.89
2025-03-31,172,18.4
2025-04-03,172,22.81
2025-04-05,172,16.23
2025-04-07,172,19.56
2025-04-08,172,19.07
2025-04-10,172,17.89
2025-04-11,172,20.38
2025-04-14,172,16.33
2025-04-15,172,18.97
2025-04-18,172,19.48
2025-04-19,172,14.28
2025-04-20,172,13.19
2025-04-21,172,22.87
2025-04-23,172,17.93
2025-04-24,172,13.64
2025-04-25,172,15.91
2025-04-26,172,20.07
2025-04-28,172,21.65
2025-04-29,172,19.15
2025-04-30,172,15.18
2025-05-01,172,14.34
2025-05-04,172,14.45
2025-05-09,172,15.02
2025-05-10,172,22.11
2025-05-13,172,16.46
2025-05-20,172,20.53
2025-05-21,172,18.98
2025-05-22,172,21.55
2025-05-23,172,19.34
2025-05-24,172,17.95
2025-05-28,172,15.38
2025-05-29,172,18.67
2025-05-30,172,22.45
2025-06-02,172,19.75
2025-06-04,172,19.15
2025-06-09,172,13.94
2025-06-10,172,18.06
2025-06-11,172,15.11
2025-06-12,172,17.05
2025-06-13,172,13.23
2025-06-17,172,20.83
2025-06-18,172,16.08
2025-06-21,172,20.17
2025-06-23,172,22.98
2025-06-24,172,22.41
2025-06-26,172,21.09
2025-06-30,172,17.2
2025-07-03,172,19.66
2025-07-07,172,22.87
2025-07-09,172,22.62
2025-07-10,172,14.3
2025-07-11,172,23.05
2025-07-14,172,20.17
2025-07-15,172,17.15
2025-07-17,172,20.31
2025-07-21,172,15.31
2025-07-23,172,13.04
2025-07-26,172,13.19
2025-07-28,172,18.54
2025-07-30,172,19.09
2025-08-04,172,14.93
2025-08-06,172,13.96
2025-08-07,172,14.45
2025-08-08,172,13.95
2025-08-11,172,18.22
2025-08-14,172,20.4
2025-08-15,172,12.82
2025-08-16,172,18.82
2025-08-18,172,17.72
2025-08-19,172,21.1
2025-08-21,172,16.1
2025-08-22,172,21.59
2025-08-24,172,20.53
2025-08-25,172,15.44
2025-08-26,172,17.37
2025-08-27,172,13.03
2025-08-28,172,16.46
2025-08-29,172,15.52
2025-08-31,172,13.75
2025-09-01,172,17.78
2025-09-03,172,19.8
2025-09-04,172,20.97
2025-09-05,172,18.45
2025-09-07,172,14.45
2025-09-08,172,13.67
2025-09-09,172,19.34
2025-09-11,172,21.82
2025-09-17,172,16.02
2025-09-19,172,20.05
2025-09-20,172,19.86
2025-09-23,172,18.65
2025-09-24,172,14.23
2025-09-25,172,21.72
2025-09-26,172,16.66
2025-09-28,172,19.02
2025-09-30,172,13.9
2025-10-01,172,22.77
2025-10-03,172,19.85
2025-10-05,172,23.32
2025-10-06,172,21.22
2025-10-08,172,23.14
2025-10-09,172,22.98
2025-10-10,172,17.76
2025-10-13,172,14.34
2025-10-15,172,21.88
2025-10-17,172,20.49
2025-10-18,172,20.61
2025-10-20,172,22.26
2025-10-22,172,18.35
2025-10-23,172,20.27
2025-10-25,172,15.21
2025-10-28,172,17.77
2025-10-29,172,13.94
2025-10-31,172,17.57
2025-11-01,172,19.23
2025-11-03,172,19.05
2025-11-05,172,13.34
2025-11-09,172,21.43
2025-11-10,172,21.9
2025-11-11,172,13.22
2025-11-13,172,16.04
2025-11-14,172,22.17
2025-11-15,172,13.72
2025-11-19,172,18.66
2025-11-20,172,21.74
2025-11-21,172,13.84
2025-11-24,172,15.12
2025-11-25,172,21.36
2025-11-27,172,15.36
2025-11-30,172,14.12
2025-12-01,172,15.26
2025-12-03,172,23.02
2025-12-04,172,14.22
2025-12-05,172,17.88
2025-12-08,172,20.75
2025-12-10,172,15.82
2025-12-11,172,13.41
2025-12-12,172,17.83
2025-12-13,172,23.04
2025-12-18,172,22.18
2025-12-19,172,22.88
2025-12-20,172,13.84
2025-12-25,172,12.94
2025-12-28,172,14.68
2025-12-30,172,21.99
2025-01-06,173,24.56
2025-01-07,173,16.86
2025-01-08,173,27.93
2025-01-10,173,24.64
2025-01-13,173,27.25
2025-01-14,173,21.25
2025-01-16,173,22.62
2025-01-17,173,30.53
2025-01-18,173,30.11
2025-01-19,173,19.77
2025-01-22,173,22.63
2025-01-23,173,20.04
2025-01-24,173,17.28
2025-01-28,173,24.21
2025-01-31,173,18.72
2025-02-01,173,23.67
2025-02-05,173,21.84
2025-02-06,173,16.91
2025-02-07,173,17.8
2025-02-08,173,30.92
2025-02-10,173,29.15
2025-02-11,173,22.41
2025-02-12,173,31.13
2025-02-14,173,22.91
2025-02-16,173,22.67
2025-02-19,173,30.51
2025-02-20,173,24.99
2025-02-22,173,29.34
2025-02-24,173,26.13
2025-02-27,173,29.89
2025-02-28,173,16.9
2025-03-03,173,20.17
2025-03-04,173,17.04
2025-03-05,173,22.08
2025-03-06,173,24.15
2025-03-10,173,19.82
2025-03-11,173,22.41
2025-03-12,173,24.33
2025-03-13,173,20.17
2025-03-14,173,26.99
2025-03-18,173,29.28
2025-03-19,173,26.7
2025-03-20,173,26.13
2025-03-21,173,27.57
2025-03-22,173,21.23
2025-03-25,173,21.4
2025-03-26,173,28.81
2025-03-28,173,23.76
2025-03-30,173,26.41
2025-03-31,173,24.2
2025-04-01,173,17.95
2025-04-04,173,24.58
2025-04-05,173,28.22
2025-04-06,173,24.71
2025-04-08,173,25.36
2025-04-10,173,26.66
2025-04-11,173,20.74
2025-04-14,173,31.1
2025-04-15,173,30.34
2025-04-16,173,19.14
2025-04-18,173,16.9
2025-04-23,173,26.09
2025-04-27,173,21.68
2025-04-30,173,16.92
2025-05-01,173,22.92
2025-05-02,173,17.41
2025-05-06,173,23.08
2025-05-07,173,20.58
2025-05-09,173,20.6
2025-05-10,173,17.05
2025-05-13,173,26.9
2025-05-14,173,29.6
2025-05-16,173,28.04
2025-05-19,173,17.93
2025-05-21,173,21.99
2025-05-23,173,28.61
2025-05-24,173,28.75
2025-05-26,173,30.75
2025-05-28,173,30.47
2025-05-29,173,17.18
2025-05-30,173,27.89
2025-05-31,173,17.96
2025-06-06,173,18.38
2025-06-11,173,30.35
2025-06-13,173,26.94
2025-06-15,173,23.07
2025-06-16,173,23.55
2025-06-17,173,25.89
2025-06-23,173,22.05
2025-06-24,173,25.37
2025-06-27,173,27.0
2025-07-01,173,26.5
2025-07-02,173,18.79
2025-07-04,173,27.66
2025-07-07,173,26.91
2025-07-10,173,27.93
2025-07-11,173,20.0
2025-07-13,173,23.98
2025-07-14,173,28.66
2025-07-17,173,19.14
2025-07-21,173,18.59
2025-07-22,173,23.99
2025-07-23,173,23.82
2025-07-25,173,28.37
2025-07-29,173,18.18
2025-07-31,173,29.84
2025-08-01,173,20.08
2025-08-04,173,27.98
2025-08-05,173,19.07
2025-08-06,173,17.42
2025-08-07,173,22.43
2025-08-08,173,26.72
2025-08-11,173,27.34
2025-08-12,173,20.36
2025-08-14,173,19.75
2025-08-18,173,17.33
2025-08-19,173,17.13
2025-08-21,173,30.13
2025-08-24,173,24.84
2025-08-25,173,28.61
2025-08-26,173,23.3
2025-08-27,173,17.31
2025-08-29,173,24.42
2025-08-30,173,21.64
2025-09-01,173,19.07
2025-09-02,173,24.28
2025-09-03,173,25.43
2025-09-04,173,30.05
2025-09-05,173,28.14
2025-09-10,173,30.25
2025-09-11,173,21.36
2025-09-12,173,30.24
2025-09-17,173,22.39
2025-09-18,173,24.09
2025-09-19,173,20.09
2025-09-22,173,20.25
2025-09-26,173,21.41
2025-09-28,173,25.97
2025-09-29,173,24.62
2025-10-04,173,31.05
2025-10-06,173,26.84
2025-10-07,173,22.96
2025-10-09,173,31.19
2025-10-10,173,25.36
2025-10-14,173,23.45
2025-10-15,173,27.92
2025-10-19,173,19.55
2025-10-20,173,20.17
2025-10-21,173,29.73
2025-10-23,173,22.53
2025-10-24,173,16.89
2025-10-28,173,19.4
2025-10-29,173,23.21
2025-10-31,173,28.9
2025-11-01,173,31.09
2025-11-03,173,17.49
2025-11-06,173,20.81
2025-11-09,173,28.31
2025-11-11,173,23.46
2025-11-12,173,23.46
2025-11-13,173,24.35
2025-11-14,173,23.56
2025-11-15,173,19.34
2025-11-16,173,19.48
2025-11-17,173,17.34
2025-11-19,173,24.29
2025-11-20,173,21.54
2025-11-24,173,20.67
2025-11-26,173,20.85
2025-11-28,173,17.17
2025-12-03,173,23.08
2025-12-05,173,19.64
2025-12-08,173,20.07
2025-12-10,173,31.0
2025-12-11,173,24.69
2025-12-12,173,24.56
2025-12-15,173,19.37
2025-12-22,173,28.6
2025-12-23,173,19.41
2025-12-24,173,19.6
2025-12-25,173,27.23
2025-12-27,173,20.83
2025-12-29,173,22.33
2025-12-31,173,18.91
2025-01-01,174,11.05
2025-01-02,174,10.44
2025-01-05,174,11.29
2025-01-07,174,7.66
2025-01-09,174,11.19
2025-01-10,174,8.33
2025-01-13,174,9.39
2025-01-14,174,12.97
2025-01-16,174,7.78
2025-01-17,174,7.15
2025-01-22,174,9.22
2025-01-23,174,11.32
2025-01-24,174,8.91
2025-01-27,174,7.1
2025-01-29,174,10.77
2025-01-30,174,9.32
2025-01-31,174,12.84
2025-02-01,174,11.51
2025-02-03,174,8.35
2025-02-05,174,11.94
2025-02-07,174,8.12
2025-02-10,174,10.28
2025-02-11,174,7.03
2025-02-12,174,8.94
2025-02-14,174,9.16
2025-02-17,174,10.35
2025-02-19,174,8.41
2025-02-25,174,12.52
2025-02-27,174,12.59
2025-02-28,174,11.53
2025-03-03,174,7.88
2025-03-04,174,9.78
2025-03-06,174,7.63
2025-03-07,174,10.79
2025-03-09,174,7.73
2025-03-11,174,12.24
2025-03-12,174,10.93
2025-03-17,174,12.9
2025-03-18,174,10.97
2025-03-19,174,10.64
2025-03-21,174,8.77
2025-03-25,174,10.09
2025-03-28,174,12.37
2025-03-31,174,11.43
2025-04-01,174,10.8
2025-04-04,174,9.31
2025-04-07,174,7.97
2025-04-08,174,10.9
2025-04-15,174,8.6
2025-04-16,174,10.26
2025-04-18,174,8.67
2025-04-20,174,9.91
2025-04-21,174,11.05
2025-04-22,174,10.43
2025-04-23,174,8.6
2025-04-24,174,9.72
2025-04-25,174,7.58
2025-04-27,174,10.99
2025-04-28,174,11.26
2025-05-05,174,8.49
2025-05-06,174,7.93
2025-05-09,174,9.22
2025-05-11,174,7.29
2025-05-13,174,11.4
2025-05-14,174,7.65
2025-05-15,174,9.56
2025-05-17,174,12.68
2025-05-18,174,8.88
2025-05-21,174,7.43
2025-05-26,174,11.32
2025-05-30,174,8.33
2025-06-02,174,11.96
2025-06-03,174,11.75
2025-06-04,174,8.94
2025-06-05,174,10.16
2025-06-06,174,10.04
2025-06-10,174,12.57
2025-06-11,174,12.92
2025-06-13,174,8.22
2025-06-16,174,7.24
2025-06-17,174,8.83
2025-06-18,174,11.35
2025-06-19,174,10.91
2025-06-20,174,12.52
2025-06-25,174,11.18
2025-06-26,174,9.75
2025-06-27,174,7.84
2025-06-30,174,11.22
2025-07-02,174,7.34
2025-07-06,174,12.71
2025-07-07,174,8.33
2025-07-08,174,8.73
2025-07-10,174,7.55
2025-07-15,174,12.37
2025-07-18,174,12.94
2025-07-21,174,10.33
2025-07-23,174,7.39
2025-07-27,174,7.78
2025-07-28,174,8.45
2025-07-30,174,7.79
2025-07-31,174,12.32
2025-08-05,174,12.05
2025-08-07,174,8.94
2025-08-08,174,9.58
2025-08-09,174,9.17
2025-08-10,174,7.02
2025-08-11,174,10.09
2025-08-12,174,7.22
2025-08-14,174,9.92
2025-08-15,174,12.3
2025-08-19,174,7.38
2025-08-24,174,11.33
2025-08-25,174,10.01
2025-09-02,174,10.05
2025-09-03,174,7.49
2025-09-04,174,12.96
2025-09-06,174,12.82
2025-09-08,174,12.49
2025-09-12,174,8.45
2025-09-15,174,11.52
2025-09-17,174,9.37
2025-09-18,174,9.33
2025-09-20,174,11.8
2025-09-21,174,7.97
2025-09-22,174,8.41
2025-09-24,174,8.61
2025-09-25,174,11.62
2025-09-26,174,7.72
2025-09-29,174,8.59
2025-09-30,174,11.43
2025-10-02,174,10.76
2025-10-03,174,8.21
2025-10-06,174,12.28
2025-10-08,174,11.12
2025-10-09,174,11.6
2025-10-10,174,7.87
2025-10-13,174,8.46
2025-10-14,174,12.47
2025-10-15,174,9.44
2025-10-17,174,11.06
2025-10-18,174,8.36
2025-10-20,174,11.67
2025-10-21,174,8.94
2025-10-24,174,9.72
2025-10-26,174,8.82
2025-10-27,174,9.01
2025-10-28,174,7.38
2025-10-29,174,11.38
2025-10-30,174,9.03
2025-11-02,174,11.54
2025-11-03,174,7.56
2025-11-04,174,11.17
2025-11-06,174,8.34
2025-11-07,174,12.93
2025-11-10,174,8.36
2025-11-11,174,12.97
2025-11-13,174,8.62
2025-11-14,174,8.81
2025-11-20,174,12.01
2025-11-21,174,10.02
2025-11-24,174,12.57
2025-11-25,174,10.95
2025-11-27,174,8.41
2025-11-28,174,12.34
2025-11-30,174,12.46
2025-12-01,174,10.97
2025-12-02,174,7.59
2025-12-04,174,9.16
2025-12-05,174,11.83
2025-12-06,174,8.31
2025-12-08,174,7.68
2025-12-09,174,12.72
2025-12-11,174,10.53
2025-12-13,174,7.49
2025-12-15,174,9.99
2025-12-16,174,7.29
2025-12-17,174,9.61
2025-12-20,174,8.03
2025-12-22,174,12.72
2025-12-23,174,9.09
2025-12-25,174,9.48
2025-12-26,174,7.21
2025-12-29,174,7.12
2025-12-30,174,8.24
2025-12-31,174,7.48
2025-01-01,175,22.43
2025-01-03,175,19.74
2025-01-07,175,27.03
2025-01-09,175,19.33
2025-01-10,175,23.48
2025-01-13,175,28.52
2025-01-14,175,27.47
2025-01-20,175,22.05
2025-01-21,175,27.93
2025-01-24,175,16.92
2025-01-28,175,17.4
2025-02-01,175,23.15
2025-02-05,175,21.64
2025-02-06,175,27.52
2025-02-07,175,27.3
2025-02-09,175,22.55
2025-02-12,175,15.85
2025-02-13,175,15.89
2025-02-14,175,25.35
2025-02-16,175,26.63
2025-02-17,175,25.49
2025-02-21,175,16.2
2025-02-22,175,26.4
2025-02-25,175,17.76
2025-02-26,175,18.97
2025-02-28,175,17.16
2025-03-03,175,23.52
2025-03-04,175,16.39
2025-03-05,175,26.22
2025-03-07,175,18.23
2025-03-08,175,19.12
2025-03-10,175,16.96
2025-03-11,175,19.72
2025-03-12,175,17.7
2025-03-13,175,15.91
2025-03-14,175,20.46
2025-03-15,175,23.92
2025-03-18,175,17.12
2025-03-20,175,26.81
2025-03-23,175,25.87
2025-03-24,175,20.28
2025-03-26,175,18.96
2025-03-27,175,20.63
2025-04-01,175,22.33
2025-04-02,175,20.59
2025-04-03,175,21.35
2025-04-04,175,20.11
2025-04-05,175,20.53
2025-04-07,175,20.29
2025-04-11,175,20.73
2025-04-13,175,22.49
2025-04-14,175,24.22
2025-04-16,175,19.08
2025-04-18,175,18.29
2025-04-19,175,25.43
2025-04-21,175,23.2
2025-04-23,175,26.36
2025-04-25,175,22.85
2025-04-28,175,23.27
2025-04-30,175,17.29
2025-05-01,175,25.0
2025-05-02,175,19.67
2025-05-07,175,24.18
2025-05-08,175,18.58
2025-05-10,175,22.65
2025-05-11,175,18.34
2025-05-12,175,16.83
2025-05-13,175,20.09
2025-05-14,175,26.05
2025-05-15,175,19.5
2025-05-16,175,23.54
2025-05-18,175,15.47
2025-05-20,175,22.34
2025-05-23,175,18.05
2025-05-26,175,24.54
2025-05-27,175,20.24
2025-05-28,175,20.16
2025-05-29,175,21.46
2025-05-30,175,19.4
2025-05-31,175,16.91
2025-06-02,175,24.92
2025-06-03,175,24.77
2025-06-05,175,28.28
2025-06-06,175,22.4
2025-06-08,175,16.3
2025-06-09,175,23.56
2025-06-10,175,16.82
2025-06-11,175,24.08
2025-06-16,175,28.6
2025-06-18,175,15.43
2025-06-19,175,15.76
2025-06-25,175,17.24
2025-06-26,175,26.9
2025-06-27,175,15.85
2025-07-01,175,23.26
2025-07-04,175,25.73
2025-07-07,175,27.55
2025-07-09,175,26.2
2025-07-11,175,25.33
2025-07-14,175,23.6
2025-07-15,175,22.09
2025-07-16,175,16.51
2025-07-17,175,22.02
2025-07-21,175,26.31
2025-07-22,175,28.1
2025-07-23,175,19.78
2025-07-24,175,27.58
2025-07-27,175,23.92
2025-07-28,175,17.32
2025-07-29,175,17.14
2025-07-30,175,24.56
2025-07-31,175,16.06
2025-08-01,175,28.08
2025-08-02,175,21.27
2025-08-04,175,27.02
2025-08-07,175,22.86
2025-08-08,175,16.35
2025-08-11,175,16.39
2025-08-13,175,21.1
2025-08-18,175,21.05
2025-08-21,175,23.6
2025-08-25,175,22.96
2025-08-28,175,17.97
2025-08-29,175,23.28
2025-08-31,175,25.26
2025-09-01,175,19.35
2025-09-03,175,21.7
2025-09-04,175,22.79
2025-09-05,175,16.02
2025-09-08,175,27.57
2025-09-10,175,21.31
2025-09-11,175,15.62
2025-09-12,175,28.58
2025-09-15,175,27.23
2025-09-16,175,26.66
2025-09-17,175,28.27
2025-09-19,175,16.19
2025-09-20,175,24.43
2025-09-22,175,21.32
2025-09-23,175,20.67
2025-09-24,175,20.89
2025-09-26,175,18.28
2025-10-02,175,19.04
2025-10-03,175,22.91
2025-10-06,175,24.74
2025-10-07,175,20.04
2025-10-08,175,27.21
2025-10-14,175,28.09
2025-10-15,175,19.7
2025-10-16,175,15.95
2025-10-17,175,21.05
2025-10-22,175,15.53
2025-10-23,175,16.85
2025-10-24,175,16.71
2025-10-25,175,21.81
2025-10-28,175,22.78
2025-10-30,175,23.18
2025-10-31,175,19.54
2025-11-01,175,27.63
2025-11-03,175,25.08
2025-11-04,175,26.86
2025-11-06,175,22.79
2025-11-10,175,22.6
2025-11-11,175,19.29
2025-11-14,175,27.49
2025-11-16,175,17.58
2025-11-22,175,22.66
2025-11-24,175,28.48
2025-11-27,175,15.54
2025-11-28,175,27.72
2025-12-01,175,17.09
2025-12-02,175,17.38
2025-12-03,175,15.48
2025-12-04,175,24.25
2025-12-08,175,27.32
2025-12-09,175,23.35
2025-12-10,175,22.0
2025-12-11,175,18.79
2025-12-12,175,19.6
2025-12-15,175,18.15
2025-12-16,175,20.01
2025-12-17,175,26.43
2025-12-21,175,24.76
2025-12-23,175,25.81
2025-12-31,175,23.37
2025-01-01,176,34.7
2025-01-07,176,35.6
2025-01-08,176,32.71
2025-01-10,176,22.94
2025-01-13,176,26.62
2025-01-15,176,30.59
2025-01-16,176,30.92
2025-01-17,176,33.13
2025-01-18,176,30.5
2025-01-20,176,34.29
2025-01-22,176,33.05
2025-01-23,176,30.97
2025-01-24,176,36.3
2025-01-27,176,37.43
2025-01-29,176,34.82
2025-01-30,176,28.11
2025-02-02,176,25.44
2025-02-04,176,36.52
2025-02-05,176,33.4
2025-02-07,176,21.42
2025-02-10,176,28.39
2025-02-11,176,24.82
2025-02-12,176,35.42
2025-02-14,176,23.41
2025-02-17,176,21.16
2025-02-19,176,28.74
2025-02-24,176,23.36
2025-02-25,176,23.15
2025-02-26,176,22.0
2025-02-27,176,34.13
2025-03-03,176,33.51
2025-03-04,176,25.72
2025-03-06,176,30.0
2025-03-12,176,26.83
2025-03-14,176,23.08
2025-03-17,176,32.63
2025-03-18,176,28.62
2025-03-19,176,36.92
2025-03-20,176,37.02
2025-03-21,176,32.41
2025-03-22,176,26.2
2025-03-24,176,31.0
2025-03-25,176,21.83
2025-03-27,176,26.64
2025-03-28,176,22.88
2025-03-31,176,31.2
2025-04-05,176,23.7
2025-04-07,176,32.74
2025-04-09,176,32.59
2025-04-11,176,27.25
2025-04-13,176,22.75
2025-04-14,176,37.62
2025-04-21,176,23.65
2025-04-22,176,32.66
2025-04-23,176,22.43
2025-04-24,176,29.44
2025-04-28,176,38.32
2025-04-30,176,32.84
2025-05-05,176,23.77
2025-05-08,176,30.62
2025-05-09,176,36.83
2025-05-12,176,34.68
2025-05-14,176,29.49
2025-05-15,176,28.15
2025-05-17,176,23.38
2025-05-20,176,37.28
2025-05-23,176,37.74
2025-05-26,176,30.56
2025-05-28,176,29.71
2025-05-30,176,31.46
2025-06-01,176,25.63
2025-06-02,176,33.7
2025-06-03,176,35.2
2025-06-05,176,25.69
2025-06-06,176,30.74
2025-06-08,176,23.88
2025-06-12,176,35.16
2025-06-13,176,34.19
2025-06-15,176,27.43
2025-06-18,176,29.32
2025-06-22,176,26.84
2025-06-26,176,31.38
2025-06-27,176,34.24
2025-06-29,176,28.19
2025-07-01,176,29.7
2025-07-02,176,34.27
2025-07-04,176,22.09
2025-07-06,176,35.8
2025-07-08,176,36.27
2025-07-09,176,26.22
2025-07-10,176,31.06
2025-07-15,176,33.92
2025-07-16,176,37.31
2025-07-17,176,33.93
2025-07-18,176,22.1
2025-07-21,176,33.83
2025-07-22,176,26.19
2025-07-23,176,34.46
2025-07-25,176,31.99
2025-07-29,176,32.77
2025-07-31,176,27.04
2025-08-03,176,36.85
2025-08-05,176,32.57
2025-08-07,176,25.62
2025-08-09,176,37.3
2025-08-11,176,22.01
2025-08-12,176,24.51
2025-08-14,176,28.25
2025-08-18,176,25.73
2025-08-19,176,36.42
2025-08-20,176,23.27
2025-08-21,176,22.03
2025-08-26,176,24.67
2025-08-27,176,38.5
2025-08-29,176,35.62
2025-09-01,176,29.18
2025-09-04,176,36.64
2025-09-09,176,36.61
2025-09-14,176,21.86
2025-09-15,176,28.96
2025-09-16,176,36.67
2025-09-19,176,23.62
2025-09-22,176,21.88
2025-09-26,176,32.84
2025-09-29,176,30.57
2025-09-30,176,35.91
2025-10-02,176,32.0
2025-10-03,176,27.26
2025-10-04,176,30.36
2025-10-05,176,32.74
2025-10-06,176,31.63
2025-10-09,176,35.5
2025-10-12,176,36.3
2025-10-15,176,35.76
2025-10-16,176,31.38
2025-10-17,176,37.14
2025-10-20,176,35.52
2025-10-24,176,34.4
2025-10-26,176,36.25
2025-10-27,176,21.31
2025-10-30,176,36.2
2025-11-03,176,27.71
2025-11-04,176,37.87
2025-11-06,176,34.33
2025-11-09,176,33.6
2025-11-10,176,25.35
2025-11-13,176,29.38
2025-11-15,176,33.73
2025-11-16,176,25.4
2025-11-18,176,26.31
2025-11-19,176,36.3
2025-11-20,176,30.59
2025-11-21,176,29.0
2025-11-22,176,36.09
2025-11-23,176,37.56
2025-11-24,176,36.05
2025-11-25,176,23.75
2025-11-26,176,25.69
2025-11-27,176,26.69
2025-11-28,176,29.97
2025-11-29,176,25.64
2025-12-02,176,25.72
2025-12-03,176,38.66
2025-12-04,176,35.64
2025-12-09,176,38.51
2025-12-10,176,37.71
2025-12-12,176,24.97
2025-12-15,176,36.4
2025-12-16,176,35.85
2025-12-17,176,31.66
2025-12-18,176,38.0
2025-12-19,176,28.0
2025-12-23,176,34.95
2025-12-26,176,29.14
2025-12-28,176,34.39
2025-12-30,176,25.9
2025-01-02,177,5.08
2025-01-03,177,4.42
2025-01-04,177,5.69
2025-01-05,177,5.49
2025-01-06,177,5.53
2025-01-08,177,5.66
2025-01-13,177,4.62
2025-01-15,177,5.14
2025-01-16,177,6.07
2025-01-19,177,4.1
2025-01-20,177,4.32
2025-01-23,177,3.51
2025-01-26,177,5.27
2025-01-29,177,5.54
2025-01-30,177,5.36
2025-02-03,177,4.54
2025-02-04,177,6.27
2025-02-06,177,5.5
2025-02-07,177,6.33
2025-02-10,177,5.53
2025-02-12,177,4.5
2025-02-13,177,5.21
2025-02-15,177,6.31
2025-02-19,177,5.55
2025-02-21,177,6.39
2025-02-23,177,6.49
2025-02-27,177,4.58
2025-02-28,177,5.93
2025-03-03,177,5.72
2025-03-05,177,4.78
2025-03-06,177,4.52
2025-03-09,177,5.02
2025-03-11,177,3.81
2025-03-14,177,4.53
2025-03-15,177,4.3
2025-03-17,177,4.59
2025-03-18,177,5.36
2025-03-19,177,5.49
2025-03-23,177,6.35
2025-03-24,177,6.03
2025-03-30,177,5.24
2025-03-31,177,4.32
2025-04-01,177,6.04
2025-04-02,177,6.39
2025-04-03,177,4.0
2025-04-04,177,3.93
2025-04-06,177,5.05
2025-04-08,177,4.71
2025-04-09,177,5.76
2025-04-10,177,6.47
2025-04-11,177,3.51
2025-04-13,177,4.61
2025-04-14,177,4.24
2025-04-16,177,3.93
2025-04-17,177,4.43
2025-04-19,177,5.3
2025-04-21,177,5.35
2025-04-22,177,5.28
2025-04-25,177,3.58
2025-04-26,177,4.59
2025-05-03,177,5.42
2025-05-04,177,5.52
2025-05-06,177,4.0
2025-05-07,177,5.93
2025-05-08,177,5.11
2025-05-09,177,4.98
2025-05-12,177,6.44
2025-05-13,177,4.06
2025-05-14,177,5.61
2025-05-15,177,3.99
2025-05-16,177,5.73
2025-05-17,177,6.2
2025-05-20,177,6.37
2025-05-22,177,3.87
2025-05-23,177,4.74
2025-05-25,177,5.77
2025-05-26,177,3.95
2025-05-28,177,5.63
2025-05-29,177,5.72
2025-06-02,177,5.93
2025-06-03,177,6.42
2025-06-08,177,4.47
2025-06-09,177,5.23
2025-06-10,177,4.28
2025-06-16,177,5.13
2025-06-17,177,6.2
2025-06-26,177,5.15
2025-06-27,177,5.97
2025-06-30,177,6.45
2025-07-01,177,3.88
2025-07-07,177,5.86
2025-07-09,177,6.46
2025-07-12,177,4.14
2025-07-14,177,5.98
2025-07-15,177,4.12
2025-07-16,177,4.5
2025-07-17,177,6.44
2025-07-20,177,5.62
2025-07-24,177,6.0
2025-07-27,177,4.22
2025-07-28,177,4.28
2025-07-29,177,5.65
2025-07-31,177,5.89
2025-08-01,177,6.33
2025-08-04,177,5.53
2025-08-05,177,6.44
2025-08-07,177,5.68
2025-08-11,177,4.26
2025-08-13,177,4.53
2025-08-15,177,5.58
2025-08-18,177,4.87
2025-08-20,177,3.69
2025-08-21,177,5.88
2025-08-22,177,5.58
2025-08-26,177,4.99
2025-08-27,177,4.34
2025-08-29,177,3.98
2025-08-30,177,4.36
2025-09-01,177,5.53
2025-09-03,177,6.12
2025-09-04,177,3.73
2025-09-11,177,4.27
2025-09-12,177,3.54
2025-09-13,177,3.86
2025-09-14,177,3.77
2025-09-15,177,5.14
2025-09-16,177,6.49
2025-09-17,177,6.2
2025-09-18,177,3.91
2025-09-20,177,3.62
2025-09-21,177,5.3
2025-09-22,177,3.98
2025-09-23,177,6.36
2025-09-25,177,4.46
2025-09-27,177,5.12
2025-09-29,177,5.32
2025-10-06,177,3.97
2025-10-07,177,6.36
2025-10-08,177,5.55
2025-10-10,177,5.18
2025-10-13,177,5.65
2025-10-15,177,4.15
2025-10-17,177,5.23
2025-10-18,177,4.17
2025-10-20,177,5.92
2025-10-21,177,4.47
2025-10-22,177,5.1
2025-10-24,177,5.46
2025-10-27,177,5.85
2025-10-31,177,5.46
2025-11-03,177,6.35
2025-11-04,177,5.22
2025-11-10,177,4.04
2025-11-11,177,3.76
2025-11-13,177,6.4
2025-11-17,177,4.18
2025-11-18,177,4.61
2025-11-19,177,5.5
2025-11-20,177,3.8
2025-11-23,177,4.11
2025-11-24,177,5.08
2025-11-28,177,5.37
2025-11-29,177,5.63
2025-11-30,177,3.54
2025-12-01,177,4.39
2025-12-08,177,5.74
2025-12-09,177,4.48
2025-12-10,177,4.61
2025-12-12,177,4.74
2025-12-14,177,4.4
2025-12-15,177,5.39
2025-12-18,177,4.44
2025-12-19,177,5.58
2025-12-20,177,4.14
2025-12-21,177,5.1
2025-12-25,177,5.26
2025-12-26,177,6.4
2025-12-27,177,6.13
2025-12-28,177,5.09
2025-12-31,177,3.88
2025-01-01,178,10.93
2025-01-02,178,16.67
2025-01-07,178,12.43
2025-01-08,178,12.72
2025-01-09,178,9.62
2025-01-10,178,12.05
2025-01-15,178,13.49
2025-01-16,178,10.08
2025-01-19,178,9.75
2025-01-20,178,15.64
2025-01-21,178,12.49
2025-01-23,178,10.18
2025-01-25,178,10.15
2025-01-27,178,13.95
2025-01-28,178,10.17
2025-01-29,178,12.35
2025-01-31,178,9.39
2025-02-02,178,10.3
2025-02-04,178,14.11
2025-02-05,178,15.51
2025-02-06,178,12.79
2025-02-07,178,14.33
2025-02-09,178,9.26
2025-02-10,178,14.86
2025-02-11,178,12.27
2025-02-12,178,12.01
2025-02-13,178,15.33
2025-02-14,178,11.65
2025-02-17,178,13.19
2025-02-19,178,14.73
2025-02-20,178,10.45
2025-02-21,178,13.02
2025-02-23,178,9.97
2025-02-24,178,9.55
2025-02-25,178,14.43
2025-02-27,178,12.48
2025-02-28,178,10.8
2025-03-02,178,9.22
2025-03-03,178,11.72
2025-03-04,178,15.79
2025-03-05,178,9.31
2025-03-06,178,14.28
2025-03-07,178,12.04
2025-03-08,178,12.15
2025-03-10,178,13.89
2025-03-11,178,11.56
2025-03-15,178,14.53
2025-03-17,178,10.58
2025-03-18,178,11.91
2025-03-19,178,15.03
2025-03-20,178,12.68
2025-03-21,178,13.9
2025-03-25,178,9.97
2025-03-30,178,13.32
2025-04-01,178,14.02
2025-04-02,178,9.27
2025-04-04,178,13.66
2025-04-05,178,15.37
2025-04-07,178,14.57
2025-04-08,178,11.71
2025-04-11,178,14.55
2025-04-12,178,9.23
2025-04-13,178,9.47
2025-04-16,178,10.73
2025-04-17,178,13.49
2025-04-18,178,9.15
2025-04-20,178,13.62
2025-04-21,178,12.68
2025-04-23,178,12.89
2025-04-25,178,16.41
2025-04-30,178,10.9
2025-05-06,178,15.76
2025-05-07,178,9.54
2025-05-12,178,15.1
2025-05-13,178,15.03
2025-05-16,178,9.95
2025-05-17,178,12.93
2025-05-19,178,10.41
2025-05-20,178,9.77
2025-05-22,178,12.12
2025-05-23,178,9.98
2025-05-26,178,16.7
2025-05-27,178,13.83
2025-06-01,178,15.69
2025-06-05,178,10.77
2025-06-06,178,12.27
2025-06-10,178,16.47
2025-06-12,178,15.87
2025-06-13,178,13.09
2025-06-16,178,9.53
2025-06-18,178,10.29
2025-06-23,178,14.76
2025-06-25,178,12.77
2025-06-28,178,12.16
2025-07-01,178,11.55
2025-07-02,178,16.64
2025-07-03,178,11.7
2025-07-04,178,12.22
2025-07-06,178,12.43
2025-07-11,178,16.88
2025-07-13,178,15.4
2025-07-14,178,11.79
2025-07-15,178,15.51
2025-07-16,178,13.97
2025-07-17,178,10.77
2025-07-18,178,10.1
2025-07-21,178,9.46
2025-07-26,178,12.08
2025-07-28,178,9.77
2025-07-29,178,15.97
2025-08-01,178,16.29
2025-08-04,178,11.8
2025-08-06,178,9.95
2025-08-07,178,10.42
2025-08-08,178,13.67
2025-08-12,178,9.73
2025-08-19,178,15.74
2025-08-25,178,12.51
2025-08-27,178,12.55
2025-09-01,178,15.55
2025-09-03,178,12.53
2025-09-04,178,13.1
2025-09-08,178,9.42
2025-09-11,178,11.42
2025-09-13,178,9.92
2025-09-15,178,15.56
2025-09-17,178,14.66
2025-09-19,178,16.16
2025-09-21,178,11.36
2025-09-24,178,14.09
2025-09-25,178,11.61
2025-09-26,178,16.03
2025-09-29,178,13.84
2025-09-30,178,10.61
2025-10-01,178,12.15
2025-10-02,178,9.5
2025-10-06,178,10.91
2025-10-07,178,12.11
2025-10-09,178,16.55
2025-10-10,178,9.31
2025-10-14,178,13.59
2025-10-15,178,15.09
2025-10-16,178,11.0
2025-10-17,178,11.02
2025-10-18,178,14.0
2025-10-23,178,14.87
2025-10-28,178,14.3
2025-10-29,178,13.66
2025-10-30,178,10.73
2025-11-03,178,9.1
2025-11-04,178,10.22
2025-11-06,178,10.91
2025-11-07,178,11.95
2025-11-10,178,16.24
2025-11-11,178,11.64
2025-11-17,178,11.92
2025-11-18,178,11.28
2025-11-19,178,15.65
2025-11-21,178,9.6
2025-11-22,178,15.69
2025-11-25,178,13.59
2025-11-27,178,10.73
2025-11-28,178,10.33
2025-11-29,178,14.5
2025-12-02,178,16.45
2025-12-04,178,9.76
2025-12-05,178,11.01
2025-12-06,178,9.19
2025-12-08,178,9.7
2025-12-09,178,9.18
2025-12-10,178,13.74
2025-12-11,178,9.64
2025-12-12,178,9.44
2025-12-15,178,15.91
2025-12-16,178,9.39
2025-12-17,178,11.16
2025-12-18,178,16.15
2025-12-19,178,10.44
2025-12-23,178,11.73
2025-12-24,178,10.94
2025-12-26,178,10.19
2025-12-27,178,13.8
2025-12-28,178,15.33
2025-12-29,178,11.48
2025-12-31,178,16.8
2025-01-01,179,20.44
2025-01-03,179,36.03
2025-01-04,179,22.03
2025-01-06,179,30.5
2025-01-08,179,22.95
2025-01-09,179,29.94
2025-01-12,179,29.15
2025-01-14,179,20.75
2025-01-15,179,36.51
2025-01-16,179,21.35
2025-01-20,179,33.24
2025-01-21,179,31.22
2025-01-23,179,36.72
2025-01-27,179,34.26
2025-01-29,179,24.81
2025-01-30,179,20.55
2025-02-01,179,36.4
2025-02-03,179,27.75
2025-02-05,179,25.83
2025-02-08,179,29.86
2025-02-12,179,31.35
2025-02-17,179,31.81
2025-02-18,179,34.59
2025-02-19,179,27.43
2025-02-20,179,31.66
2025-02-21,179,27.15
2025-02-24,179,27.25
2025-02-26,179,25.85
2025-02-28,179,30.38
2025-03-03,179,23.69
2025-03-04,179,25.63
2025-03-06,179,28.33
2025-03-08,179,24.56
2025-03-10,179,21.69
2025-03-11,179,22.79
2025-03-12,179,22.19
2025-03-13,179,28.87
2025-03-14,179,35.98
2025-03-17,179,24.6
2025-03-18,179,21.32
2025-03-19,179,24.43
2025-03-21,179,24.79
2025-03-24,179,24.6
2025-03-25,179,23.52
2025-03-27,179,27.18
2025-03-30,179,28.02
2025-04-01,179,35.01
2025-04-03,179,24.74
2025-04-06,179,30.35
2025-04-07,179,29.53
2025-04-08,179,32.58
2025-04-09,179,31.47
2025-04-10,179,37.05
2025-04-11,179,27.39
2025-04-14,179,26.11
2025-04-16,179,24.43
2025-04-18,179,27.54
2025-04-22,179,30.04
2025-04-23,179,27.25
2025-04-24,179,25.42
2025-04-28,179,21.64
2025-04-30,179,30.33
2025-05-05,179,21.99
2025-05-08,179,21.23
2025-05-10,179,31.36
2025-05-11,179,23.46
2025-05-12,179,30.69
2025-05-14,179,28.04
2025-05-15,179,36.59
2025-05-19,179,33.97
2025-05-20,179,20.51
2025-05-21,179,35.21
2025-05-23,179,30.57
2025-05-26,179,33.4
2025-05-27,179,24.85
2025-05-28,179,26.37
2025-05-30,179,28.43
2025-06-03,179,25.67
2025-06-07,179,34.34
2025-06-08,179,21.66
2025-06-09,179,30.43
2025-06-11,179,31.66
2025-06-12,179,37.24
2025-06-13,179,32.19
2025-06-14,179,21.32
2025-06-16,179,36.22
2025-06-17,179,36.68
2025-06-18,179,31.57
2025-06-20,179,31.79
2025-06-23,179,24.28
2025-06-27,179,22.52
2025-07-01,179,29.02
2025-07-03,179,30.51
2025-07-04,179,21.67
2025-07-07,179,23.12
2025-07-08,179,31.85
2025-07-10,179,28.04
2025-07-15,179,23.29
2025-07-16,179,37.17
2025-07-17,179,23.76
2025-07-18,179,22.9
2025-07-22,179,25.84
2025-07-23,179,25.3
2025-07-27,179,36.76
2025-08-01,179,25.99
2025-08-04,179,31.1
2025-08-05,179,35.19
2025-08-06,179,23.72
2025-08-08,179,28.32
2025-08-09,179,28.04
2025-08-13,179,35.77
2025-08-15,179,37.34
2025-08-18,179,27.0
2025-08-19,179,33.12
2025-08-21,179,31.99
2025-08-22,179,23.26
2025-08-23,179,33.19
2025-08-25,179,36.17
2025-08-26,179,31.13
2025-08-27,179,27.31
2025-08-28,179,26.82
2025-09-03,179,29.31
2025-09-09,179,30.11
2025-09-12,179,24.71
2025-09-15,179,22.48
2025-09-16,179,24.42
2025-09-18,179,24.4
2025-09-19,179,32.34
2025-09-20,179,24.11
2025-09-22,179,30.29
2025-09-24,179,23.2
2025-09-25,179,28.41
2025-09-28,179,37.32
2025-09-29,179,29.49
2025-09-30,179,32.45
2025-10-01,179,29.22
2025-10-02,179,31.63
2025-10-03,179,22.49
2025-10-06,179,27.26
2025-10-07,179,28.02
2025-10-10,179,29.23
2025-10-11,179,20.93
2025-10-12,179,37.1
2025-10-15,179,23.98
2025-10-16,179,20.67
2025-10-17,179,30.85
2025-10-20,179,29.59
2025-10-22,179,35.51
2025-10-23,179,34.68
2025-10-25,179,23.96
2025-10-26,179,27.21
2025-10-27,179,26.38
2025-10-28,179,34.69
2025-10-29,179,35.04
2025-10-31,179,26.67
2025-11-08,179,32.72
2025-11-11,179,34.73
2025-11-12,179,33.71
2025-11-13,179,21.15
2025-11-18,179,31.03
2025-11-19,179,24.81
2025-11-21,179,28.04
2025-11-25,179,27.99
2025-11-30,179,24.32
2025-12-01,179,34.42
2025-12-02,179,26.97
2025-12-04,179,32.54
2025-12-05,179,27.65
2025-12-07,179,22.09
2025-12-08,179,21.92
2025-12-09,179,30.66
2025-12-11,179,33.6
2025-12-12,179,36.46
2025-12-13,179,27.85
2025-12-14,179,28.72
2025-12-16,179,36.07
2025-12-17,179,22.18
2025-12-19,179,28.64
2025-12-22,179,33.38
2025-12-23,179,21.13
2025-12-24,179,21.03
2025-12-25,179,27.09
2025-12-27,179,31.98
2025-12-29,179,22.65
2025-01-01,180,27.59
2025-01-02,180,29.88
2025-01-03,180,26.44
2025-01-05,180,30.84
2025-01-06,180,28.89
2025-01-07,180,22.46
2025-01-08,180,25.87
2025-01-09,180,20.36
2025-01-10,180,25.43
2025-01-11,180,22.51
2025-01-12,180,20.49
2025-01-13,180,28.26
2025-01-14,180,21.05
2025-01-15,180,17.52
2025-01-16,180,18.75
2025-01-17,180,22.43
2025-01-18,180,28.28
2025-01-20,180,21.75
2025-01-21,180,28.5
2025-01-22,180,23.43
2025-01-23,180,21.2
2025-01-27,180,28.6
2025-01-28,180,18.12
2025-01-30,180,22.65
2025-02-01,180,18.64
2025-02-03,180,19.99
2025-02-04,180,25.71
2025-02-05,180,19.29
2025-02-07,180,26.21
2025-02-09,180,23.51
2025-02-10,180,20.1
2025-02-11,180,21.65
2025-02-12,180,27.78
2025-02-13,180,22.53
2025-02-14,180,20.91
2025-02-18,180,25.04
2025-02-19,180,29.55
2025-02-20,180,30.48
2025-02-23,180,29.11
2025-02-24,180,30.86
2025-02-25,180,26.65
2025-02-26,180,23.69
2025-02-27,180,22.32
2025-02-28,180,25.4
2025-03-05,180,28.57
2025-03-06,180,20.73
2025-03-07,180,25.13
2025-03-08,180,28.83
2025-03-11,180,23.02
2025-03-12,180,16.96
2025-03-14,180,28.53
2025-03-17,180,19.54
2025-03-18,180,23.14
2025-03-19,180,29.34
2025-03-20,180,22.95
2025-03-21,180,31.13
2025-03-25,180,30.02
2025-03-26,180,20.01
2025-03-27,180,27.04
2025-03-28,180,27.1
2025-03-31,180,20.39
2025-04-01,180,29.46
2025-04-02,180,28.95
2025-04-03,180,19.3
2025-04-04,180,25.63
2025-04-07,180,28.87
2025-04-08,180,30.21
2025-04-10,180,25.57
2025-04-13,180,20.33
2025-04-15,180,29.53
2025-04-16,180,23.0
2025-04-20,180,27.75
2025-04-22,180,25.73
2025-04-24,180,30.83
2025-04-25,180,25.55
2025-04-28,180,20.59
2025-04-29,180,21.86
2025-04-30,180,25.34
2025-05-02,180,30.18
2025-05-03,180,20.79
2025-05-05,180,18.1
2025-05-07,180,22.06
2025-05-14,180,25.08
2025-05-17,180,30.48
2025-05-20,180,25.09
2025-05-21,180,25.23
2025-05-23,180,19.0
2025-05-30,180,23.75
2025-06-03,180,25.14
2025-06-05,180,20.04
2025-06-09,180,22.37
2025-06-10,180,21.77
2025-06-11,180,30.07
2025-06-14,180,17.69
2025-06-17,180,28.16
2025-06-18,180,19.18
2025-06-20,180,17.12
2025-06-21,180,27.35
2025-06-23,180,22.71
2025-06-24,180,19.9
2025-06-25,180,26.98
2025-06-27,180,19.28
2025-06-30,180,26.74
2025-07-01,180,26.31
2025-07-02,180,28.86
2025-07-03,180,24.0
2025-07-08,180,27.22
2025-07-09,180,18.23
2025-07-10,180,28.73
2025-07-11,180,19.07
2025-07-14,180,23.28
2025-07-17,180,16.88
2025-07-18,180,19.4
2025-07-21,180,17.52
2025-07-22,180,23.23
2025-07-23,180,24.81
2025-07-24,180,22.2
2025-07-25,180,27.54
2025-07-27,180,22.01
2025-08-01,180,24.82
2025-08-07,180,18.54
2025-08-11,180,25.97
2025-08-13,180,24.76
2025-08-14,180,30.11
2025-08-15,180,19.38
2025-08-18,180,28.34
2025-08-19,180,31.09
2025-08-20,180,24.8
2025-08-21,180,24.47
2025-08-22,180,26.62
2025-08-23,180,26.87
2025-08-25,180,17.73
2025-08-26,180,28.21
2025-08-28,180,16.9
2025-08-31,180,20.78
2025-09-01,180,29.33
2025-09-02,180,22.19
2025-09-08,180,18.76
2025-09-10,180,25.72
2025-09-11,180,30.63
2025-09-12,180,22.01
2025-09-15,180,26.85
2025-09-17,180,20.26
2025-09-18,180,21.31
2025-09-19,180,22.98
2025-09-22,180,24.73
2025-09-25,180,30.8
2025-09-27,180,26.8
2025-09-29,180,27.3
2025-09-30,180,18.39
2025-10-02,180,23.41
2025-10-03,180,23.36
2025-10-04,180,18.35
2025-10-06,180,29.35
2025-10-07,180,26.55
2025-10-08,180,21.23
2025-10-10,180,22.17
2025-10-17,180,22.01
2025-10-19,180,26.61
2025-10-28,180,28.96
2025-10-29,180,22.79
2025-10-30,180,26.0
2025-10-31,180,24.7
2025-11-01,180,26.94
2025-11-04,180,29.12
2025-11-06,180,18.17
2025-11-07,180,26.12
2025-11-13,180,22.46
2025-11-14,180,21.78
2025-11-17,180,20.37
2025-11-18,180,22.69
2025-11-19,180,19.1
2025-11-21,180,30.86
2025-11-22,180,30.06
2025-11-27,180,29.84
2025-11-30,180,28.63
2025-12-01,180,21.5
2025-12-03,180,19.17
2025-12-04,180,20.64
2025-12-05,180,20.26
2025-12-10,180,28.31
2025-12-11,180,22.66
2025-12-12,180,24.99
2025-12-15,180,29.73
2025-12-16,180,31.14
2025-12-17,180,26.06
2025-12-18,180,26.86
2025-12-19,180,18.64
2025-12-20,180,24.12
2025-12-23,180,29.25
2025-12-24,180,18.55
2025-12-25,180,18.27
2025-12-30,180,24.48
2025-12-31,180,26.82
2025-01-06,181,14.51
2025-01-07,181,12.41
2025-01-08,181,9.79
2025-01-09,181,8.76
2025-01-10,181,13.47
2025-01-11,181,8.41
2025-01-12,181,13.0
2025-01-13,181,14.27
2025-01-14,181,12.64
2025-01-17,181,12.85
2025-01-21,181,8.62
2025-01-22,181,10.72
2025-01-23,181,13.32
2025-01-24,181,12.3
2025-01-28,181,12.17
2025-01-30,181,15.43
2025-01-31,181,12.99
2025-02-01,181,12.14
2025-02-03,181,11.06
2025-02-04,181,14.64
2025-02-05,181,11.5
2025-02-07,181,12.95
2025-02-11,181,14.43
2025-02-12,181,11.31
2025-02-14,181,10.95
2025-02-16,181,13.88
2025-02-19,181,14.88
2025-02-20,181,14.33
2025-02-21,181,13.1
2025-02-24,181,8.66
2025-02-25,181,13.47
2025-02-26,181,9.77
2025-02-27,181,10.31
2025-03-01,181,11.53
2025-03-04,181,13.3
2025-03-05,181,13.85
2025-03-12,181,14.79
2025-03-13,181,10.97
2025-03-17,181,10.26
2025-03-18,181,13.42
2025-03-19,181,12.55
2025-03-20,181,13.22
2025-03-26,181,12.69
2025-03-27,181,12.12
2025-03-29,181,10.72
2025-03-30,181,12.47
2025-04-01,181,11.03
2025-04-02,181,13.7
2025-04-03,181,10.39
2025-04-04,181,14.54
2025-04-07,181,15.3
2025-04-09,181,10.08
2025-04-10,181,8.44
2025-04-13,181,13.34
2025-04-15,181,14.19
2025-04-21,181,9.0
2025-04-22,181,11.29
2025-04-23,181,8.69
2025-04-24,181,10.48
2025-05-01,181,12.28
2025-05-02,181,12.54
2025-05-05,181,9.99
2025-05-13,181,9.15
2025-05-15,181,9.21
2025-05-19,181,13.61
2025-05-21,181,11.7
2025-05-23,181,11.78
2025-05-27,181,11.12
2025-05-28,181,15.1
2025-05-30,181,9.42
2025-05-31,181,12.08
2025-06-03,181,15.55
2025-06-06,181,9.27
2025-06-08,181,11.63
2025-06-09,181,14.9
2025-06-11,181,12.37
2025-06-12,181,12.1
2025-06-14,181,8.87
2025-06-17,181,8.67
2025-06-18,181,14.21
2025-06-19,181,10.84
2025-06-21,181,13.42
2025-06-26,181,9.47
2025-07-01,181,9.69
2025-07-03,181,13.91
2025-07-04,181,12.94
2025-07-06,181,13.3
2025-07-07,181,11.07
2025-07-08,181,10.58
2025-07-10,181,13.68
2025-07-11,181,14.55
2025-07-13,181,11.93
2025-07-15,181,12.76
2025-07-16,181,13.42
2025-07-17,181,12.69
2025-07-19,181,14.18
2025-07-21,181,12.78
2025-07-22,181,15.49
2025-07-23,181,13.54
2025-07-24,181,11.24
2025-07-25,181,10.6
2025-08-01,181,12.83
2025-08-04,181,9.78
2025-08-06,181,13.67
2025-08-13,181,13.19
2025-08-19,181,9.11
2025-08-20,181,13.4
2025-08-21,181,12.51
2025-08-24,181,13.38
2025-08-25,181,13.55
2025-08-26,181,12.27
2025-08-27,181,10.46
2025-08-29,181,14.94
2025-09-03,181,11.32
2025-09-04,181,11.27
2025-09-08,181,8.73
2025-09-10,181,11.94
2025-09-14,181,11.12
2025-09-15,181,11.51
2025-09-17,181,14.25
2025-09-22,181,13.17
2025-09-24,181,14.49
2025-09-29,181,9.46
2025-09-30,181,11.29
2025-10-02,181,13.14
2025-10-03,181,10.68
2025-10-07,181,9.11
2025-10-10,181,12.69
2025-10-11,181,15.49
2025-10-14,181,10.84
2025-10-15,181,13.29
2025-10-17,181,9.09
2025-10-18,181,13.5
2025-10-19,181,15.13
2025-10-21,181,14.9
2025-10-22,181,15.28
2025-10-23,181,9.3
2025-10-24,181,12.69
2025-10-27,181,15.54
2025-10-28,181,9.13
2025-10-29,181,9.77
2025-10-30,181,11.15
2025-10-31,181,9.24
2025-11-01,181,12.96
2025-11-02,181,14.57
2025-11-03,181,12.32
2025-11-04,181,9.73
2025-11-08,181,13.79
2025-11-09,181,13.79
2025-11-11,181,11.04
2025-11-14,181,12.42
2025-11-15,181,11.46
2025-11-19,181,11.5
2025-11-20,181,12.73
2025-11-21,181,8.92
2025-11-23,181,11.97
2025-11-24,181,8.78
2025-11-25,181,11.35
2025-11-26,181,14.26
2025-11-27,181,8.6
2025-11-28,181,10.79
2025-12-01,181,12.91
2025-12-02,181,14.94
2025-12-03,181,9.69
2025-12-06,181,13.49
2025-12-07,181,9.85
2025-12-08,181,9.62
2025-12-09,181,15.22
2025-12-11,181,13.73
2025-12-12,181,12.41
2025-12-15,181,10.49
2025-12-16,181,10.35
2025-12-17,181,11.99
2025-12-18,181,14.87
2025-12-22,181,13.97
2025-12-23,181,10.24
2025-12-24,181,12.52
2025-12-26,181,11.57
2025-12-27,181,10.47
2025-12-29,181,13.73
2025-12-31,181,11.04
2025-01-01,182,8.13
2025-01-03,182,6.46
2025-01-04,182,11.51
2025-01-05,182,10.25
2025-01-08,182,9.8
2025-01-09,182,7.57
2025-01-15,182,10.84
2025-01-16,182,11.01
2025-01-17,182,9.18
2025-01-20,182,10.36
2025-01-22,182,7.15
2025-01-23,182,10.55
2025-01-24,182,11.28
2025-01-27,182,11.2
2025-01-28,182,9.06
2025-01-29,182,7.95
2025-01-31,182,6.43
2025-02-01,182,7.87
2025-02-02,182,10.42
2025-02-05,182,9.98
2025-02-10,182,10.2
2025-02-13,182,7.95
2025-02-14,182,9.44
2025-02-15,182,11.3
2025-02-16,182,7.03
2025-02-19,182,6.58
2025-02-20,182,10.16
2025-02-25,182,9.11
2025-03-03,182,8.33
2025-03-05,182,8.03
2025-03-06,182,6.52
2025-03-07,182,10.12
2025-03-10,182,7.91
2025-03-14,182,7.23
2025-03-17,182,9.42
2025-03-19,182,10.11
2025-03-20,182,9.84
2025-03-21,182,11.36
2025-03-22,182,7.45
2025-03-23,182,10.08
2025-03-24,182,8.54
2025-03-26,182,7.11
2025-03-27,182,9.84
2025-03-28,182,9.25
2025-03-29,182,7.89
2025-04-01,182,10.13
2025-04-02,182,7.91
2025-04-03,182,7.49
2025-04-05,182,6.72
2025-04-07,182,10.48
2025-04-08,182,9.34
2025-04-13,182,9.15
2025-04-14,182,11.32
2025-04-15,182,9.66
2025-04-17,182,8.33
2025-04-18,182,7.83
2025-04-24,182,6.4
2025-04-27,182,6.68
2025-04-28,182,10.62
2025-04-30,182,8.71
2025-05-02,182,10.25
2025-05-04,182,8.53
2025-05-05,182,8.65
2025-05-06,182,10.18
2025-05-09,182,9.16
2025-05-10,182,9.97
2025-05-12,182,7.4
2025-05-14,182,8.32
2025-05-20,182,10.27
2025-05-21,182,10.31
2025-05-23,182,6.36
2025-05-26,182,8.56
2025-05-28,182,8.34
2025-05-29,182,7.07
2025-05-30,182,6.31
2025-05-31,182,9.71
2025-06-02,182,7.67
2025-06-04,182,10.54
2025-06-05,182,11.39
2025-06-06,182,7.25
2025-06-07,182,7.08
2025-06-09,182,11.37
2025-06-10,182,6.65
2025-06-11,182,8.14
2025-06-12,182,10.88
2025-06-17,182,8.34
2025-06-18,182,8.8
2025-06-19,182,10.71
2025-06-23,182,7.84
2025-06-24,182,8.95
2025-06-25,182,10.14
2025-06-26,182,7.05
2025-06-29,182,6.86
2025-06-30,182,9.81
2025-07-01,182,11.56
2025-07-02,182,8.19
2025-07-08,182,10.16
2025-07-09,182,7.5
2025-07-10,182,7.69
2025-07-11,182,11.14
2025-07-13,182,10.51
2025-07-15,182,7.29
2025-07-16,182,8.79
2025-07-17,182,10.34
2025-07-21,182,9.97
2025-07-22,182,6.71
2025-07-23,182,11.54
2025-07-24,182,8.52
2025-07-28,182,8.12
2025-07-31,182,7.96
2025-08-01,182,10.57
2025-08-02,182,9.39
2025-08-05,182,7.29
2025-08-07,182,7.11
2025-08-12,182,11.31
2025-08-14,182,8.71
2025-08-17,182,7.81
2025-08-18,182,9.33
2025-08-19,182,8.03
2025-08-20,182,11.16
2025-08-21,182,7.89
2025-08-23,182,9.56
2025-08-29,182,8.55
2025-09-01,182,9.75
2025-09-02,182,6.82
2025-09-03,182,6.65
2025-09-04,182,10.83
2025-09-05,182,9.52
2025-09-06,182,7.76
2025-09-07,182,6.43
2025-09-09,182,7.12
2025-09-12,182,10.78
2025-09-15,182,8.83
2025-09-16,182,11.27
2025-09-18,182,10.62
2025-09-19,182,9.61
2025-09-21,182,10.37
2025-09-26,182,9.75
2025-09-29,182,10.93
2025-09-30,182,9.34
2025-10-01,182,9.19
2025-10-02,182,10.12
2025-10-03,182,10.18
2025-10-06,182,8.07
2025-10-07,182,9.02
2025-10-08,182,8.98
2025-10-09,182,9.82
2025-10-15,182,9.65
2025-10-18,182,10.43
2025-10-20,182,10.9
2025-10-24,182,7.13
2025-10-25,182,8.64
2025-10-27,182,8.45
2025-10-28,182,11.08
2025-10-29,182,7.24
2025-10-30,182,6.52
2025-10-31,182,11.17
2025-11-02,182,11.25
2025-11-04,182,7.24
2025-11-05,182,10.47
2025-11-08,182,11.56
2025-11-09,182,6.5
2025-11-10,182,9.29
2025-11-11,182,8.92
2025-11-12,182,7.44
2025-11-14,182,11.69
2025-11-17,182,11.31
2025-11-18,182,10.53
2025-11-19,182,8.84
2025-11-20,182,8.92
2025-11-21,182,11.53
2025-11-25,182,7.45
2025-11-26,182,10.52
2025-12-01,182,8.39
2025-12-02,182,8.44
2025-12-03,182,10.13
2025-12-06,182,7.14
2025-12-09,182,10.72
2025-12-10,182,8.84
2025-12-14,182,7.86
2025-12-17,182,11.5
2025-12-22,182,7.67
2025-12-23,182,10.88
2025-12-24,182,7.74
2025-12-28,182,6.71
2025-12-29,182,10.76
2025-12-30,182,7.1
2025-12-31,182,6.93
2025-01-01,183,13.39
2025-01-02,183,13.44
2025-01-03,183,13.37
2025-01-06,183,13.91
2025-01-07,183,8.42
2025-01-13,183,9.66
2025-01-14,183,11.26
2025-01-17,183,8.58
2025-01-18,183,11.64
2025-01-19,183,11.74
2025-01-23,183,9.76
2025-01-24,183,12.19
2025-01-26,183,8.79
2025-01-27,183,9.07
2025-01-28,183,7.97
2025-01-30,183,11.62
2025-01-31,183,10.67
2025-02-02,183,10.24
2025-02-04,183,9.38
2025-02-05,183,10.85
2025-02-06,183,14.03
2025-02-07,183,11.77
2025-02-08,183,11.97
2025-02-09,183,13.03
2025-02-10,183,10.35
2025-02-11,183,11.73
2025-02-12,183,8.73
2025-02-14,183,8.08
2025-02-17,183,8.41
2025-02-18,183,12.62
2025-02-19,183,11.82
2025-02-20,183,9.74
2025-02-21,183,12.74
2025-02-22,183,9.44
2025-02-25,183,9.79
2025-02-27,183,9.88
2025-02-28,183,10.72
2025-03-04,183,14.15
2025-03-05,183,7.78
2025-03-07,183,8.69
2025-03-08,183,14.25
2025-03-10,183,9.9
2025-03-11,183,11.96
2025-03-12,183,14.23
2025-03-13,183,9.32
2025-03-14,183,12.96
2025-03-16,183,10.08
2025-03-17,183,10.2
2025-03-18,183,13.77
2025-03-20,183,10.94
2025-03-24,183,10.95
2025-03-25,183,8.29
2025-03-26,183,12.78
2025-03-28,183,13.39
2025-03-31,183,12.52
2025-04-03,183,10.04
2025-04-07,183,9.63
2025-04-08,183,12.87
2025-04-09,183,13.85
2025-04-10,183,13.27
2025-04-14,183,10.27
2025-04-15,183,11.18
2025-04-16,183,10.96
2025-04-17,183,12.04
2025-04-21,183,7.77
2025-04-23,183,10.61
2025-04-24,183,12.18
2025-04-25,183,10.11
2025-04-27,183,12.82
2025-04-28,183,11.76
2025-04-30,183,10.26
2025-05-01,183,13.7
2025-05-02,183,9.11
2025-05-08,183,8.23
2025-05-12,183,10.13
2025-05-15,183,10.23
2025-05-16,183,8.01
2025-05-17,183,8.67
2025-05-18,183,10.49
2025-05-19,183,13.29
2025-05-24,183,8.08
2025-05-26,183,8.04
2025-05-27,183,13.47
2025-05-28,183,10.78
2025-05-31,183,10.92
2025-06-02,183,8.52
2025-06-03,183,11.05
2025-06-04,183,12.43
2025-06-05,183,11.53
2025-06-06,183,14.25
2025-06-08,183,9.83
2025-06-13,183,7.83
2025-06-16,183,11.32
2025-06-17,183,11.42
2025-06-19,183,7.93
2025-06-21,183,12.65
2025-06-22,183,13.17
2025-06-24,183,8.67
2025-06-27,183,8.9
2025-06-30,183,12.48
2025-07-01,183,10.78
2025-07-03,183,9.05
2025-07-05,183,12.11
2025-07-07,183,9.03
2025-07-08,183,11.8
2025-07-12,183,9.13
2025-07-15,183,14.11
2025-07-18,183,9.74
2025-07-23,183,12.01
2025-07-24,183,12.01
2025-07-25,183,12.13
2025-07-26,183,10.97
2025-07-28,183,12.69
2025-08-04,183,11.24
2025-08-05,183,10.25
2025-08-06,183,11.93
2025-08-08,183,13.01
2025-08-09,183,12.47
2025-08-10,183,9.41
2025-08-11,183,8.73
2025-08-12,183,12.31
2025-08-13,183,13.86
2025-08-15,183,11.85
2025-08-25,183,12.79
2025-08-27,183,13.49
2025-08-29,183,12.03
2025-09-01,183,13.81
2025-09-02,183,8.18
2025-09-03,183,10.89
2025-09-05,183,10.28
2025-09-06,183,9.62
2025-09-10,183,8.67
2025-09-13,183,11.2
2025-09-16,183,11.8
2025-09-17,183,13.13
2025-09-18,183,9.77
2025-09-19,183,9.06
2025-09-21,183,13.86
2025-09-26,183,12.46
2025-09-27,183,12.22
2025-09-28,183,13.56
2025-09-30,183,12.19
2025-10-02,183,7.87
2025-10-03,183,12.05
2025-10-05,183,11.12
2025-10-11,183,8.96
2025-10-13,183,8.92
2025-10-16,183,9.77
2025-10-17,183,9.54
2025-10-20,183,10.9
2025-10-22,183,11.02
2025-10-23,183,8.34
2025-10-26,183,11.97
2025-10-27,183,10.62
2025-10-30,183,9.8
2025-10-31,183,8.99
2025-11-03,183,11.2
2025-11-05,183,12.56
2025-11-07,183,11.92
2025-11-10,183,11.8
2025-11-12,183,13.22
2025-11-17,183,10.97
2025-11-18,183,13.9
2025-11-20,183,8.51
2025-11-24,183,12.95
2025-11-25,183,8.83
2025-11-26,183,13.61
2025-11-27,183,9.56
2025-11-28,183,12.4
2025-11-30,183,8.28
2025-12-06,183,13.5
2025-12-07,183,11.06
2025-12-08,183,12.5
2025-12-10,183,13.52
2025-12-11,183,14.05
2025-12-16,183,11.94
2025-12-17,183,8.81
2025-12-18,183,12.32
2025-12-19,183,11.66
2025-12-20,183,10.7
2025-12-22,183,13.45
2025-12-23,183,8.98
2025-12-25,183,13.43
2025-12-26,183,11.9
2025-12-27,183,8.23
2025-12-29,183,11.6
2025-12-30,183,11.34
2025-12-31,183,12.9
2025-01-01,184,32.35
2025-01-02,184,38.01
2025-01-03,184,38.9
2025-01-05,184,36.03
2025-01-06,184,33.97
2025-01-07,184,40.42
2025-01-10,184,28.86
2025-01-14,184,41.59
2025-01-15,184,46.35
2025-01-16,184,38.74
2025-01-20,184,34.88
2025-01-21,184,31.19
2025-01-23,184,32.32
2025-01-28,184,45.18
2025-01-29,184,48.53
2025-02-01,184,43.19
2025-02-03,184,29.8
2025-02-04,184,39.95
2025-02-05,184,41.69
2025-02-06,184,31.74
2025-02-08,184,40.85
2025-02-11,184,47.15
2025-02-12,184,38.65
2025-02-13,184,27.79
2025-02-14,184,45.26
2025-02-18,184,45.11
2025-02-20,184,39.7
2025-02-21,184,39.24
2025-02-23,184,41.38
2025-02-24,184,39.35
2025-02-26,184,32.76
2025-02-27,184,37.81
2025-03-04,184,48.8
2025-03-11,184,47.96
2025-03-12,184,41.76
2025-03-13,184,46.78
2025-03-14,184,47.15
2025-03-17,184,37.85
2025-03-18,184,34.1
2025-03-19,184,34.06
2025-03-21,184,30.84
2025-03-23,184,32.1
2025-03-24,184,42.99
2025-03-28,184,39.36
2025-04-01,184,38.22
2025-04-02,184,26.87
2025-04-03,184,34.16
2025-04-07,184,35.59
2025-04-09,184,29.07
2025-04-10,184,42.75
2025-04-13,184,31.6
2025-04-21,184,47.97
2025-04-22,184,36.88
2025-04-25,184,41.85
2025-04-28,184,39.67
2025-04-30,184,43.93
2025-05-01,184,44.09
2025-05-06,184,41.39
2025-05-07,184,41.66
2025-05-08,184,30.69
2025-05-09,184,38.68
2025-05-12,184,31.01
2025-05-13,184,39.51
2025-05-15,184,37.12
2025-05-16,184,34.26
2025-05-18,184,40.18
2025-05-19,184,40.86
2025-05-23,184,35.49
2025-05-24,184,27.32
2025-05-28,184,33.4
2025-05-29,184,32.61
2025-05-30,184,40.83
2025-06-01,184,32.59
2025-06-02,184,38.8
2025-06-03,184,33.17
2025-06-04,184,38.62
2025-06-05,184,30.02
2025-06-06,184,30.54
2025-06-09,184,37.77
2025-06-10,184,45.83
2025-06-12,184,45.01
2025-06-17,184,48.67
2025-06-19,184,46.62
2025-06-24,184,41.78
2025-06-25,184,28.33
2025-06-26,184,45.45
2025-06-27,184,36.65
2025-07-01,184,44.46
2025-07-02,184,34.18
2025-07-04,184,28.74
2025-07-07,184,48.76
2025-07-08,184,43.07
2025-07-09,184,49.19
2025-07-10,184,35.13
2025-07-11,184,42.95
2025-07-15,184,44.93
2025-07-16,184,28.35
2025-07-17,184,44.91
2025-07-18,184,28.73
2025-07-21,184,38.98
2025-07-22,184,34.3
2025-07-23,184,26.72
2025-07-24,184,33.65
2025-07-27,184,37.61
2025-07-28,184,49.12
2025-07-30,184,35.01
2025-07-31,184,44.54
2025-08-01,184,41.36
2025-08-03,184,26.9
2025-08-05,184,44.65
2025-08-06,184,46.04
2025-08-07,184,35.7
2025-08-12,184,31.93
2025-08-15,184,49.01
2025-08-18,184,38.52
2025-08-19,184,42.89
2025-08-20,184,41.49
2025-08-23,184,43.6
2025-08-25,184,27.24
2025-08-26,184,31.27
2025-08-27,184,47.66
2025-08-29,184,37.89
2025-09-01,184,48.35
2025-09-02,184,34.58
2025-09-03,184,35.6
2025-09-05,184,37.2
2025-09-09,184,45.21
2025-09-10,184,29.9
2025-09-11,184,48.94
2025-09-12,184,38.33
2025-09-13,184,37.64
2025-09-15,184,29.54
2025-09-16,184,42.88
2025-09-17,184,37.53
2025-09-18,184,38.67
2025-09-19,184,46.66
2025-09-23,184,27.28
2025-09-24,184,48.64
2025-09-25,184,30.92
2025-09-26,184,48.43
2025-09-27,184,38.62
2025-09-28,184,36.79
2025-09-30,184,48.55
2025-10-01,184,48.57
2025-10-02,184,27.08
2025-10-03,184,28.23
2025-10-05,184,43.86
2025-10-06,184,31.54
2025-10-08,184,34.23
2025-10-13,184,35.89
2025-10-16,184,48.54
2025-10-20,184,45.94
2025-10-21,184,40.75
2025-10-22,184,35.22
2025-10-23,184,48.7
2025-10-24,184,44.01
2025-10-27,184,49.04
2025-10-31,184,34.87
2025-11-02,184,45.06
2025-11-03,184,43.81
2025-11-06,184,33.01
2025-11-10,184,31.5
2025-11-12,184,32.22
2025-11-14,184,29.35
2025-11-18,184,29.24
2025-11-20,184,29.79
2025-11-24,184,32.05
2025-11-26,184,43.85
2025-11-27,184,36.17
2025-12-02,184,48.01
2025-12-03,184,33.9
2025-12-08,184,31.6
2025-12-09,184,47.57
2025-12-10,184,37.55
2025-12-12,184,36.96
2025-12-16,184,27.37
2025-12-17,184,45.28
2025-12-19,184,47.32
2025-12-23,184,31.68
2025-12-24,184,39.86
2025-12-29,184,49.34
2025-12-31,184,39.32
2025-01-01,185,20.73
2025-01-02,185,18.95
2025-01-03,185,14.24
2025-01-08,185,21.1
2025-01-13,185,16.25
2025-01-15,185,14.58
2025-01-20,185,18.02
2025-01-21,185,17.6
2025-01-23,185,24.32
2025-01-24,185,17.05
2025-01-25,185,15.81
2025-01-26,185,18.34
2025-01-29,185,22.41
2025-02-02,185,14.21
2025-02-03,185,20.86
2025-02-04,185,19.38
2025-02-05,185,20.47
2025-02-06,185,24.47
2025-02-09,185,14.21
2025-02-11,185,23.51
2025-02-13,185,20.3
2025-02-17,185,21.69
2025-02-20,185,21.56
2025-02-25,185,24.41
2025-02-28,185,21.61
2025-03-01,185,14.14
2025-03-03,185,19.73
2025-03-04,185,15.57
2025-03-06,185,13.9
2025-03-07,185,21.95
2025-03-08,185,23.74
2025-03-10,185,16.71
2025-03-12,185,21.72
2025-03-13,185,18.37
2025-03-14,185,15.23
2025-03-16,185,15.01
2025-03-17,185,21.24
2025-03-18,185,23.17
2025-03-19,185,19.69
2025-03-20,185,15.21
2025-03-25,185,16.56
2025-03-26,185,13.92
2025-03-28,185,20.83
2025-03-30,185,16.95
2025-04-02,185,14.64
2025-04-06,185,20.48
2025-04-07,185,22.94
2025-04-08,185,18.72
2025-04-09,185,21.57
2025-04-10,185,21.35
2025-04-11,185,17.6
2025-04-15,185,15.11
2025-04-21,185,22.33
2025-04-22,185,14.64
2025-04-27,185,14.66
2025-04-28,185,16.46
2025-04-29,185,14.43
2025-04-30,185,18.3
2025-05-01,185,15.87
2025-05-02,185,14.13
2025-05-03,185,20.78
2025-05-04,185,23.34
2025-05-07,185,13.96
2025-05-08,185,21.16
2025-05-10,185,23.15
2025-05-14,185,20.18
2025-05-15,185,22.84
2025-05-16,185,19.11
2025-05-19,185,15.2
2025-05-20,185,18.0
2025-05-22,185,22.32
2025-05-23,185,17.21
2025-05-26,185,16.5
2025-05-27,185,16.21
2025-05-30,185,13.58
2025-06-02,185,19.0
2025-06-03,185,20.98
2025-06-04,185,23.71
2025-06-05,185,23.83
2025-06-09,185,17.8
2025-06-10,185,20.21
2025-06-13,185,17.37
2025-06-17,185,14.46
2025-06-18,185,21.77
2025-06-19,185,13.98
2025-06-25,185,20.65
2025-06-27,185,16.6
2025-06-28,185,20.2
2025-07-02,185,23.96
2025-07-03,185,21.38
2025-07-04,185,23.12
2025-07-09,185,19.82
2025-07-10,185,23.85
2025-07-12,185,19.56
2025-07-16,185,19.25
2025-07-17,185,17.33
2025-07-20,185,20.38
2025-07-21,185,17.19
2025-07-22,185,23.89
2025-07-24,185,19.64
2025-07-27,185,18.71
2025-07-28,185,18.52
2025-07-30,185,22.41
2025-07-31,185,20.07
2025-08-01,185,24.39
2025-08-02,185,17.45
2025-08-04,185,15.78
2025-08-06,185,19.65
2025-08-07,185,15.1
2025-08-08,185,19.06
2025-08-10,185,20.72
2025-08-12,185,14.8
2025-08-13,185,18.66
2025-08-15,185,22.43
2025-08-20,185,17.59
2025-08-21,185,20.98
2025-08-22,185,18.19
2025-08-27,185,19.46
2025-08-28,185,13.48
2025-09-03,185,23.08
2025-09-04,185,24.23
2025-09-10,185,13.59
2025-09-14,185,18.64
2025-09-15,185,15.51
2025-09-16,185,22.76
2025-09-17,185,18.86
2025-09-20,185,18.05
2025-09-24,185,17.49
2025-09-25,185,14.32
2025-09-28,185,23.82
2025-09-29,185,23.34
2025-09-30,185,14.33
2025-10-01,185,22.97
2025-10-02,185,22.87
2025-10-03,185,14.81
2025-10-05,185,21.36
2025-10-07,185,19.22
2025-10-08,185,18.53
2025-10-10,185,15.96
2025-10-14,185,14.08
2025-10-15,185,20.46
2025-10-17,185,14.2
2025-10-20,185,22.66
2025-10-22,185,20.16
2025-10-25,185,13.9
2025-10-27,185,14.49
2025-10-28,185,15.38
2025-10-30,185,19.88
2025-10-31,185,19.15
2025-11-04,185,17.44
2025-11-05,185,17.15
2025-11-06,185,18.86
2025-11-08,185,18.24
2025-11-11,185,22.8
2025-11-13,185,22.24
2025-11-14,185,21.28
2025-11-15,185,18.64
2025-11-20,185,18.78
2025-11-24,185,21.33
2025-11-25,185,23.36
2025-11-26,185,19.67
2025-11-30,185,20.14
2025-12-02,185,13.66
2025-12-03,185,20.04
2025-12-04,185,21.48
2025-12-05,185,17.26
2025-12-07,185,13.76
2025-12-08,185,22.58
2025-12-11,185,18.9
2025-12-12,185,20.0
2025-12-14,185,19.8
2025-12-15,185,23.22
2025-12-18,185,16.75
2025-12-19,185,22.72
2025-12-20,185,23.82
2025-12-23,185,21.36
2025-12-24,185,20.83
2025-12-25,185,23.92
2025-01-02,186,21.99
2025-01-06,186,18.5
2025-01-08,186,24.66
2025-01-09,186,27.46
2025-01-12,186,16.76
2025-01-13,186,18.36
2025-01-15,186,19.35
2025-01-17,186,21.04
2025-01-20,186,20.57
2025-01-22,186,19.41
2025-01-24,186,29.48
2025-01-28,186,18.77
2025-01-31,186,18.19
2025-02-03,186,24.72
2025-02-05,186,17.49
2025-02-09,186,17.19
2025-02-10,186,25.18
2025-02-11,186,19.64
2025-02-12,186,16.74
2025-02-13,186,17.05
2025-02-17,186,16.25
2025-02-22,186,16.43
2025-02-25,186,24.68
2025-02-27,186,27.83
2025-03-01,186,22.66
2025-03-03,186,21.78
2025-03-04,186,19.93
2025-03-05,186,20.91
2025-03-07,186,19.34
2025-03-08,186,21.72
2025-03-11,186,18.0
2025-03-12,186,19.52
2025-03-14,186,19.36
2025-03-20,186,19.67
2025-03-21,186,21.38
2025-03-23,186,28.01
2025-03-27,186,17.94
2025-03-31,186,26.51
2025-04-01,186,16.8
2025-04-02,186,19.14
2025-04-03,186,18.86
2025-04-04,186,19.09
2025-04-06,186,26.26
2025-04-07,186,20.07
2025-04-13,186,17.42
2025-04-14,186,19.52
2025-04-16,186,16.88
2025-04-17,186,24.08
2025-04-18,186,29.08
2025-04-19,186,27.2
2025-04-22,186,16.16
2025-04-23,186,24.4
2025-04-25,186,29.64
2025-04-27,186,27.9
2025-04-29,186,26.85
2025-05-02,186,25.91
2025-05-05,186,24.27
2025-05-06,186,23.07
2025-05-08,186,23.86
2025-05-09,186,25.18
2025-05-15,186,24.23
2025-05-18,186,16.43
2025-05-20,186,27.52
2025-05-23,186,27.39
2025-05-24,186,20.21
2025-05-26,186,18.69
2025-06-01,186,16.62
2025-06-02,186,27.79
2025-06-04,186,29.07
2025-06-05,186,26.58
2025-06-06,186,17.23
2025-06-10,186,27.97
2025-06-12,186,29.01
2025-06-13,186,18.51
2025-06-14,186,20.81
2025-06-15,186,20.32
2025-06-16,186,18.89
2025-06-17,186,25.5
2025-06-18,186,17.37
2025-06-21,186,16.67
2025-06-22,186,17.71
2025-06-24,186,20.39
2025-06-25,186,17.28
2025-06-26,186,23.91
2025-06-27,186,28.94
2025-06-30,186,21.28
2025-07-03,186,29.52
2025-07-04,186,16.25
2025-07-05,186,21.01
2025-07-07,186,26.35
2025-07-08,186,29.18
2025-07-11,186,23.24
2025-07-14,186,16.1
2025-07-15,186,24.0
2025-07-16,186,25.02
2025-07-17,186,22.69
2025-07-18,186,16.51
2025-07-21,186,17.16
2025-07-22,186,26.55
2025-07-23,186,26.07
2025-07-25,186,21.56
2025-07-27,186,28.45
2025-07-28,186,24.53
2025-07-31,186,18.96
2025-08-01,186,21.01
2025-08-04,186,28.69
2025-08-06,186,18.94
2025-08-08,186,20.53
2025-08-09,186,16.8
2025-08-11,186,20.77
2025-08-13,186,24.66
2025-08-15,186,29.16
2025-08-20,186,19.56
2025-08-21,186,18.79
2025-08-24,186,20.36
2025-08-25,186,27.52
2025-08-27,186,27.65
2025-09-01,186,22.27
2025-09-02,186,29.56
2025-09-03,186,22.95
2025-09-05,186,20.1
2025-09-08,186,25.69
2025-09-09,186,25.04
2025-09-10,186,29.7
2025-09-12,186,26.05
2025-09-15,186,16.88
2025-09-16,186,21.88
2025-09-17,186,26.36
2025-09-18,186,17.88
2025-09-19,186,23.83
2025-09-22,186,26.59
2025-09-29,186,19.16
2025-09-30,186,21.29
2025-10-01,186,16.12
2025-10-02,186,29.63
2025-10-07,186,23.73
2025-10-08,186,19.26
2025-10-10,186,17.25
2025-10-13,186,16.4
2025-10-16,186,18.64
2025-10-17,186,17.06
2025-10-20,186,20.5
2025-10-22,186,18.06
2025-10-23,186,27.76
2025-10-26,186,29.37
2025-10-27,186,23.14
2025-10-28,186,24.27
2025-10-30,186,17.92
2025-10-31,186,24.95
2025-11-01,186,17.9
2025-11-05,186,24.02
2025-11-08,186,23.22
2025-11-10,186,17.17
2025-11-11,186,25.31
2025-11-13,186,16.57
2025-11-17,186,27.13
2025-11-18,186,23.27
2025-11-20,186,17.9
2025-11-21,186,25.29
2025-11-23,186,17.33
2025-11-24,186,19.14
2025-11-25,186,23.53
2025-11-26,186,19.22
2025-11-28,186,20.23
2025-11-30,186,26.57
2025-12-01,186,22.01
2025-12-02,186,17.82
2025-12-04,186,23.78
2025-12-06,186,23.98
2025-12-08,186,16.36
2025-12-09,186,19.48
2025-12-11,186,22.72
2025-12-12,186,28.26
2025-12-15,186,25.76
2025-12-16,186,19.69
2025-12-18,186,24.4
2025-12-20,186,25.61
2025-12-30,186,25.73
2025-01-02,187,29.25
2025-01-03,187,41.46
2025-01-07,187,42.34
2025-01-08,187,28.67
2025-01-09,187,39.92
2025-01-10,187,40.48
2025-01-12,187,27.59
2025-01-13,187,39.89
2025-01-14,187,40.91
2025-01-16,187,41.04
2025-01-20,187,48.51
2025-01-22,187,35.06
2025-01-23,187,36.44
2025-01-27,187,35.86
2025-02-01,187,44.14
2025-02-02,187,40.45
2025-02-07,187,28.76
2025-02-08,187,32.68
2025-02-10,187,34.35
2025-02-12,187,30.67
2025-02-13,187,30.33
2025-02-14,187,49.93
2025-02-16,187,28.52
2025-02-18,187,33.96
2025-02-21,187,49.55
2025-02-26,187,43.42
2025-02-28,187,31.87
2025-03-01,187,48.02
2025-03-04,187,47.43
2025-03-05,187,43.34
2025-03-06,187,27.59
2025-03-07,187,49.84
2025-03-11,187,28.24
2025-03-12,187,46.68
2025-03-13,187,34.72
2025-03-17,187,44.77
2025-03-18,187,48.6
2025-03-19,187,38.14
2025-03-21,187,32.61
2025-03-23,187,30.09
2025-03-24,187,46.5
2025-03-26,187,29.87
2025-04-01,187,39.11
2025-04-02,187,45.43
2025-04-03,187,39.17
2025-04-04,187,28.57
2025-04-07,187,32.94
2025-04-09,187,45.89
2025-04-10,187,29.99
2025-04-11,187,29.87
2025-04-14,187,31.78
2025-04-17,187,30.68
2025-04-18,187,29.21
2025-04-19,187,31.82
2025-04-22,187,37.06
2025-04-23,187,41.85
2025-04-24,187,46.01
2025-04-26,187,36.68
2025-05-01,187,50.69
2025-05-02,187,49.95
2025-05-03,187,50.2
2025-05-05,187,48.53
2025-05-07,187,41.55
2025-05-10,187,28.94
2025-05-14,187,48.69
2025-05-16,187,35.38
2025-05-23,187,46.08
2025-05-26,187,45.65
2025-05-28,187,49.12
2025-05-30,187,29.4
2025-06-02,187,39.25
2025-06-03,187,31.1
2025-06-04,187,36.98
2025-06-06,187,29.31
2025-06-09,187,37.76
2025-06-10,187,46.79
2025-06-13,187,33.77
2025-06-16,187,46.59
2025-06-19,187,48.89
2025-06-20,187,47.58
2025-06-23,187,36.78
2025-06-24,187,36.83
2025-06-25,187,48.54
2025-06-27,187,46.85
2025-06-28,187,43.5
2025-07-02,187,27.99
2025-07-04,187,30.05
2025-07-08,187,35.07
2025-07-10,187,32.77
2025-07-11,187,35.51
2025-07-14,187,41.47
2025-07-17,187,27.61
2025-07-24,187,40.79
2025-07-28,187,33.52
2025-07-29,187,33.82
2025-07-30,187,34.94
2025-08-01,187,49.07
2025-08-03,187,46.29
2025-08-05,187,36.31
2025-08-07,187,40.4
2025-08-08,187,45.2
2025-08-13,187,31.37
2025-08-14,187,28.19
2025-08-15,187,36.26
2025-08-19,187,50.69
2025-08-20,187,48.07
2025-08-21,187,27.38
2025-08-22,187,39.35
2025-08-24,187,31.91
2025-08-25,187,39.41
2025-08-27,187,33.5
2025-08-29,187,49.1
2025-08-31,187,29.81
2025-09-02,187,31.23
2025-09-06,187,27.82
2025-09-08,187,40.13
2025-09-09,187,28.06
2025-09-11,187,35.59
2025-09-14,187,49.55
2025-09-15,187,31.01
2025-09-18,187,41.77
2025-09-22,187,44.86
2025-09-23,187,46.77
2025-09-30,187,33.19
2025-10-01,187,40.24
2025-10-02,187,31.55
2025-10-03,187,40.44
2025-10-06,187,28.26
2025-10-07,187,36.65
2025-10-09,187,44.11
2025-10-10,187,48.91
2025-10-12,187,29.21
2025-10-13,187,31.17
2025-10-14,187,40.85
2025-10-15,187,43.96
2025-10-17,187,41.17
2025-10-19,187,37.46
2025-10-20,187,41.29
2025-10-21,187,35.51
2025-10-22,187,37.61
2025-10-23,187,38.33
2025-10-25,187,30.88
2025-10-28,187,48.75
2025-10-29,187,29.86
2025-10-30,187,39.34
2025-10-31,187,48.7
2025-11-03,187,44.3
2025-11-04,187,49.41
2025-11-06,187,32.76
2025-11-14,187,31.09
2025-11-17,187,44.55
2025-11-19,187,49.87
2025-11-20,187,41.09
2025-11-24,187,30.68
2025-11-25,187,41.55
2025-12-02,187,44.39
2025-12-03,187,34.19
2025-12-04,187,33.98
2025-12-05,187,40.29
2025-12-12,187,42.43
2025-12-15,187,37.38
2025-12-16,187,48.46
2025-12-19,187,34.36
2025-12-23,187,41.7
2025-12-24,187,49.52
2025-12-30,187,46.85
2025-12-31,187,44.08
2025-01-01,188,37.55
2025-01-02,188,34.3
2025-01-03,188,39.1
2025-01-09,188,35.81
2025-01-10,188,31.91
2025-01-13,188,33.31
2025-01-14,188,42.45
2025-01-17,188,28.13
2025-01-20,188,33.05
2025-01-25,188,40.38
2025-01-27,188,36.94
2025-01-29,188,31.9
2025-01-30,188,26.31
2025-01-31,188,31.9
2025-02-01,188,34.89
2025-02-03,188,32.48
2025-02-05,188,45.45
2025-02-06,188,36.83
2025-02-07,188,28.9
2025-02-12,188,32.04
2025-02-14,188,41.58
2025-02-17,188,30.69
2025-02-19,188,41.75
2025-02-21,188,33.76
2025-02-24,188,45.33
2025-02-25,188,27.23
2025-02-26,188,41.21
2025-02-27,188,26.83
2025-02-28,188,25.66
2025-03-01,188,29.14
2025-03-04,188,31.12
2025-03-05,188,31.0
2025-03-06,188,42.58
2025-03-07,188,42.23
2025-03-08,188,39.68
2025-03-09,188,31.69
2025-03-11,188,30.1
2025-03-13,188,41.06
2025-03-17,188,26.23
2025-03-20,188,30.72
2025-03-25,188,40.58
2025-03-26,188,27.02
2025-03-27,188,43.76
2025-03-28,188,36.13
2025-03-31,188,34.75
2025-04-04,188,44.78
2025-04-05,188,26.95
2025-04-07,188,44.68
2025-04-08,188,42.98
2025-04-09,188,36.42
2025-04-11,188,35.37
2025-04-12,188,26.56
2025-04-14,188,27.49
2025-04-15,188,41.39
2025-04-17,188,37.81
2025-04-18,188,31.38
2025-04-22,188,29.73
2025-04-23,188,25.22
2025-04-24,188,31.34
2025-04-25,188,37.34
2025-04-28,188,31.01
2025-04-29,188,25.63
2025-05-02,188,37.67
2025-05-05,188,35.89
2025-05-06,188,37.33
2025-05-09,188,35.5
2025-05-11,188,30.04
2025-05-16,188,26.84
2025-05-20,188,36.59
2025-05-21,188,38.77
2025-05-22,188,37.39
2025-05-23,188,44.36
2025-05-25,188,41.77
2025-05-26,188,27.87
2025-05-28,188,25.94
2025-05-29,188,38.25
2025-05-30,188,44.82
2025-06-03,188,39.12
2025-06-04,188,25.27
2025-06-08,188,41.88
2025-06-09,188,25.87
2025-06-10,188,40.76
2025-06-11,188,41.79
2025-06-12,188,33.96
2025-06-13,188,29.95
2025-06-15,188,35.19
2025-06-16,188,29.95
2025-06-17,188,33.26
2025-06-18,188,33.71
2025-06-20,188,37.51
2025-06-23,188,39.97
2025-06-24,188,44.78
2025-06-25,188,28.71
2025-06-27,188,41.04
2025-07-01,188,43.18
2025-07-04,188,28.7
2025-07-09,188,38.06
2025-07-11,188,41.65
2025-07-12,188,40.71
2025-07-13,188,36.09
2025-07-14,188,28.35
2025-07-15,188,39.61
2025-07-21,188,26.54
2025-07-22,188,31.77
2025-07-23,188,28.97
2025-07-24,188,38.91
2025-08-02,188,34.52
2025-08-04,188,27.16
2025-08-05,188,26.81
2025-08-06,188,34.74
2025-08-07,188,42.13
2025-08-08,188,44.62
2025-08-12,188,42.76
2025-08-14,188,34.83
2025-08-15,188,40.93
2025-08-18,188,25.8
2025-08-19,188,40.35
2025-08-21,188,43.68
2025-08-22,188,32.11
2025-08-25,188,37.94
2025-08-26,188,36.59
2025-08-27,188,28.67
2025-08-28,188,30.13
2025-08-29,188,30.05
2025-09-02,188,28.52
2025-09-04,188,29.29
2025-09-05,188,36.46
2025-09-06,188,32.57
2025-09-07,188,32.16
2025-09-08,188,36.05
2025-09-09,188,39.05
2025-09-11,188,26.68
2025-09-17,188,39.24
2025-09-18,188,24.71
2025-09-21,188,37.46
2025-09-22,188,28.62
2025-09-27,188,41.89
2025-09-29,188,37.62
2025-10-01,188,34.33
2025-10-02,188,30.03
2025-10-03,188,36.54
2025-10-04,188,43.07
2025-10-08,188,43.25
2025-10-10,188,39.55
2025-10-11,188,29.47
2025-10-13,188,34.02
2025-10-14,188,37.47
2025-10-15,188,41.24
2025-10-16,188,42.25
2025-10-17,188,30.66
2025-10-18,188,33.14
2025-10-22,188,37.89
2025-10-23,188,43.51
2025-10-24,188,43.27
2025-10-25,188,27.84
2025-10-26,188,40.88
2025-10-28,188,27.62
2025-10-29,188,25.77
2025-10-30,188,30.69
2025-10-31,188,38.4
2025-11-03,188,27.23
2025-11-04,188,33.27
2025-11-05,188,44.75
2025-11-06,188,38.48
2025-11-07,188,35.89
2025-11-08,188,25.52
2025-11-09,188,27.78
2025-11-10,188,34.84
2025-11-11,188,25.81
2025-11-12,188,40.77
2025-11-13,188,43.82
2025-11-14,188,27.52
2025-11-17,188,34.86
2025-11-18,188,28.25
2025-11-19,188,30.7
2025-11-24,188,34.25
2025-11-27,188,26.59
2025-11-28,188,44.58
2025-11-30,188,32.92
2025-12-01,188,40.02
2025-12-02,188,36.71
2025-12-03,188,37.44
2025-12-04,188,42.55
2025-12-05,188,30.5
2025-12-08,188,36.48
2025-12-11,188,34.08
2025-12-12,188,27.95
2025-12-15,188,35.72
2025-12-16,188,39.3
2025-12-18,188,35.41
2025-12-23,188,39.63
2025-12-24,188,36.85
2025-12-25,188,31.13
2025-12-26,188,45.27
2025-12-30,188,39.59
2025-01-02,189,30.81
2025-01-03,189,24.57
2025-01-06,189,30.83
2025-01-07,189,20.19
2025-01-09,189,32.66
2025-01-12,189,24.98
2025-01-13,189,29.75
2025-01-14,189,26.53
2025-01-16,189,21.82
2025-01-20,189,25.33
2025-01-21,189,30.36
2025-01-24,189,33.08
2025-01-25,189,32.07
2025-01-31,189,34.02
2025-02-02,189,20.63
2025-02-03,189,27.27
2025-02-04,189,30.28
2025-02-05,189,23.08
2025-02-07,189,33.47
2025-02-10,189,33.27
2025-02-12,189,31.17
2025-02-13,189,20.96
2025-02-14,189,19.91
2025-02-17,189,25.07
2025-02-18,189,21.17
2025-02-20,189,25.43
2025-02-21,189,25.31
2025-02-24,189,32.77
2025-02-25,189,32.38
2025-02-26,189,31.5
2025-02-27,189,31.17
2025-02-28,189,20.7
2025-03-03,189,35.31
2025-03-04,189,24.83
2025-03-06,189,35.08
2025-03-09,189,33.4
2025-03-10,189,32.53
2025-03-11,189,29.82
2025-03-13,189,33.63
2025-03-15,189,20.62
2025-03-17,189,20.58
2025-03-18,189,23.43
2025-03-19,189,27.5
2025-03-20,189,20.37
2025-03-21,189,32.03
2025-03-23,189,21.39
2025-03-27,189,28.07
2025-03-28,189,25.44
2025-04-01,189,34.47
2025-04-03,189,23.33
2025-04-04,189,23.55
2025-04-06,189,33.92
2025-04-08,189,28.12
2025-04-09,189,30.0
2025-04-10,189,33.81
2025-04-15,189,25.58
2025-04-16,189,24.7
2025-04-18,189,25.97
2025-04-19,189,28.33
2025-04-20,189,34.2
2025-04-22,189,19.68
2025-04-23,189,23.26
2025-04-24,189,31.88
2025-04-25,189,31.5
2025-05-04,189,36.34
2025-05-06,189,27.21
2025-05-07,189,27.61
2025-05-09,189,33.8
2025-05-10,189,34.02
2025-05-13,189,25.0
2025-05-15,189,35.61
2025-05-18,189,28.95
2025-05-19,189,35.87
2025-05-21,189,24.0
2025-05-22,189,21.6
2025-05-24,189,29.23
2025-05-31,189,23.44
2025-06-02,189,25.98
2025-06-03,189,34.71
2025-06-04,189,28.5
2025-06-05,189,20.06
2025-06-06,189,30.76
2025-06-07,189,33.9
2025-06-09,189,26.38
2025-06-17,189,31.28
2025-06-20,189,35.26
2025-06-21,189,32.31
2025-06-24,189,23.31
2025-06-25,189,32.24
2025-06-26,189,35.18
2025-06-27,189,31.68
2025-06-30,189,30.87
2025-07-01,189,24.36
2025-07-03,189,29.22
2025-07-04,189,31.61
2025-07-07,189,33.95
2025-07-08,189,26.21
2025-07-09,189,28.78
2025-07-16,189,20.4
2025-07-17,189,33.92
2025-07-18,189,25.5
2025-07-20,189,35.75
2025-07-21,189,35.87
2025-07-24,189,27.12
2025-07-29,189,32.13
2025-07-30,189,24.33
2025-07-31,189,19.95
2025-08-01,189,19.87
2025-08-03,189,21.21
2025-08-05,189,25.75
2025-08-06,189,34.04
2025-08-07,189,35.16
2025-08-08,189,27.79
2025-08-11,189,36.1
2025-08-13,189,29.67
2025-08-14,189,29.96
2025-08-15,189,30.44
2025-08-16,189,24.96
2025-08-18,189,34.59
2025-08-19,189,22.38
2025-08-20,189,32.73
2025-08-22,189,28.72
2025-08-25,189,25.44
2025-08-26,189,26.8
2025-08-27,189,29.6
2025-08-30,189,33.03
2025-09-01,189,32.83
2025-09-02,189,20.18
2025-09-03,189,22.41
2025-09-08,189,27.09
2025-09-11,189,31.34
2025-09-12,189,25.12
2025-09-13,189,34.13
2025-09-14,189,32.54
2025-09-18,189,20.87
2025-09-21,189,28.56
2025-09-22,189,34.92
2025-09-23,189,20.5
2025-09-24,189,23.35
2025-09-26,189,25.07
2025-09-30,189,22.55
2025-10-03,189,25.68
2025-10-05,189,24.04
2025-10-06,189,30.4
2025-10-08,189,24.88
2025-10-14,189,30.97
2025-10-16,189,36.37
2025-10-17,189,25.81
2025-10-18,189,22.21
2025-10-19,189,28.61
2025-10-20,189,28.51
2025-10-22,189,24.08
2025-10-24,189,22.87
2025-10-27,189,28.94
2025-10-29,189,35.51
2025-10-30,189,26.32
2025-11-01,189,22.55
2025-11-04,189,35.65
2025-11-06,189,19.9
2025-11-07,189,26.58
2025-11-11,189,34.97
2025-11-12,189,28.12
2025-11-18,189,23.85
2025-11-19,189,23.86
2025-11-25,189,34.3
2025-12-02,189,27.77
2025-12-03,189,21.09
2025-12-05,189,26.32
2025-12-06,189,22.78
2025-12-11,189,33.58
2025-12-15,189,29.14
2025-12-16,189,24.87
2025-12-17,189,31.56
2025-12-22,189,36.16
2025-12-25,189,25.86
2025-12-27,189,36.07
2025-12-29,189,25.72
2025-12-30,189,21.05
2025-01-01,190,27.69
2025-01-05,190,26.25
2025-01-06,190,27.42
2025-01-09,190,24.02
2025-01-10,190,21.12
2025-01-13,190,27.13
2025-01-15,190,26.63
2025-01-17,190,24.22
2025-01-20,190,20.3
2025-01-21,190,30.83
2025-01-22,190,27.88
2025-01-23,190,19.12
2025-01-26,190,26.15
2025-01-27,190,26.78
2025-01-30,190,22.17
2025-02-02,190,18.88
2025-02-03,190,20.23
2025-02-05,190,30.7
2025-02-10,190,32.47
2025-02-12,190,27.59
2025-02-13,190,22.94
2025-02-16,190,21.99
2025-02-17,190,22.17
2025-02-18,190,27.17
2025-02-20,190,24.62
2025-02-24,190,30.04
2025-02-26,190,25.73
2025-02-27,190,33.06
2025-02-28,190,29.75
2025-03-04,190,32.68
2025-03-06,190,26.22
2025-03-07,190,30.54
2025-03-10,190,28.27
2025-03-11,190,26.14
2025-03-13,190,24.31
2025-03-16,190,20.63
2025-03-17,190,21.64
2025-03-18,190,23.85
2025-03-19,190,21.29
2025-03-20,190,28.24
2025-03-23,190,19.78
2025-03-24,190,25.89
2025-03-26,190,28.59
2025-03-27,190,21.67
2025-03-31,190,33.51
2025-04-01,190,26.85
2025-04-02,190,31.06
2025-04-05,190,28.19
2025-04-07,190,23.9
2025-04-08,190,29.19
2025-04-12,190,19.26
2025-04-15,190,19.9
2025-04-18,190,32.32
2025-04-21,190,21.24
2025-04-22,190,24.4
2025-04-24,190,19.72
2025-04-25,190,32.33
2025-05-08,190,22.57
2025-05-09,190,33.03
2025-05-10,190,30.22
2025-05-12,190,20.09
2025-05-13,190,23.68
2025-05-15,190,29.06
2025-05-19,190,23.09
2025-05-20,190,21.55
2025-05-21,190,25.24
2025-05-23,190,23.7
2025-06-02,190,28.16
2025-06-03,190,19.02
2025-06-04,190,20.8
2025-06-05,190,27.44
2025-06-06,190,25.68
2025-06-07,190,32.97
2025-06-09,190,27.19
2025-06-10,190,24.51
2025-06-12,190,19.7
2025-06-14,190,25.8
2025-06-18,190,28.2
2025-06-19,190,19.44
2025-06-23,190,32.47
2025-06-25,190,25.95
2025-06-26,190,28.17
2025-07-01,190,21.8
2025-07-03,190,25.74
2025-07-05,190,28.19
2025-07-07,190,23.04
2025-07-08,190,26.8
2025-07-09,190,18.23
2025-07-10,190,24.98
2025-07-14,190,28.46
2025-07-17,190,19.22
2025-07-18,190,24.42
2025-07-20,190,30.82
2025-07-24,190,31.7
2025-07-25,190,28.4
2025-07-28,190,27.84
2025-07-29,190,26.91
2025-07-30,190,19.99
2025-07-31,190,31.4
2025-08-06,190,27.84
2025-08-08,190,29.16
2025-08-10,190,32.79
2025-08-11,190,20.13
2025-08-12,190,30.12
2025-08-14,190,26.2
2025-08-18,190,24.58
2025-08-21,190,33.73
2025-08-22,190,30.47
2025-08-23,190,27.93
2025-08-26,190,28.09
2025-09-01,190,20.09
2025-09-03,190,21.38
2025-09-04,190,30.49
2025-09-05,190,28.1
2025-09-07,190,29.36
2025-09-09,190,31.76
2025-09-10,190,30.75
2025-09-11,190,21.6
2025-09-12,190,25.24
2025-09-16,190,25.62
2025-09-17,190,20.69
2025-09-22,190,18.44
2025-09-26,190,19.75
2025-09-27,190,25.01
2025-09-29,190,32.21
2025-09-30,190,27.89
2025-10-02,190,26.46
2025-10-03,190,33.1
2025-10-08,190,27.88
2025-10-10,190,23.03
2025-10-12,190,21.89
2025-10-13,190,24.4
2025-10-14,190,33.55
2025-10-15,190,33.78
2025-10-16,190,30.45
2025-10-19,190,20.57
2025-10-20,190,28.45
2025-10-21,190,22.82
2025-10-22,190,27.3
2025-10-24,190,33.14
2025-10-27,190,31.62
2025-10-28,190,33.55
2025-10-30,190,18.28
2025-10-31,190,20.83
2025-11-06,190,30.47
2025-11-11,190,28.65
2025-11-13,190,33.23
2025-11-14,190,31.74
2025-11-15,190,24.59
2025-11-16,190,27.47
2025-11-17,190,23.61
2025-11-19,190,25.44
2025-11-20,190,21.29
2025-11-24,190,27.65
2025-11-26,190,22.95
2025-11-29,190,21.59
2025-11-30,190,22.77
2025-12-01,190,18.28
2025-12-02,190,31.59
2025-12-03,190,31.27
2025-12-04,190,22.34
2025-12-05,190,20.87
2025-12-07,190,27.73
2025-12-08,190,18.22
2025-12-10,190,31.49
2025-12-11,190,33.52
2025-12-13,190,22.13
2025-12-15,190,18.25
2025-12-17,190,23.95
2025-12-18,190,22.35
2025-12-19,190,29.24
2025-12-23,190,32.16
2025-12-25,190,31.53
2025-12-26,190,31.26
2025-12-29,190,26.73
2025-12-30,190,26.62
2025-01-02,191,27.14
2025-01-06,191,30.38
2025-01-10,191,19.17
2025-01-13,191,25.97
2025-01-14,191,29.52
2025-01-15,191,23.98
2025-01-17,191,19.46
2025-01-20,191,30.27
2025-01-21,191,25.42
2025-01-22,191,21.15
2025-01-23,191,27.53
2025-01-24,191,31.57
2025-01-26,191,20.48
2025-01-27,191,26.25
2025-01-29,191,29.43
2025-01-30,191,25.83
2025-01-31,191,31.96
2025-02-03,191,28.84
2025-02-06,191,23.38
2025-02-07,191,31.18
2025-02-10,191,27.57
2025-02-11,191,27.96
2025-02-13,191,24.21
2025-02-17,191,31.98
2025-02-18,191,32.5
2025-02-19,191,30.53
2025-02-21,191,28.94
2025-02-23,191,28.52
2025-02-25,191,19.81
2025-02-26,191,28.7
2025-02-28,191,22.57
2025-03-01,191,23.0
2025-03-02,191,22.55
2025-03-03,191,26.02
2025-03-06,191,21.03
2025-03-07,191,32.01
2025-03-10,191,31.88
2025-03-11,191,21.13
2025-03-12,191,28.78
2025-03-14,191,18.33
2025-03-18,191,26.11
2025-03-20,191,26.61
2025-03-22,191,29.23
2025-03-24,191,18.14
2025-03-26,191,27.84
2025-03-27,191,30.4
2025-03-31,191,30.08
2025-04-01,191,23.05
2025-04-03,191,21.81
2025-04-04,191,19.02
2025-04-05,191,30.55
2025-04-06,191,29.73
2025-04-10,191,32.43
2025-04-11,191,29.66
2025-04-13,191,30.19
2025-04-14,191,32.08
2025-04-22,191,18.73
2025-04-24,191,23.29
2025-04-25,191,30.82
2025-04-28,191,21.71
2025-04-29,191,28.45
2025-05-01,191,23.56
2025-05-02,191,28.89
2025-05-05,191,31.64
2025-05-12,191,23.34
2025-05-13,191,31.37
2025-05-14,191,25.63
2025-05-19,191,29.83
2025-05-21,191,26.65
2025-05-24,191,26.46
2025-05-28,191,25.63
2025-05-29,191,25.23
2025-05-30,191,30.24
2025-05-31,191,23.27
2025-06-04,191,27.71
2025-06-05,191,26.31
2025-06-06,191,20.09
2025-06-09,191,20.59
2025-06-11,191,31.52
2025-06-12,191,25.04
2025-06-13,191,30.72
2025-06-16,191,27.35
2025-06-17,191,24.95
2025-06-18,191,19.42
2025-06-23,191,21.43
2025-06-24,191,23.25
2025-06-25,191,21.89
2025-06-27,191,30.62
2025-06-30,191,20.83
2025-07-01,191,19.62
2025-07-02,191,24.61
2025-07-08,191,25.27
2025-07-12,191,22.9
2025-07-14,191,30.09
2025-07-15,191,23.41
2025-07-17,191,31.4
2025-07-21,191,28.08
2025-07-22,191,21.15
2025-07-23,191,28.27
2025-07-24,191,20.94
2025-07-25,191,28.75
2025-07-28,191,26.12
2025-07-29,191,27.08
2025-07-31,191,31.03
2025-08-01,191,24.71
2025-08-04,191,29.67
2025-08-06,191,27.1
2025-08-07,191,28.25
2025-08-09,191,28.01
2025-08-10,191,18.88
2025-08-12,191,19.91
2025-08-15,191,31.65
2025-08-18,191,22.32
2025-08-19,191,20.22
2025-08-20,191,28.54
2025-08-22,191,23.07
2025-08-25,191,25.57
2025-08-28,191,23.92
2025-09-03,191,26.91
2025-09-04,191,22.74
2025-09-05,191,18.08
2025-09-07,191,18.91
2025-09-08,191,24.69
2025-09-09,191,31.85
2025-09-10,191,26.11
2025-09-15,191,32.29
2025-09-16,191,29.26
2025-09-17,191,28.68
2025-09-19,191,22.09
2025-09-22,191,26.97
2025-09-23,191,30.55
2025-09-24,191,24.61
2025-09-25,191,29.28
2025-09-28,191,31.17
2025-09-29,191,30.67
2025-10-01,191,29.48
2025-10-03,191,17.89
2025-10-04,191,31.72
2025-10-06,191,20.81
2025-10-08,191,25.66
2025-10-09,191,28.4
2025-10-10,191,26.43
2025-10-14,191,23.39
2025-10-15,191,28.33
2025-10-16,191,22.19
2025-10-17,191,27.39
2025-10-19,191,19.56
2025-10-22,191,23.84
2025-10-23,191,19.96
2025-10-24,191,30.28
2025-10-27,191,27.32
2025-10-30,191,24.5
2025-11-02,191,27.91
2025-11-03,191,19.09
2025-11-07,191,21.35
2025-11-10,191,24.98
2025-11-11,191,29.95
2025-11-12,191,23.07
2025-11-13,191,23.79
2025-11-14,191,24.25
2025-11-16,191,32.39
2025-11-17,191,29.7
2025-11-18,191,26.63
2025-11-19,191,31.8
2025-11-21,191,29.41
2025-11-24,191,23.09
2025-11-26,191,23.43
2025-11-28,191,28.32
2025-12-02,191,17.99
2025-12-03,191,30.98
2025-12-04,191,26.26
2025-12-05,191,24.81
2025-12-08,191,31.71
2025-12-11,191,29.09
2025-12-12,191,26.64
2025-12-17,191,19.93
2025-12-18,191,29.04
2025-12-20,191,20.3
2025-12-24,191,17.57
2025-12-25,191,30.49
2025-12-26,191,18.54
2025-12-28,191,27.48
2025-12-29,191,23.72
2025-12-31,191,21.7
2025-01-01,192,29.95
2025-01-02,192,36.19
2025-01-03,192,48.99
2025-01-05,192,36.98
2025-01-06,192,35.75
2025-01-08,192,44.99
2025-01-12,192,29.74
2025-01-14,192,36.99
2025-01-16,192,35.18
2025-01-17,192,39.94
2025-01-20,192,49.42
2025-01-21,192,40.74
2025-01-22,192,46.43
2025-01-24,192,40.52
2025-01-26,192,46.34
2025-01-28,192,28.2
2025-01-29,192,38.39
2025-01-30,192,29.78
2025-01-31,192,36.14
2025-02-04,192,43.34
2025-02-06,192,33.87
2025-02-07,192,35.28
2025-02-12,192,29.5
2025-02-14,192,32.74
2025-02-16,192,46.75
2025-02-17,192,30.15
2025-02-18,192,39.8
2025-02-19,192,30.29
2025-02-20,192,40.43
2025-02-23,192,27.5
2025-02-25,192,44.9
2025-02-27,192,46.28
2025-02-28,192,45.86
2025-03-04,192,39.54
2025-03-05,192,47.05
2025-03-06,192,36.25
2025-03-07,192,33.93
2025-03-10,192,41.76
2025-03-13,192,28.25
2025-03-16,192,30.0
2025-03-17,192,29.97
2025-03-18,192,45.17
2025-03-21,192,49.46
2025-03-22,192,44.9
2025-03-26,192,50.69
2025-03-29,192,42.27
2025-03-30,192,46.21
2025-03-31,192,33.34
2025-04-01,192,50.23
2025-04-04,192,36.64
2025-04-11,192,45.12
2025-04-13,192,46.46
2025-04-17,192,42.22
2025-04-20,192,37.45
2025-04-23,192,31.89
2025-04-24,192,45.04
2025-04-28,192,33.32
2025-04-30,192,37.32
2025-05-07,192,28.21
2025-05-09,192,48.39
2025-05-13,192,47.33
2025-05-14,192,31.45
2025-05-15,192,45.78
2025-05-18,192,48.41
2025-05-19,192,50.54
2025-05-20,192,33.2
2025-05-21,192,42.86
2025-05-22,192,46.86
2025-05-23,192,42.88
2025-05-26,192,31.9
2025-05-28,192,40.53
2025-05-29,192,48.61
2025-05-30,192,46.93
2025-05-31,192,47.36
2025-06-03,192,29.97
2025-06-04,192,42.88
2025-06-06,192,40.09
2025-06-08,192,34.76
2025-06-09,192,42.26
2025-06-10,192,47.77
2025-06-11,192,31.63
2025-06-12,192,30.59
2025-06-13,192,47.47
2025-06-16,192,39.18
2025-06-17,192,34.33
2025-06-18,192,45.39
2025-06-21,192,43.17
2025-06-23,192,40.45
2025-06-25,192,35.79
2025-06-26,192,41.01
2025-06-28,192,32.08
2025-06-30,192,46.63
2025-07-01,192,48.7
2025-07-03,192,33.82
2025-07-07,192,29.19
2025-07-09,192,42.37
2025-07-10,192,37.45
2025-07-11,192,37.01
2025-07-13,192,32.52
2025-07-14,192,42.58
2025-07-15,192,42.71
2025-07-18,192,32.32
2025-07-21,192,30.25
2025-07-22,192,44.66
2025-07-23,192,31.49
2025-07-24,192,48.67
2025-07-25,192,45.44
2025-07-29,192,32.03
2025-07-31,192,46.64
2025-08-04,192,49.24
2025-08-05,192,43.87
2025-08-06,192,39.93
2025-08-08,192,36.19
2025-08-12,192,47.32
2025-08-13,192,37.88
2025-08-14,192,34.8
2025-08-15,192,36.12
2025-08-19,192,32.5
2025-08-28,192,41.07
2025-09-01,192,37.34
2025-09-03,192,42.05
2025-09-05,192,44.2
2025-09-09,192,49.77
2025-09-10,192,36.47
2025-09-12,192,34.97
2025-09-13,192,29.38
2025-09-15,192,42.53
2025-09-16,192,36.06
2025-09-17,192,29.16
2025-09-19,192,28.85
2025-09-21,192,30.54
2025-09-23,192,44.38
2025-09-25,192,29.3
2025-09-26,192,31.07
2025-09-28,192,27.59
2025-09-29,192,45.66
2025-10-02,192,45.81
2025-10-06,192,28.85
2025-10-12,192,33.72
2025-10-13,192,42.86
2025-10-15,192,28.08
2025-10-16,192,48.31
2025-10-19,192,45.25
2025-10-20,192,46.58
2025-10-22,192,31.59
2025-10-23,192,41.57
2025-10-29,192,33.4
2025-10-30,192,32.37
2025-11-01,192,45.86
2025-11-03,192,33.83
2025-11-04,192,32.43
2025-11-06,192,31.2
2025-11-07,192,27.85
2025-11-11,192,49.64
2025-11-12,192,30.29
2025-11-13,192,30.28
2025-11-17,192,32.74
2025-11-18,192,49.89
2025-11-19,192,28.66
2025-11-20,192,33.01
2025-11-24,192,43.13
2025-11-27,192,46.1
2025-11-28,192,41.4
2025-11-29,192,35.11
2025-12-02,192,44.63
2025-12-03,192,34.65
2025-12-08,192,46.84
2025-12-10,192,49.22
2025-12-11,192,28.21
2025-12-12,192,35.93
2025-12-15,192,43.7
2025-12-16,192,48.14
2025-12-17,192,36.63
2025-12-19,192,46.34
2025-12-20,192,33.19
2025-12-24,192,49.31
2025-12-26,192,33.0
2025-12-29,192,28.03
2025-01-03,193,16.8
2025-01-08,193,13.29
2025-01-10,193,22.16
2025-01-15,193,21.72
2025-01-16,193,14.95
2025-01-19,193,22.0
2025-01-21,193,13.97
2025-01-22,193,22.32
2025-01-27,193,20.39
2025-01-29,193,22.58
2025-02-02,193,15.62
2025-02-04,193,13.95
2025-02-05,193,15.18
2025-02-07,193,19.22
2025-02-08,193,20.06
2025-02-09,193,13.99
2025-02-10,193,12.72
2025-02-12,193,12.65
2025-02-14,193,22.04
2025-02-16,193,13.82
2025-02-19,193,22.07
2025-02-20,193,19.2
2025-02-21,193,16.2
2025-02-24,193,18.44
2025-02-25,193,21.35
2025-02-27,193,20.03
2025-02-28,193,14.56
2025-03-03,193,19.45
2025-03-04,193,21.25
2025-03-06,193,20.0
2025-03-12,193,21.25
2025-03-16,193,18.48
2025-03-17,193,17.59
2025-03-18,193,17.74
2025-03-19,193,21.72
2025-03-20,193,13.73
2025-03-25,193,14.77
2025-03-26,193,20.17
2025-03-27,193,20.26
2025-03-30,193,14.41
2025-04-02,193,17.95
2025-04-04,193,22.43
2025-04-08,193,15.28
2025-04-10,193,14.55
2025-04-11,193,19.32
2025-04-12,193,14.2
2025-04-13,193,22.18
2025-04-15,193,19.06
2025-04-16,193,13.14
2025-04-17,193,12.66
2025-04-20,193,20.52
2025-04-22,193,17.93
2025-04-24,193,22.95
2025-04-25,193,13.96
2025-04-28,193,16.78
2025-04-29,193,18.05
2025-05-02,193,20.05
2025-05-04,193,19.58
2025-05-05,193,16.86
2025-05-06,193,13.94
2025-05-08,193,17.67
2025-05-09,193,14.19
2025-05-12,193,17.93
2025-05-13,193,14.02
2025-05-14,193,16.1
2025-05-15,193,21.6
2025-05-16,193,15.07
2025-05-19,193,17.34
2025-05-20,193,17.78
2025-05-21,193,18.84
2025-05-22,193,21.55
2025-05-23,193,18.78
2025-05-25,193,19.96
2025-05-26,193,14.75
2025-05-27,193,16.58
2025-05-30,193,21.44
2025-06-02,193,22.11
2025-06-03,193,14.47
2025-06-04,193,13.51
2025-06-05,193,21.75
2025-06-06,193,17.88
2025-06-09,193,22.49
2025-06-14,193,16.27
2025-06-18,193,16.92
2025-06-20,193,21.5
2025-06-23,193,16.62
2025-06-24,193,16.38
2025-06-25,193,14.82
2025-06-26,193,16.02
2025-06-27,193,17.93
2025-06-30,193,21.9
2025-07-01,193,12.62
2025-07-02,193,20.42
2025-07-14,193,14.57
2025-07-15,193,20.37
2025-07-16,193,14.7
2025-07-17,193,14.41
2025-07-18,193,18.63
2025-07-20,193,14.31
2025-07-21,193,14.02
2025-07-23,193,14.65
2025-07-25,193,23.28
2025-07-26,193,13.44
2025-07-27,193,22.7
2025-07-29,193,16.75
2025-08-01,193,20.05
2025-08-05,193,17.27
2025-08-06,193,13.02
2025-08-08,193,23.15
2025-08-18,193,22.07
2025-08-19,193,18.69
2025-08-25,193,15.33
2025-08-26,193,22.98
2025-08-28,193,19.44
2025-08-29,193,14.84
2025-08-31,193,18.59
2025-09-01,193,14.09
2025-09-06,193,19.76
2025-09-09,193,20.12
2025-09-10,193,14.96
2025-09-11,193,17.04
2025-09-15,193,14.02
2025-09-16,193,14.11
2025-09-17,193,20.67
2025-09-18,193,22.01
2025-09-22,193,21.01
2025-09-24,193,15.42
2025-09-25,193,16.09
2025-09-29,193,13.2
2025-10-01,193,17.43
2025-10-02,193,17.03
2025-10-03,193,19.88
2025-10-07,193,21.87
2025-10-08,193,19.25
2025-10-09,193,23.1
2025-10-10,193,14.61
2025-10-11,193,15.6
2025-10-13,193,13.49
2025-10-14,193,14.91
2025-10-16,193,16.0
2025-10-17,193,12.91
2025-10-20,193,22.7
2025-10-21,193,18.97
2025-10-22,193,22.1
2025-10-27,193,18.49
2025-10-29,193,17.27
2025-11-03,193,22.94
2025-11-04,193,13.98
2025-11-05,193,17.42
2025-11-06,193,12.95
2025-11-07,193,21.27
2025-11-10,193,12.83
2025-11-12,193,16.58
2025-11-16,193,12.64
2025-11-17,193,20.84
2025-11-19,193,13.45
2025-11-20,193,22.63
2025-11-21,193,20.52
2025-11-26,193,16.2
2025-12-01,193,14.6
2025-12-02,193,16.59
2025-12-04,193,16.15
2025-12-08,193,17.54
2025-12-11,193,17.14
2025-12-12,193,19.92
2025-12-13,193,19.56
2025-12-15,193,13.24
2025-12-16,193,16.44
2025-12-18,193,20.84
2025-12-19,193,14.86
2025-12-22,193,20.54
2025-12-24,193,19.4
2025-12-25,193,18.95
2025-12-26,193,13.82
2025-12-27,193,13.91
2025-12-28,193,22.14
2025-01-01,194,15.48
2025-01-03,194,16.59
2025-01-08,194,15.35
2025-01-09,194,13.32
2025-01-10,194,12.81
2025-01-13,194,14.47
2025-01-14,194,13.82
2025-01-15,194,15.55
2025-01-17,194,15.92
2025-01-19,194,9.17
2025-01-21,194,14.68
2025-01-22,194,9.27
2025-01-23,194,15.66
2025-01-24,194,11.15
2025-01-26,194,12.09
2025-01-28,194,16.25
2025-01-29,194,14.23
2025-01-30,194,11.18
2025-01-31,194,12.78
2025-02-03,194,12.59
2025-02-05,194,12.28
2025-02-06,194,16.41
2025-02-09,194,15.93
2025-02-10,194,12.73
2025-02-11,194,16.35
2025-02-13,194,16.5
2025-02-14,194,16.2
2025-02-17,194,13.77
2025-02-18,194,13.98
2025-02-19,194,11.93
2025-02-20,194,12.99
2025-02-21,194,9.64
2025-02-25,194,15.13
2025-03-03,194,9.82
2025-03-04,194,14.66
2025-03-05,194,15.34
2025-03-06,194,12.11
2025-03-07,194,11.56
2025-03-12,194,12.64
2025-03-13,194,10.99
2025-03-15,194,9.3
2025-03-17,194,13.09
2025-03-18,194,10.39
2025-03-20,194,13.92
2025-03-27,194,13.91
2025-04-01,194,12.63
2025-04-02,194,11.71
2025-04-04,194,16.45
2025-04-07,194,10.7
2025-04-08,194,11.93
2025-04-12,194,15.6
2025-04-14,194,10.69
2025-04-15,194,11.8
2025-04-16,194,13.78
2025-04-17,194,13.0
2025-04-18,194,15.46
2025-04-19,194,13.47
2025-04-20,194,14.69
2025-04-21,194,16.58
2025-04-23,194,15.26
2025-04-24,194,15.2
2025-04-25,194,9.84
2025-04-30,194,11.68
2025-05-01,194,13.97
2025-05-03,194,13.0
2025-05-06,194,16.41
2025-05-09,194,15.69
2025-05-11,194,9.99
2025-05-12,194,12.16
2025-05-13,194,13.3
2025-05-14,194,9.46
2025-05-19,194,16.3
2025-05-20,194,15.15
2025-05-21,194,16.19
2025-05-23,194,15.02
2025-05-25,194,15.4
2025-05-27,194,9.78
2025-06-02,194,16.46
2025-06-07,194,12.6
2025-06-09,194,12.55
2025-06-10,194,10.49
2025-06-11,194,16.81
2025-06-12,194,11.52
2025-06-16,194,12.24
2025-06-18,194,12.1
2025-06-19,194,15.66
2025-06-23,194,12.38
2025-06-24,194,16.1
2025-06-25,194,10.91
2025-06-27,194,15.6
2025-06-30,194,9.18
2025-07-02,194,16.77
2025-07-03,194,13.93
2025-07-04,194,13.02
2025-07-05,194,15.82
2025-07-07,194,9.75
2025-07-08,194,11.34
2025-07-09,194,15.57
2025-07-10,194,16.32
2025-07-12,194,11.18
2025-07-15,194,16.54
2025-07-16,194,12.09
2025-07-21,194,13.29
2025-07-22,194,15.56
2025-07-25,194,10.16
2025-07-28,194,15.49
2025-07-31,194,11.51
2025-08-01,194,15.58
2025-08-04,194,13.43
2025-08-06,194,13.4
2025-08-09,194,16.14
2025-08-11,194,15.08
2025-08-12,194,13.38
2025-08-15,194,11.12
2025-08-18,194,9.15
2025-08-19,194,13.34
2025-08-20,194,11.56
2025-08-22,194,10.05
2025-08-23,194,9.86
2025-08-25,194,15.58
2025-08-27,194,9.9
2025-08-28,194,13.45
2025-08-29,194,12.56
2025-08-31,194,14.61
2025-09-01,194,10.98
2025-09-03,194,12.12
2025-09-04,194,12.65
2025-09-05,194,11.23
2025-09-07,194,15.73
2025-09-10,194,16.25
2025-09-11,194,14.43
2025-09-13,194,9.37
2025-09-14,194,13.47
2025-09-18,194,13.47
2025-09-19,194,15.07
2025-09-21,194,10.08
2025-09-23,194,13.92
2025-09-24,194,13.39
2025-09-25,194,12.37
2025-09-26,194,10.4
2025-10-01,194,15.0
2025-10-03,194,14.48
2025-10-06,194,14.58
2025-10-07,194,15.38
2025-10-08,194,10.37
2025-10-09,194,13.99
2025-10-10,194,11.15
2025-10-11,194,15.11
2025-10-14,194,12.59
2025-10-15,194,15.48
2025-10-16,194,14.92
2025-10-17,194,12.83
2025-10-20,194,15.65
2025-10-21,194,15.41
2025-10-23,194,13.48
2025-10-28,194,13.45
2025-10-29,194,13.6
2025-11-03,194,16.4
2025-11-05,194,12.37
2025-11-06,194,11.39
2025-11-07,194,11.9
2025-11-08,194,10.09
2025-11-09,194,10.96
2025-11-10,194,10.9
2025-11-11,194,16.81
2025-11-12,194,15.65
2025-11-13,194,11.53
2025-11-17,194,16.45
2025-11-18,194,11.06
2025-11-19,194,15.53
2025-11-20,194,16.08
2025-11-23,194,12.39
2025-11-24,194,10.06
2025-11-26,194,14.09
2025-11-28,194,13.56
2025-12-01,194,12.66
2025-12-02,194,12.17
2025-12-04,194,11.54
2025-12-05,194,16.62
2025-12-08,194,14.1
2025-12-09,194,13.2
2025-12-10,194,15.15
2025-12-15,194,13.01
2025-12-17,194,14.81
2025-12-19,194,9.27
2025-12-22,194,15.56
2025-12-26,194,12.34
2025-12-29,194,9.96
2025-12-30,194,13.48
2025-12-31,194,10.58
2025-01-01,195,22.19
2025-01-02,195,23.54
2025-01-04,195,19.37
2025-01-06,195,24.05
2025-01-07,195,17.26
2025-01-08,195,27.48
2025-01-09,195,23.68
2025-01-10,195,23.3
2025-01-13,195,16.39
2025-01-15,195,25.52
2025-01-16,195,20.31
2025-01-17,195,27.86
2025-01-21,195,19.11
2025-01-23,195,29.59
2025-01-28,195,25.22
2025-01-29,195,23.94
2025-01-30,195,23.14
2025-01-31,195,20.22
2025-02-01,195,26.98
2025-02-05,195,24.09
2025-02-08,195,18.16
2025-02-09,195,17.58
2025-02-13,195,28.41
2025-02-17,195,23.9
2025-02-20,195,16.39
2025-02-21,195,28.87
2025-02-25,195,16.42
2025-02-26,195,27.88
2025-02-27,195,27.24
2025-02-28,195,23.65
2025-03-05,195,22.69
2025-03-06,195,26.17
2025-03-10,195,23.04
2025-03-14,195,29.31
2025-03-17,195,29.66
2025-03-18,195,18.36
2025-03-19,195,25.06
2025-03-20,195,18.32
2025-03-22,195,17.1
2025-03-24,195,24.9
2025-03-27,195,22.91
2025-03-28,195,22.84
2025-03-31,195,16.29
2025-04-02,195,19.89
2025-04-03,195,26.86
2025-04-04,195,26.63
2025-04-05,195,25.0
2025-04-06,195,21.92
2025-04-07,195,26.87
2025-04-10,195,27.83
2025-04-11,195,27.62
2025-04-13,195,19.49
2025-04-14,195,18.57
2025-04-16,195,16.65
2025-04-17,195,16.77
2025-04-21,195,19.78
2025-04-28,195,17.73
2025-05-01,195,23.28
2025-05-02,195,26.68
2025-05-03,195,23.17
2025-05-05,195,25.36
2025-05-08,195,20.96
2025-05-09,195,22.73
2025-05-10,195,16.38
2025-05-15,195,22.91
2025-05-16,195,18.75
2025-05-19,195,21.71
2025-05-20,195,28.91
2025-05-22,195,21.87
2025-05-23,195,22.32
2025-05-24,195,29.32
2025-05-26,195,19.36
2025-05-27,195,19.94
2025-06-03,195,21.75
2025-06-04,195,21.39
2025-06-08,195,16.51
2025-06-09,195,18.08
2025-06-10,195,17.59
2025-06-12,195,24.81
2025-06-13,195,28.97
2025-06-16,195,27.97
2025-06-17,195,25.73
2025-06-18,195,21.91
2025-06-20,195,28.94
2025-06-23,195,17.89
2025-06-24,195,21.07
2025-06-25,195,21.95
2025-06-26,195,19.65
2025-06-30,195,19.29
2025-07-02,195,26.45
2025-07-03,195,28.66
2025-07-09,195,29.66
2025-07-10,195,19.82
2025-07-11,195,16.89
2025-07-14,195,17.82
2025-07-15,195,16.63
2025-07-16,195,16.54
2025-07-17,195,22.24
2025-07-23,195,27.04
2025-07-24,195,16.65
2025-07-28,195,20.55
2025-07-31,195,18.71
2025-08-01,195,29.46
2025-08-02,195,26.19
2025-08-03,195,17.81
2025-08-05,195,29.83
2025-08-07,195,21.99
2025-08-08,195,27.38
2025-08-09,195,19.4
2025-08-12,195,27.52
2025-08-17,195,21.06
2025-08-19,195,23.43
2025-08-21,195,25.55
2025-08-22,195,16.49
2025-08-26,195,17.18
2025-08-27,195,17.53
2025-08-28,195,23.83
2025-08-29,195,17.36
2025-08-30,195,16.71
2025-09-03,195,26.01
2025-09-05,195,24.13
2025-09-06,195,22.36
2025-09-08,195,23.15
2025-09-10,195,28.11
2025-09-11,195,20.44
2025-09-12,195,29.7
2025-09-16,195,21.38
2025-09-17,195,18.38
2025-09-18,195,22.97
2025-09-19,195,26.86
2025-09-20,195,19.41
2025-09-21,195,22.42
2025-09-23,195,18.19
2025-09-24,195,25.29
2025-09-29,195,29.22
2025-10-01,195,23.44
2025-10-03,195,29.81
2025-10-07,195,24.59
2025-10-09,195,21.03
2025-10-10,195,23.16
2025-10-13,195,26.28
2025-10-14,195,29.05
2025-10-15,195,28.33
2025-10-16,195,29.17
2025-10-17,195,29.15
2025-10-19,195,25.16
2025-10-20,195,21.64
2025-10-21,195,27.53
2025-10-22,195,26.71
2025-10-23,195,29.5
2025-10-24,195,20.52
2025-10-25,195,27.59
2025-10-27,195,24.27
2025-10-28,195,27.31
2025-10-30,195,27.91
2025-11-05,195,17.04
2025-11-06,195,26.9
2025-11-07,195,25.12
2025-11-10,195,16.73
2025-11-11,195,16.73
2025-11-12,195,23.02
2025-11-14,195,20.09
2025-11-15,195,24.18
2025-11-17,195,25.8
2025-11-18,195,20.09
2025-11-21,195,17.4
2025-11-23,195,18.99
2025-11-24,195,21.21
2025-11-25,195,28.51
2025-11-27,195,29.27
2025-11-28,195,19.12
2025-12-01,195,25.15
2025-12-04,195,25.56
2025-12-06,195,24.72
2025-12-09,195,17.42
2025-12-10,195,28.77
2025-12-11,195,28.75
2025-12-12,195,28.5
2025-12-15,195,21.22
2025-12-16,195,29.64
2025-12-17,195,23.79
2025-12-19,195,20.39
2025-12-23,195,18.76
2025-12-27,195,20.55
2025-12-30,195,20.21
2025-12-31,195,16.83
2025-01-02,196,28.56
2025-01-03,196,44.44
2025-01-06,196,34.36
2025-01-07,196,44.48
2025-01-08,196,43.93
2025-01-09,196,33.68
2025-01-13,196,33.73
2025-01-14,196,33.33
2025-01-15,196,44.24
2025-01-17,196,41.08
2025-01-22,196,35.96
2025-01-24,196,26.61
2025-01-25,196,44.73
2025-01-28,196,36.22
2025-01-29,196,42.02
2025-01-30,196,35.8
2025-01-31,196,32.3
2025-02-01,196,34.9
2025-02-03,196,34.71
2025-02-04,196,27.32
2025-02-05,196,44.17
2025-02-06,196,31.05
2025-02-07,196,38.31
2025-02-10,196,40.88
2025-02-11,196,29.54
2025-02-13,196,32.7
2025-02-17,196,25.18
2025-02-26,196,32.77
2025-02-27,196,27.75
2025-02-28,196,43.56
2025-03-02,196,38.4
2025-03-04,196,42.14
2025-03-05,196,33.12
2025-03-07,196,33.92
2025-03-10,196,44.35
2025-03-11,196,34.87
2025-03-12,196,45.26
2025-03-13,196,44.01
2025-03-14,196,27.97
2025-03-19,196,35.84
2025-03-21,196,43.75
2025-03-22,196,25.35
2025-03-26,196,28.49
2025-03-28,196,38.35
2025-03-29,196,41.32
2025-04-01,196,29.53
2025-04-02,196,29.66
2025-04-04,196,34.53
2025-04-08,196,43.78
2025-04-09,196,29.56
2025-04-11,196,31.24
2025-04-15,196,33.06
2025-04-16,196,34.04
2025-04-17,196,31.15
2025-04-21,196,27.25
2025-04-22,196,24.85
2025-04-23,196,35.5
2025-04-24,196,42.69
2025-04-25,196,40.79
2025-04-28,196,33.49
2025-04-30,196,34.72
2025-05-02,196,26.45
2025-05-05,196,41.61
2025-05-06,196,29.43
2025-05-07,196,33.78
2025-05-08,196,31.92
2025-05-09,196,42.55
2025-05-12,196,27.2
2025-05-13,196,40.62
2025-05-14,196,36.56
2025-05-16,196,26.56
2025-05-18,196,26.48
2025-05-20,196,37.47
2025-05-21,196,33.62
2025-05-23,196,40.07
2025-05-26,196,27.86
2025-05-27,196,33.78
2025-05-29,196,29.71
2025-05-31,196,32.5
2025-06-02,196,40.7
2025-06-03,196,44.62
2025-06-04,196,40.28
2025-06-05,196,42.25
2025-06-06,196,36.82
2025-06-09,196,43.01
2025-06-11,196,34.38
2025-06-15,196,41.16
2025-06-16,196,41.3
2025-06-18,196,31.98
2025-06-19,196,27.33
2025-06-20,196,25.53
2025-06-23,196,30.88
2025-06-24,196,31.69
2025-06-25,196,30.54
2025-06-26,196,24.62
2025-06-27,196,32.62
2025-06-29,196,39.21
2025-06-30,196,34.95
2025-07-01,196,34.66
2025-07-03,196,31.41
2025-07-04,196,26.49
2025-07-05,196,39.6
2025-07-07,196,38.21
2025-07-09,196,30.31
2025-07-11,196,36.95
2025-07-14,196,35.34
2025-07-16,196,45.21
2025-07-21,196,31.77
2025-07-23,196,32.18
2025-07-24,196,42.34
2025-07-25,196,41.92
2025-07-26,196,28.12
2025-07-28,196,34.67
2025-07-29,196,30.31
2025-08-01,196,41.39
2025-08-04,196,36.05
2025-08-06,196,43.08
2025-08-08,196,29.61
2025-08-09,196,30.55
2025-08-12,196,45.25
2025-08-13,196,36.87
2025-08-18,196,26.71
2025-08-19,196,35.55
2025-08-21,196,41.59
2025-08-22,196,39.52
2025-09-01,196,41.72
2025-09-03,196,35.3
2025-09-05,196,36.18
2025-09-09,196,27.19
2025-09-12,196,37.04
2025-09-16,196,35.01
2025-09-18,196,28.73
2025-09-19,196,37.47
2025-09-21,196,37.05
2025-09-22,196,31.14
2025-09-23,196,27.1
2025-09-25,196,40.23
2025-09-29,196,26.03
2025-09-30,196,44.73
2025-10-01,196,35.92
2025-10-02,196,37.6
2025-10-03,196,45.26
2025-10-06,196,40.57
2025-10-07,196,42.5
2025-10-10,196,36.55
2025-10-14,196,42.2
2025-10-15,196,42.38
2025-10-16,196,38.5
2025-10-17,196,33.69
2025-10-18,196,29.34
2025-10-20,196,41.29
2025-10-21,196,44.33
2025-10-22,196,34.14
2025-10-25,196,35.4
2025-10-26,196,27.64
2025-10-27,196,26.5
2025-10-28,196,43.2
2025-11-06,196,25.97
2025-11-07,196,37.55
2025-11-10,196,41.78
2025-11-12,196,28.71
2025-11-13,196,28.52
2025-11-14,196,24.7
2025-11-16,196,33.37
2025-11-18,196,41.59
2025-11-19,196,38.88
2025-11-20,196,39.67
2025-11-21,196,31.24
2025-11-23,196,36.24
2025-11-24,196,27.34
2025-11-25,196,36.69
2025-11-26,196,34.38
2025-12-01,196,35.41
2025-12-02,196,44.07
2025-12-05,196,40.72
2025-12-10,196,36.8
2025-12-11,196,41.32
2025-12-12,196,29.04
2025-12-15,196,36.04
2025-12-16,196,34.23
2025-12-19,196,30.01
2025-12-21,196,42.16
2025-12-22,196,43.61
2025-12-23,196,31.14
2025-12-25,196,32.73
2025-12-26,196,35.24
2025-12-27,196,38.18
2025-12-29,196,28.83
2025-12-31,196,38.72
2025-01-01,197,28.88
2025-01-02,197,28.79
2025-01-03,197,29.86
2025-01-06,197,28.45
2025-01-07,197,20.11
2025-01-08,197,27.34
2025-01-10,197,30.85
2025-01-11,197,27.89
2025-01-13,197,25.97
2025-01-14,197,23.29
2025-01-15,197,17.39
2025-01-16,197,17.37
2025-01-17,197,27.12
2025-01-19,197,29.02
2025-01-20,197,30.75
2025-01-21,197,22.1
2025-01-23,197,23.67
2025-01-27,197,17.82
2025-01-28,197,18.71
2025-02-03,197,28.73
2025-02-05,197,28.48
2025-02-06,197,20.16
2025-02-07,197,20.36
2025-02-10,197,27.23
2025-02-12,197,30.83
2025-02-14,197,21.18
2025-02-15,197,22.75
2025-02-21,197,30.91
2025-02-23,197,17.22
2025-02-24,197,29.68
2025-02-26,197,27.55
2025-02-27,197,19.51
2025-02-28,197,26.43
2025-03-02,197,28.63
2025-03-03,197,20.42
2025-03-06,197,20.1
2025-03-10,197,20.9
2025-03-11,197,16.88
2025-03-12,197,31.1
2025-03-13,197,24.71
2025-03-14,197,29.27
2025-03-19,197,26.48
2025-03-21,197,24.47
2025-03-22,197,19.86
2025-03-24,197,19.46
2025-03-31,197,17.86
2025-04-01,197,26.62
2025-04-03,197,25.64
2025-04-04,197,28.43
2025-04-07,197,29.43
2025-04-08,197,20.54
2025-04-10,197,18.3
2025-04-11,197,18.5
2025-04-12,197,20.49
2025-04-13,197,31.08
2025-04-18,197,28.44
2025-04-20,197,28.41
2025-04-21,197,30.4
2025-04-24,197,29.18
2025-04-28,197,22.82
2025-04-30,197,22.63
2025-05-01,197,23.09
2025-05-06,197,28.88
2025-05-07,197,17.21
2025-05-13,197,23.37
2025-05-14,197,21.62
2025-05-15,197,28.63
2025-05-17,197,24.55
2025-05-20,197,19.64
2025-05-21,197,18.64
2025-05-22,197,22.36
2025-05-23,197,17.76
2025-05-27,197,20.55
2025-05-28,197,24.63
2025-05-29,197,21.17
2025-05-31,197,24.0
2025-06-04,197,23.43
2025-06-05,197,21.48
2025-06-06,197,19.47
2025-06-07,197,28.01
2025-06-10,197,22.15
2025-06-11,197,25.52
2025-06-12,197,25.55
2025-06-13,197,30.36
2025-06-17,197,23.03
2025-06-19,197,20.08
2025-06-20,197,30.42
2025-06-21,197,23.59
2025-06-22,197,24.54
2025-06-24,197,29.93
2025-06-25,197,19.72
2025-06-26,197,28.47
2025-06-27,197,20.45
2025-06-28,197,24.17
2025-06-30,197,20.32
2025-07-04,197,21.52
2025-07-06,197,17.29
2025-07-10,197,18.19
2025-07-11,197,21.98
2025-07-14,197,28.57
2025-07-15,197,30.5
2025-07-16,197,27.04
2025-07-17,197,22.6
2025-07-20,197,22.69
2025-07-21,197,17.07
2025-07-22,197,27.79
2025-07-23,197,30.34
2025-07-24,197,29.56
2025-07-28,197,29.75
2025-07-29,197,30.93
2025-08-01,197,17.99
2025-08-04,197,30.66
2025-08-07,197,29.65
2025-08-08,197,24.33
2025-08-09,197,19.03
2025-08-11,197,18.98
2025-08-12,197,17.42
2025-08-13,197,27.8
2025-08-14,197,22.79
2025-08-15,197,24.32
2025-08-17,197,20.38
2025-08-19,197,28.09
2025-08-20,197,27.48
2025-08-23,197,20.77
2025-08-25,197,21.55
2025-08-26,197,24.83
2025-08-27,197,20.35
2025-09-01,197,29.83
2025-09-02,197,19.25
2025-09-03,197,30.53
2025-09-04,197,30.22
2025-09-05,197,27.14
2025-09-09,197,29.94
2025-09-10,197,25.73
2025-09-11,197,18.94
2025-09-12,197,23.19
2025-09-15,197,23.23
2025-09-16,197,19.83
2025-09-19,197,20.04
2025-09-20,197,30.37
2025-09-22,197,23.45
2025-09-25,197,26.97
2025-09-29,197,31.11
2025-09-30,197,19.72
2025-10-03,197,18.22
2025-10-04,197,26.64
2025-10-07,197,24.02
2025-10-10,197,19.43
2025-10-14,197,30.67
2025-10-15,197,18.94
2025-10-16,197,28.68
2025-10-20,197,19.37
2025-10-21,197,28.63
2025-10-22,197,26.81
2025-10-23,197,20.73
2025-10-24,197,23.84
2025-10-27,197,28.41
2025-10-28,197,21.69
2025-10-30,197,17.56
2025-11-04,197,30.77
2025-11-05,197,26.44
2025-11-06,197,18.11
2025-11-11,197,26.56
2025-11-12,197,29.07
2025-11-15,197,26.29
2025-11-18,197,23.97
2025-11-19,197,30.97
2025-11-20,197,29.92
2025-11-24,197,30.25
2025-11-25,197,28.09
2025-11-26,197,17.64
2025-11-27,197,24.32
2025-11-28,197,27.56
2025-12-01,197,23.97
2025-12-02,197,23.11
2025-12-04,197,17.5
2025-12-05,197,28.83
2025-12-07,197,23.72
2025-12-09,197,17.7
2025-12-15,197,27.76
2025-12-16,197,22.64
2025-12-17,197,16.89
2025-12-20,197,21.89
2025-12-21,197,17.37
2025-12-22,197,29.37
2025-12-23,197,29.43
2025-12-24,197,30.56
2025-12-25,197,29.13
2025-12-28,197,26.46
2025-12-31,197,30.36
2025-01-02,198,16.5
2025-01-03,198,14.85
2025-01-06,198,14.37
2025-01-09,198,11.91
2025-01-13,198,11.91
2025-01-14,198,19.94
2025-01-15,198,18.66
2025-01-16,198,20.4
2025-01-17,198,12.54
2025-01-20,198,12.69
2025-01-22,198,14.04
2025-01-23,198,17.47
2025-01-24,198,18.95
2025-01-27,198,16.6
2025-01-28,198,15.58
2025-01-29,198,19.61
2025-01-31,198,21.85
2025-02-02,198,20.21
2025-02-03,198,13.89
2025-02-04,198,12.87
2025-02-06,198,17.66
2025-02-07,198,19.03
2025-02-09,198,16.23
2025-02-11,198,13.01
2025-02-14,198,17.85
2025-02-15,198,17.66
2025-02-17,198,20.41
2025-02-18,198,13.86
2025-02-19,198,20.91
2025-02-20,198,14.79
2025-02-21,198,15.98
2025-02-23,198,13.0
2025-02-24,198,21.16
2025-02-28,198,20.91
2025-03-01,198,16.13
2025-03-02,198,15.6
2025-03-04,198,18.32
2025-03-06,198,12.83
2025-03-11,198,17.78
2025-03-13,198,21.72
2025-03-16,198,17.04
2025-03-17,198,16.05
2025-03-18,198,20.19
2025-03-19,198,17.93
2025-03-20,198,19.59
2025-03-21,198,16.14
2025-03-24,198,19.42
2025-03-25,198,21.7
2025-03-26,198,17.85
2025-03-28,198,17.65
2025-03-29,198,16.59
2025-04-01,198,19.12
2025-04-03,198,18.0
2025-04-08,198,17.87
2025-04-09,198,14.24
2025-04-10,198,17.93
2025-04-14,198,21.52
2025-04-15,198,15.45
2025-04-17,198,15.41
2025-04-18,198,15.9
2025-04-20,198,13.97
2025-04-21,198,22.1
2025-04-23,198,19.05
2025-04-24,198,21.48
2025-04-26,198,21.37
2025-04-28,198,18.96
2025-04-29,198,17.74
2025-04-30,198,12.59
2025-05-01,198,12.4
2025-05-02,198,18.91
2025-05-05,198,18.89
2025-05-06,198,14.48
2025-05-08,198,19.51
2025-05-09,198,20.4
2025-05-11,198,11.99
2025-05-12,198,20.0
2025-05-14,198,19.28
2025-05-15,198,16.95
2025-05-16,198,13.08
2025-05-19,198,13.16
2025-05-20,198,15.69
2025-05-23,198,15.23
2025-05-24,198,13.05
2025-05-26,198,21.55
2025-05-29,198,16.7
2025-05-30,198,20.06
2025-06-02,198,15.11
2025-06-03,198,17.92
2025-06-06,198,13.3
2025-06-08,198,15.19
2025-06-09,198,19.75
2025-06-11,198,14.79
2025-06-14,198,21.93
2025-06-16,198,19.71
2025-06-17,198,21.18
2025-06-18,198,14.07
2025-06-20,198,16.74
2025-06-23,198,20.84
2025-06-26,198,18.2
2025-07-01,198,16.37
2025-07-02,198,21.04
2025-07-03,198,19.77
2025-07-04,198,18.1
2025-07-05,198,18.79
2025-07-06,198,16.53
2025-07-07,198,21.71
2025-07-08,198,16.16
2025-07-10,198,20.83
2025-07-11,198,20.79
2025-07-14,198,16.96
2025-07-15,198,20.07
2025-07-17,198,18.81
2025-07-18,198,21.86
2025-07-20,198,14.26
2025-07-22,198,21.87
2025-07-23,198,12.34
2025-07-28,198,18.28
2025-07-29,198,15.43
2025-07-30,198,15.08
2025-07-31,198,18.61
2025-08-01,198,16.46
2025-08-04,198,16.72
2025-08-06,198,16.11
2025-08-07,198,15.74
2025-08-08,198,17.58
2025-08-10,198,17.33
2025-08-12,198,12.23
2025-08-14,198,13.01
2025-08-21,198,16.86
2025-08-24,198,16.3
2025-08-26,198,12.47
2025-08-27,198,21.82
2025-08-30,198,17.3
2025-09-05,198,12.17
2025-09-09,198,16.23
2025-09-11,198,16.68
2025-09-12,198,20.01
2025-09-15,198,18.91
2025-09-17,198,13.86
2025-09-18,198,19.14
2025-09-24,198,18.04
2025-09-25,198,20.67
2025-09-26,198,21.22
2025-09-29,198,17.27
2025-10-01,198,13.68
2025-10-02,198,15.49
2025-10-03,198,13.0
2025-10-04,198,19.93
2025-10-06,198,15.15
2025-10-07,198,14.31
2025-10-14,198,17.11
2025-10-15,198,16.44
2025-10-17,198,19.18
2025-10-18,198,16.8
2025-10-21,198,15.13
2025-10-22,198,15.83
2025-10-23,198,13.55
2025-10-24,198,14.77
2025-10-27,198,12.54
2025-10-28,198,14.0
2025-10-29,198,17.46
2025-10-30,198,14.29
2025-10-31,198,15.32
2025-11-03,198,18.64
2025-11-04,198,15.98
2025-11-05,198,21.35
2025-11-06,198,21.23
2025-11-07,198,21.84
2025-11-11,198,18.28
2025-11-12,198,19.8
2025-11-13,198,20.8
2025-11-14,198,14.79
2025-11-17,198,19.74
2025-11-18,198,16.58
2025-11-20,198,14.47
2025-11-21,198,17.28
2025-11-24,198,12.94
2025-11-25,198,14.78
2025-11-26,198,15.54
2025-11-27,198,16.39
2025-11-28,198,18.74
2025-12-02,198,13.05
2025-12-04,198,18.51
2025-12-06,198,14.62
2025-12-10,198,21.21
2025-12-12,198,20.79
2025-12-13,198,13.47
2025-12-16,198,14.1
2025-12-18,198,14.81
2025-12-19,198,21.21
2025-12-21,198,15.02
2025-12-22,198,16.35
2025-12-26,198,16.4
2025-12-29,198,18.73
2025-12-30,198,16.35
2025-12-31,198,14.32
2025-01-01,199,18.39
2025-01-02,199,13.28
2025-01-03,199,12.41
2025-01-10,199,17.15
2025-01-11,199,18.76
2025-01-14,199,11.99
2025-01-15,199,14.33
2025-01-16,199,18.99
2025-01-17,199,15.61
2025-01-20,199,15.16
2025-01-22,199,15.68
2025-01-23,199,13.8
2025-01-28,199,12.41
2025-01-29,199,15.88
2025-01-30,199,12.48
2025-01-31,199,18.83
2025-02-01,199,15.04
2025-02-03,199,17.55
2025-02-06,199,10.89
2025-02-07,199,16.64
2025-02-11,199,18.74
2025-02-12,199,14.46
2025-02-18,199,11.19
2025-02-19,199,10.72
2025-02-20,199,16.4
2025-02-21,199,10.97
2025-02-24,199,16.61
2025-02-26,199,11.18
2025-02-28,199,13.31
2025-03-04,199,11.2
2025-03-05,199,13.81
2025-03-07,199,13.89
2025-03-10,199,12.95
2025-03-11,199,11.43
2025-03-12,199,15.53
2025-03-13,199,15.74
2025-03-14,199,12.06
2025-03-17,199,16.11
2025-03-18,199,17.86
2025-03-19,199,14.71
2025-03-21,199,17.27
2025-03-24,199,13.56
2025-03-25,199,12.88
2025-03-26,199,14.28
2025-03-27,199,17.35
2025-03-29,199,15.7
2025-03-31,199,18.99
2025-04-03,199,17.67
2025-04-04,199,16.87
2025-04-07,199,17.41
2025-04-08,199,13.41
2025-04-09,199,12.91
2025-04-10,199,16.44
2025-04-14,199,16.43
2025-04-17,199,14.26
2025-04-18,199,13.64
2025-04-20,199,15.41
2025-04-25,199,11.02
2025-04-27,199,17.2
2025-04-29,199,13.0
2025-05-05,199,18.3
2025-05-06,199,19.44
2025-05-07,199,18.74
2025-05-09,199,14.66
2025-05-10,199,14.83
2025-05-11,199,13.13
2025-05-12,199,15.47
2025-05-14,199,16.01
2025-05-15,199,11.25
2025-05-16,199,11.03
2025-05-18,199,13.64
2025-05-21,199,13.65
2025-05-22,199,11.69
2025-05-23,199,15.79
2025-05-27,199,11.78
2025-05-28,199,12.22
2025-06-01,199,16.51
2025-06-02,199,11.25
2025-06-04,199,14.86
2025-06-05,199,13.4
2025-06-06,199,10.93
2025-06-08,199,13.09
2025-06-11,199,17.18
2025-06-17,199,11.89
2025-06-18,199,15.39
2025-06-19,199,14.67
2025-06-20,199,13.43
2025-06-21,199,16.64
2025-06-23,199,17.5
2025-06-30,199,18.59
2025-07-01,199,16.56
2025-07-02,199,18.95
2025-07-03,199,18.19
2025-07-05,199,18.48
2025-07-06,199,16.8
2025-07-07,199,19.15
2025-07-08,199,11.12
2025-07-09,199,13.39
2025-07-10,199,19.12
2025-07-11,199,18.87
2025-07-13,199,18.77
2025-07-14,199,18.03
2025-07-16,199,16.63
2025-07-17,199,14.6
2025-07-18,199,19.01
2025-07-24,199,15.66
2025-07-25,199,19.09
2025-07-28,199,17.95
2025-07-29,199,13.38
2025-07-30,199,10.5
2025-07-31,199,14.25
2025-08-02,199,11.86
2025-08-04,199,16.09
2025-08-05,199,10.52
2025-08-06,199,17.15
2025-08-07,199,12.15
2025-08-08,199,14.01
2025-08-10,199,17.9
2025-08-12,199,11.72
2025-08-15,199,16.79
2025-08-17,199,11.63
2025-08-19,199,18.19
2025-08-20,199,17.89
2025-08-21,199,12.27
2025-08-22,199,13.74
2025-08-24,199,13.98
2025-08-26,199,11.75
2025-08-27,199,13.68
2025-08-28,199,17.18
2025-09-02,199,14.99
2025-09-05,199,13.74
2025-09-11,199,18.89
2025-09-12,199,19.3
2025-09-14,199,13.1
2025-09-16,199,15.88
2025-09-18,199,16.47
2025-09-19,199,16.17
2025-09-21,199,13.15
2025-09-22,199,17.63
2025-09-23,199,14.34
2025-09-24,199,14.14
2025-09-25,199,16.46
2025-09-29,199,15.56
2025-09-30,199,13.7
2025-10-03,199,11.33
2025-10-04,199,11.8
2025-10-08,199,16.62
2025-10-09,199,11.74
2025-10-13,199,16.31
2025-10-14,199,12.76
2025-10-16,199,18.64
2025-10-17,199,14.27
2025-10-20,199,18.81
2025-10-21,199,15.34
2025-10-22,199,16.1
2025-10-23,199,11.26
2025-10-24,199,16.78
2025-10-25,199,10.99
2025-10-26,199,10.51
2025-10-27,199,18.3
2025-10-28,199,18.81
2025-10-29,199,19.35
2025-11-02,199,19.06
2025-11-06,199,18.33
2025-11-07,199,16.38
2025-11-10,199,17.1
2025-11-12,199,11.46
2025-11-13,199,17.11
2025-11-14,199,17.44
2025-11-18,199,16.48
2025-11-19,199,12.77
2025-11-20,199,18.11
2025-11-21,199,17.52
2025-11-25,199,19.45
2025-11-26,199,11.75
2025-11-28,199,11.05
2025-11-30,199,18.24
2025-12-01,199,15.31
2025-12-02,199,16.17
2025-12-03,199,13.76
2025-12-12,199,16.63
2025-12-16,199,16.54
2025-12-24,199,16.49
2025-12-26,199,18.0
2025-12-30,199,11.04
2025-12-31,199,17.51
2025-01-01,200,8.09
2025-01-02,200,8.58
2025-01-05,200,7.38
2025-01-08,200,11.27
2025-01-09,200,7.83
2025-01-10,200,12.04
2025-01-13,200,11.07
2025-01-14,200,12.02
2025-01-15,200,7.6
2025-01-16,200,9.51
2025-01-17,200,11.04
2025-01-19,200,8.64
2025-01-20,200,9.72
2025-01-21,200,11.17
2025-01-22,200,8.12
2025-01-27,200,9.35
2025-01-28,200,12.45
2025-02-04,200,12.07
2025-02-05,200,10.12
2025-02-06,200,12.11
2025-02-07,200,8.26
2025-02-09,200,8.19
2025-02-10,200,12.33
2025-02-11,200,8.03
2025-02-12,200,10.77
2025-02-24,200,12.27
2025-02-25,200,10.34
2025-02-26,200,12.62
2025-02-27,200,9.53
2025-02-28,200,10.27
2025-03-03,200,12.0
2025-03-04,200,10.82
2025-03-07,200,7.63
2025-03-08,200,10.41
2025-03-09,200,9.39
2025-03-11,200,10.9
2025-03-12,200,12.16
2025-03-14,200,8.75
2025-03-16,200,11.81
2025-03-17,200,11.98
2025-03-18,200,8.3
2025-03-21,200,7.29
2025-03-23,200,7.96
2025-03-24,200,7.82
2025-03-26,200,12.16
2025-03-27,200,7.94
2025-03-28,200,12.17
2025-04-01,200,10.0
2025-04-02,200,8.79
2025-04-03,200,12.48
2025-04-08,200,11.66
2025-04-09,200,8.67
2025-04-10,200,10.31
2025-04-11,200,9.74
2025-04-12,200,8.9
2025-04-14,200,11.94
2025-04-15,200,12.26
2025-04-16,200,9.17
2025-04-17,200,9.77
2025-04-20,200,12.55
2025-04-21,200,8.33
2025-04-23,200,8.04
2025-04-25,200,8.18
2025-04-28,200,9.61
2025-04-29,200,10.97
2025-04-30,200,8.11
2025-05-03,200,7.34
2025-05-07,200,9.93
2025-05-08,200,11.05
2025-05-09,200,8.58
2025-05-13,200,11.84
2025-05-15,200,12.47
2025-05-17,200,8.85
2025-05-20,200,10.34
2025-05-21,200,10.91
2025-05-22,200,9.84
2025-05-23,200,9.45
2025-05-28,200,7.0
2025-06-02,200,8.61
2025-06-05,200,11.74
2025-06-06,200,12.15
2025-06-07,200,9.97
2025-06-13,200,11.43
2025-06-14,200,11.76
2025-06-16,200,8.26
2025-06-17,200,8.44
2025-06-18,200,9.33
2025-06-19,200,10.73
2025-06-20,200,7.75
2025-06-25,200,7.12
2025-06-27,200,12.66
2025-07-01,200,9.58
2025-07-02,200,11.37
2025-07-03,200,10.77
2025-07-04,200,11.43
2025-07-06,200,7.61
2025-07-07,200,7.21
2025-07-08,200,8.95
2025-07-10,200,7.64
2025-07-11,200,7.62
2025-07-18,200,8.37
2025-07-19,200,8.84
2025-07-21,200,8.14
2025-07-22,200,7.11
2025-07-25,200,8.14
2025-07-28,200,7.32
2025-07-30,200,10.23
2025-07-31,200,10.15
2025-08-05,200,8.03
2025-08-06,200,8.75
2025-08-08,200,8.64
2025-08-11,200,10.11
2025-08-12,200,8.69
2025-08-15,200,10.62
2025-08-18,200,10.97
2025-08-20,200,7.44
2025-08-23,200,11.6
2025-08-24,200,12.04
2025-08-25,200,8.75
2025-08-27,200,10.23
2025-08-28,200,8.44
2025-09-01,200,11.62
2025-09-02,200,8.87
2025-09-04,200,9.54
2025-09-05,200,8.79
2025-09-06,200,12.43
2025-09-09,200,10.77
2025-09-12,200,11.9
2025-09-15,200,11.6
2025-09-16,200,10.23
2025-09-17,200,11.71
2025-09-18,200,9.15
2025-09-22,200,11.44
2025-09-24,200,7.82
2025-09-25,200,11.06
2025-09-29,200,7.94
2025-09-30,200,11.97
2025-10-04,200,7.65
2025-10-05,200,10.83
2025-10-06,200,7.09
2025-10-08,200,7.03
2025-10-09,200,8.28
2025-10-10,200,12.63
2025-10-14,200,7.6
2025-10-16,200,11.4
2025-10-17,200,9.85
2025-10-19,200,11.03
2025-10-21,200,9.15
2025-10-22,200,8.42
2025-10-23,200,11.9
2025-10-26,200,7.8
2025-10-27,200,11.47
2025-10-28,200,7.89
2025-10-29,200,7.14
2025-10-30,200,8.91
2025-10-31,200,9.17
2025-11-02,200,10.75
2025-11-04,200,7.3
2025-11-07,200,9.57
2025-11-10,200,12.34
2025-11-11,200,10.65
2025-11-12,200,10.08
2025-11-13,200,11.44
2025-11-14,200,12.63
2025-11-19,200,7.33
2025-11-20,200,9.15
2025-11-21,200,8.3
2025-11-25,200,9.09
2025-11-26,200,7.23
2025-11-28,200,9.08
2025-12-01,200,8.89
2025-12-02,200,8.72
2025-12-04,200,9.84
2025-12-06,200,12.15
2025-12-08,200,8.11
2025-12-09,200,7.48
2025-12-10,200,9.02
2025-12-12,200,10.84
2025-12-14,200,10.22
2025-12-16,200,7.12
2025-12-22,200,11.81
2025-12-25,200,7.74
2025-12-28,200,7.61
2025-12-29,200,11.32
2025-12-30,200,12.64
